-- phpMyAdmin SQL Dump
-- version 4.4.14
-- http://www.phpmyadmin.net
--
-- Host: 127.0.0.1
-- Generation Time: Jul 22, 2019 at 11:45 AM
-- Server version: 5.6.26
-- PHP Version: 5.6.12

SET SQL_MODE = "NO_AUTO_VALUE_ON_ZERO";
SET time_zone = "+00:00";


/*!40101 SET @OLD_CHARACTER_SET_CLIENT=@@CHARACTER_SET_CLIENT */;
/*!40101 SET @OLD_CHARACTER_SET_RESULTS=@@CHARACTER_SET_RESULTS */;
/*!40101 SET @OLD_COLLATION_CONNECTION=@@COLLATION_CONNECTION */;
/*!40101 SET NAMES utf8mb4 */;

--
-- Database: `jkiti`
--

-- --------------------------------------------------------

--
-- Table structure for table `companies`
--

CREATE TABLE IF NOT EXISTS `companies` (
  `id` int(10) NOT NULL,
  `name` varchar(255) NOT NULL,
  `state_id` int(10) NOT NULL,
  `financial_year_begins_from` date NOT NULL,
  `financial_year_valid_to` date NOT NULL,
  `books_beginning_from` date NOT NULL,
  `address` text NOT NULL,
  `phone_no` varchar(20) NOT NULL,
  `mobile` varchar(10) NOT NULL,
  `fax_no` varchar(20) NOT NULL,
  `email` varchar(255) NOT NULL,
  `gstin` varchar(20) NOT NULL,
  `pan` varchar(20) NOT NULL,
  `bank_name` varchar(100) NOT NULL,
  `bank_branch` varchar(50) NOT NULL,
  `bank_address` varchar(255) NOT NULL,
  `account_number` varchar(15) NOT NULL,
  `ifsc` varchar(15) NOT NULL,
  `logo` varchar(255) NOT NULL
) ENGINE=InnoDB AUTO_INCREMENT=2 DEFAULT CHARSET=latin1;

--
-- Dumping data for table `companies`
--

INSERT INTO `companies` (`id`, `name`, `state_id`, `financial_year_begins_from`, `financial_year_valid_to`, `books_beginning_from`, `address`, `phone_no`, `mobile`, `fax_no`, `email`, `gstin`, `pan`, `bank_name`, `bank_branch`, `bank_address`, `account_number`, `ifsc`, `logo`) VALUES
(1, 'J.K. INSTITUTE OF TECHNOLOGY', 46, '2019-03-01', '2020-03-31', '0000-00-00', 'Kailash Nagar, NIMBAHERA, Dist. Chittorgarh (Raj.)', '', '', '', '', '', '', '', '', '', '', '', '');

-- --------------------------------------------------------

--
-- Table structure for table `departments`
--

CREATE TABLE IF NOT EXISTS `departments` (
  `id` int(10) NOT NULL,
  `name` varchar(100) NOT NULL,
  `is_deleted` tinyint(4) NOT NULL
) ENGINE=InnoDB AUTO_INCREMENT=18 DEFAULT CHARSET=latin1;

--
-- Dumping data for table `departments`
--

INSERT INTO `departments` (`id`, `name`, `is_deleted`) VALUES
(1, 'Admin', 0),
(2, 'MMV', 0),
(3, 'ADM. OFFICE', 0),
(4, 'ICTSM', 0),
(5, 'ELECTRICIAN1', 0),
(6, 'ELECTRONICS MECHANIC', 0),
(7, 'RAC', 0),
(8, 'LIBRARY', 0),
(9, 'FITTER1', 0),
(10, 'WELDER', 0),
(11, 'AOCP', 0),
(12, 'COPA', 0),
(13, 'DM', 0),
(14, 'MAIN STORE', 0),
(15, 'Electrician2', 0),
(16, 'Electrician3', 0),
(17, 'FITTER2', 0);

-- --------------------------------------------------------

--
-- Table structure for table `employees`
--

CREATE TABLE IF NOT EXISTS `employees` (
  `id` int(20) NOT NULL,
  `name` varchar(100) NOT NULL,
  `username` varchar(100) NOT NULL,
  `password` varchar(100) NOT NULL,
  `email` varchar(50) NOT NULL,
  `mobile_no` varchar(15) NOT NULL,
  `department_id` int(10) NOT NULL,
  `signature` varchar(50) NOT NULL,
  `address` varchar(300) NOT NULL,
  `role_id` int(20) NOT NULL,
  `created_on` timestamp NOT NULL DEFAULT CURRENT_TIMESTAMP ON UPDATE CURRENT_TIMESTAMP,
  `created_by` tinyint(4) NOT NULL,
  `edited_on` timestamp NOT NULL DEFAULT '0000-00-00 00:00:00',
  `edited_by` tinyint(4) NOT NULL,
  `forgot_code` int(10) NOT NULL,
  `is_deleted` tinyint(4) NOT NULL
) ENGINE=InnoDB AUTO_INCREMENT=17 DEFAULT CHARSET=latin1;

--
-- Dumping data for table `employees`
--

INSERT INTO `employees` (`id`, `name`, `username`, `password`, `email`, `mobile_no`, `department_id`, `signature`, `address`, `role_id`, `created_on`, `created_by`, `edited_on`, `edited_by`, `forgot_code`, `is_deleted`) VALUES
(4, 'Super Admin', 'admin', '$2y$10$rg61cBlo66vJL.MdAGhokuGiyDaLF9BN34gyy38..aPZRvl39.jSG', 'admin@jkit.com', '9664100138', 1, '', 'Nimbahera', 5, '2019-06-10 08:59:59', 1, '0000-00-00 00:00:00', 0, 0, 0),
(5, 'Employee MMV', 'MMV1', '$2y$10$BepYfV3018hYKjP7gPo6GOSLITzL/HtKT3KfMOs93.IIhn0yfWwbS', 'employeemmv@mail.com', '09898989898', 2, '', 'JKITI', 6, '2019-07-19 12:11:53', 4, '0000-00-00 00:00:00', 4, 0, 1),
(6, 'Employee Welder', 'Welder', '$2y$10$lIWdlQECpFIHPR3BBk3SXucRjoYEtCADRVUh8rY2hdwz5gra6D/qu', 'jkiti@mail.com', '8838383833', 10, '', 'JKITI\r\n', 6, '2019-06-11 07:21:45', 4, '0000-00-00 00:00:00', 4, 0, 0),
(7, 'Employee AOCP', 'EMPAOCP', '$2y$10$SS27bXXP6JrQmLfEbqzuV.ctDOotlc1N6MSErjDGbbG1wLWxT24I6', 'mail@mail.com', '1234567452', 11, '', 'JKITI\r\n', 6, '2019-06-11 07:22:46', 4, '0000-00-00 00:00:00', 4, 0, 0),
(8, 'DM Employee', 'EMPDM', '$2y$10$7mupa/shr2e2tZxD5OrleOensw./7MyoSRq7T6OAqjrzsfFreLFB2', 'mail1@mail.com', '3456774245', 13, '', 'Address JKITI', 6, '2019-06-11 07:22:58', 4, '0000-00-00 00:00:00', 4, 0, 0),
(9, 'ICTSM', 'EMPICTSM', '$2y$10$QYftlb9PuPkbGi/HaU5q9eT4c6o5jvry.gIoeaAFHiXe0urwBsrfS', 'ictsm@mail.com', '3456456767', 4, '', 'JKITI\r\n', 6, '2019-06-11 07:23:42', 4, '0000-00-00 00:00:00', 4, 0, 0),
(10, 'Electrician1 ', 'Electrician1', '$2y$10$5PqjOqMlFSyMw.aAR04N5eqQXr4iWM52a2.YQqcGd4vrEB0WqoszS', 'Electrician1@mail.com', '8787899988', 5, '', 'JKITI', 6, '2019-06-11 07:24:10', 4, '0000-00-00 00:00:00', 4, 0, 0),
(11, 'Electrician2', 'Electrician2', '$2y$10$wvRiSr7O21qjnQ5/azywm.cI4v2z7MXWmgsr.FohIscnOUwDhHUia', 'Electrician2@mail.com', '8817266377', 15, '', '', 6, '2019-06-11 07:24:24', 4, '0000-00-00 00:00:00', 4, 0, 0),
(12, 'ELECTRICIAN3', 'ELECTRICIAN 3', '$2y$10$mtVLPe7lpScQEwUybkgRtuRQclvF9cDDR8NJMOiyKuG4/75qj/U9O', 'Electrician3@mail.com', '1345679899', 16, '', 'JKITI', 6, '2019-06-11 07:24:49', 4, '0000-00-00 00:00:00', 4, 0, 0),
(13, 'ELECTRONICS-MECH', 'ELECTRONICS-MECH', '$2y$10$C5KKXmnyCeUO6viAcgJelu7aal3FbQP5Ge3w6Nqmbo3c0cOzqH/hO', 'ELECTRONICSMECH@mail.com', '98172553667', 6, '', 'JKITI', 6, '2019-06-11 07:25:22', 4, '0000-00-00 00:00:00', 4, 0, 0),
(14, 'FITTER1', 'FITTER1', '$2y$10$ic4NjmKqPLzE6mw5xlyMw.Ug0/W/agdG.cc.mvlfdbNQ6AVNt2xyu', 'FITTER1@mail.com', '7778887788', 9, '', 'JKITI\r\n', 6, '2019-06-11 07:25:51', 4, '0000-00-00 00:00:00', 4, 0, 0),
(15, 'FITTER2', 'FITTER2', '$2y$10$ww2Pb2WNGFQYDCLvv0lu/.jXodt9PuCwt2gA4I/UG8VwFbhpx4UG.', 'FITTER2@mail.com', '988877788', 17, '', 'JKITI\r\n', 6, '2019-06-11 07:26:07', 4, '0000-00-00 00:00:00', 4, 0, 0),
(16, 'COPA', 'COPA', '$2y$10$QAqMckwWKNYrTf2XoY5IQ.00Hx/jQ0W3guwAg0vnWf.LOoKATM4o6', 'COPA@mail.com', '8887773999', 12, '', 'JKITI\r\n', 6, '2019-06-11 07:28:18', 4, '0000-00-00 00:00:00', 4, 0, 0);

-- --------------------------------------------------------

--
-- Table structure for table `good_receive_notes`
--

CREATE TABLE IF NOT EXISTS `good_receive_notes` (
  `id` int(20) NOT NULL,
  `voucher_no` int(20) NOT NULL,
  `purchase_order_id` int(20) NOT NULL,
  `transaction_date` date NOT NULL,
  `bill_no` varchar(100) NOT NULL,
  `transport` varchar(100) NOT NULL,
  `inspection_by` int(11) NOT NULL,
  `inspection_remark` text NOT NULL,
  `created_on` timestamp NOT NULL DEFAULT CURRENT_TIMESTAMP,
  `created_by` tinyint(4) NOT NULL,
  `edited_on` timestamp NOT NULL DEFAULT '0000-00-00 00:00:00' ON UPDATE CURRENT_TIMESTAMP,
  `edited_by` tinyint(4) NOT NULL,
  `is_deleted` tinyint(1) NOT NULL
) ENGINE=InnoDB AUTO_INCREMENT=1645 DEFAULT CHARSET=latin1;

--
-- Dumping data for table `good_receive_notes`
--

INSERT INTO `good_receive_notes` (`id`, `voucher_no`, `purchase_order_id`, `transaction_date`, `bill_no`, `transport`, `inspection_by`, `inspection_remark`, `created_on`, `created_by`, `edited_on`, `edited_by`, `is_deleted`) VALUES
(2, 1, 2, '2019-05-17', '1', '', 4, 'Pass', '2019-05-17 00:00:00', 4, '0000-00-00 00:00:00', 0, 0),
(3, 1, 3, '2019-05-17', '1', '', 4, 'Pass', '2019-05-17 00:00:00', 4, '0000-00-00 00:00:00', 0, 0),
(4, 1, 4, '2019-05-17', '1', '', 4, 'Pass', '2019-05-17 00:00:00', 4, '0000-00-00 00:00:00', 0, 0),
(5, 1, 5, '2019-05-17', '1', '', 4, 'Pass', '2019-05-17 00:00:00', 4, '0000-00-00 00:00:00', 0, 0),
(6, 1, 6, '2019-05-17', '1', '', 4, 'Pass', '2019-05-17 00:00:00', 4, '0000-00-00 00:00:00', 0, 0),
(7, 1, 7, '2019-05-17', '1', '', 4, 'Pass', '2019-05-17 00:00:00', 4, '0000-00-00 00:00:00', 0, 0),
(8, 1, 8, '2019-05-17', '1', '', 4, 'Pass', '2019-05-17 00:00:00', 4, '0000-00-00 00:00:00', 0, 0),
(9, 1, 9, '2019-05-17', '1', '', 4, 'Pass', '2019-05-17 00:00:00', 4, '0000-00-00 00:00:00', 0, 0),
(10, 1, 10, '2019-05-17', '1', '', 4, 'Pass', '2019-05-17 00:00:00', 4, '0000-00-00 00:00:00', 0, 0),
(11, 1, 11, '2019-05-17', '1', '', 4, 'Pass', '2019-05-17 00:00:00', 4, '0000-00-00 00:00:00', 0, 0),
(12, 1, 12, '2019-05-17', '1', '', 4, 'Pass', '2019-05-17 00:00:00', 4, '0000-00-00 00:00:00', 0, 0),
(13, 1, 13, '2019-05-17', '1', '', 4, 'Pass', '2019-05-17 00:00:00', 4, '0000-00-00 00:00:00', 0, 0),
(14, 1, 14, '2019-05-17', '1', '', 4, 'Pass', '2019-05-17 00:00:00', 4, '0000-00-00 00:00:00', 0, 0),
(15, 1, 15, '2019-05-17', '1', '', 4, 'Pass', '2019-05-17 00:00:00', 4, '0000-00-00 00:00:00', 0, 0),
(16, 1, 16, '2019-05-17', '1', '', 4, 'Pass', '2019-05-17 00:00:00', 4, '0000-00-00 00:00:00', 0, 0),
(17, 1, 17, '2019-05-17', '1', '', 4, 'Pass', '2019-05-17 00:00:00', 4, '0000-00-00 00:00:00', 0, 0),
(18, 1, 18, '2019-05-17', '1', '', 4, 'Pass', '2019-05-17 00:00:00', 4, '0000-00-00 00:00:00', 0, 0),
(19, 1, 19, '2019-05-17', '1', '', 4, 'Pass', '2019-05-17 00:00:00', 4, '0000-00-00 00:00:00', 0, 0),
(20, 1, 20, '2019-05-17', '1', '', 4, 'Pass', '2019-05-17 00:00:00', 4, '0000-00-00 00:00:00', 0, 0),
(21, 1, 21, '2019-05-17', '1', '', 4, 'Pass', '2019-05-17 00:00:00', 4, '0000-00-00 00:00:00', 0, 0),
(22, 1, 22, '2019-05-17', '1', '', 4, 'Pass', '2019-05-17 00:00:00', 4, '0000-00-00 00:00:00', 0, 0),
(23, 1, 23, '2019-05-17', '1', '', 4, 'Pass', '2019-05-17 00:00:00', 4, '0000-00-00 00:00:00', 0, 0),
(24, 1, 24, '2019-05-17', '1', '', 4, 'Pass', '2019-05-17 00:00:00', 4, '0000-00-00 00:00:00', 0, 0),
(25, 1, 25, '2019-05-17', '1', '', 4, 'Pass', '2019-05-17 00:00:00', 4, '0000-00-00 00:00:00', 0, 0),
(26, 1, 26, '2019-05-17', '1', '', 4, 'Pass', '2019-05-17 00:00:00', 4, '0000-00-00 00:00:00', 0, 0),
(27, 1, 27, '2019-05-17', '1', '', 4, 'Pass', '2019-05-17 00:00:00', 4, '0000-00-00 00:00:00', 0, 0),
(28, 1, 28, '2019-05-17', '1', '', 4, 'Pass', '2019-05-17 00:00:00', 4, '0000-00-00 00:00:00', 0, 0),
(29, 1, 29, '2019-05-17', '1', '', 4, 'Pass', '2019-05-17 00:00:00', 4, '0000-00-00 00:00:00', 0, 0),
(30, 1, 30, '2019-05-17', '1', '', 4, 'Pass', '2019-05-17 00:00:00', 4, '0000-00-00 00:00:00', 0, 0),
(31, 1, 31, '2019-05-17', '1', '', 4, 'Pass', '2019-05-17 00:00:00', 4, '0000-00-00 00:00:00', 0, 0),
(32, 1, 32, '2019-05-17', '1', '', 4, 'Pass', '2019-05-17 00:00:00', 4, '0000-00-00 00:00:00', 0, 0),
(33, 1, 33, '2019-05-17', '1', '', 4, 'Pass', '2019-05-17 00:00:00', 4, '0000-00-00 00:00:00', 0, 0),
(34, 1, 34, '2019-05-17', '1', '', 4, 'Pass', '2019-05-17 00:00:00', 4, '0000-00-00 00:00:00', 0, 0),
(35, 1, 35, '2019-05-17', '1', '', 4, 'Pass', '2019-05-17 00:00:00', 4, '0000-00-00 00:00:00', 0, 0),
(36, 1, 36, '2019-05-17', '1', '', 4, 'Pass', '2019-05-17 00:00:00', 4, '0000-00-00 00:00:00', 0, 0),
(37, 1, 37, '2019-05-17', '1', '', 4, 'Pass', '2019-05-17 00:00:00', 4, '0000-00-00 00:00:00', 0, 0),
(38, 1, 38, '2019-05-17', '1', '', 4, 'Pass', '2019-05-17 00:00:00', 4, '0000-00-00 00:00:00', 0, 0),
(39, 1, 39, '2019-05-17', '1', '', 4, 'Pass', '2019-05-17 00:00:00', 4, '0000-00-00 00:00:00', 0, 0),
(40, 1, 40, '2019-05-17', '1', '', 4, 'Pass', '2019-05-17 00:00:00', 4, '0000-00-00 00:00:00', 0, 0),
(41, 1, 41, '2019-05-17', '1', '', 4, 'Pass', '2019-05-17 00:00:00', 4, '0000-00-00 00:00:00', 0, 0),
(42, 1, 42, '2019-05-17', '1', '', 4, 'Pass', '2019-05-17 00:00:00', 4, '0000-00-00 00:00:00', 0, 0),
(43, 1, 43, '2019-05-17', '1', '', 4, 'Pass', '2019-05-17 00:00:00', 4, '0000-00-00 00:00:00', 0, 0),
(44, 1, 44, '2019-05-17', '1', '', 4, 'Pass', '2019-05-17 00:00:00', 4, '0000-00-00 00:00:00', 0, 0),
(45, 1, 45, '2019-05-17', '1', '', 4, 'Pass', '2019-05-17 00:00:00', 4, '0000-00-00 00:00:00', 0, 0),
(46, 1, 46, '2019-05-17', '1', '', 4, 'Pass', '2019-05-17 00:00:00', 4, '0000-00-00 00:00:00', 0, 0),
(47, 1, 47, '2019-05-17', '1', '', 4, 'Pass', '2019-05-17 00:00:00', 4, '0000-00-00 00:00:00', 0, 0),
(48, 1, 48, '2019-05-17', '1', '', 4, 'Pass', '2019-05-17 00:00:00', 4, '0000-00-00 00:00:00', 0, 0),
(49, 1, 49, '2019-05-17', '1', '', 4, 'Pass', '2019-05-17 00:00:00', 4, '0000-00-00 00:00:00', 0, 0),
(50, 1, 50, '2019-05-17', '1', '', 4, 'Pass', '2019-05-17 00:00:00', 4, '0000-00-00 00:00:00', 0, 0),
(51, 1, 51, '2019-05-17', '1', '', 4, 'Pass', '2019-05-17 00:00:00', 4, '0000-00-00 00:00:00', 0, 0),
(52, 1, 52, '2019-05-17', '1', '', 4, 'Pass', '2019-05-17 00:00:00', 4, '0000-00-00 00:00:00', 0, 0),
(53, 1, 53, '2019-05-17', '1', '', 4, 'Pass', '2019-05-17 00:00:00', 4, '0000-00-00 00:00:00', 0, 0),
(54, 1, 54, '2019-05-17', '1', '', 4, 'Pass', '2019-05-17 00:00:00', 4, '0000-00-00 00:00:00', 0, 0),
(55, 1, 55, '2019-05-17', '1', '', 4, 'Pass', '2019-05-17 00:00:00', 4, '0000-00-00 00:00:00', 0, 0),
(56, 1, 56, '2019-05-17', '1', '', 4, 'Pass', '2019-05-17 00:00:00', 4, '0000-00-00 00:00:00', 0, 0),
(57, 1, 57, '2019-05-17', '1', '', 4, 'Pass', '2019-05-17 00:00:00', 4, '0000-00-00 00:00:00', 0, 0),
(58, 1, 58, '2019-05-17', '1', '', 4, 'Pass', '2019-05-17 00:00:00', 4, '0000-00-00 00:00:00', 0, 0),
(59, 1, 59, '2019-05-17', '1', '', 4, 'Pass', '2019-05-17 00:00:00', 4, '0000-00-00 00:00:00', 0, 0),
(60, 1, 60, '2019-05-17', '1', '', 4, 'Pass', '2019-05-17 00:00:00', 4, '0000-00-00 00:00:00', 0, 0),
(61, 1, 61, '2019-05-17', '1', '', 4, 'Pass', '2019-05-17 00:00:00', 4, '0000-00-00 00:00:00', 0, 0),
(62, 1, 62, '2019-05-17', '1', '', 4, 'Pass', '2019-05-17 00:00:00', 4, '0000-00-00 00:00:00', 0, 0),
(63, 1, 63, '2019-05-17', '1', '', 4, 'Pass', '2019-05-17 00:00:00', 4, '0000-00-00 00:00:00', 0, 0),
(64, 1, 64, '2019-05-17', '1', '', 4, 'Pass', '2019-05-17 00:00:00', 4, '0000-00-00 00:00:00', 0, 0),
(65, 1, 65, '2019-05-17', '1', '', 4, 'Pass', '2019-05-17 00:00:00', 4, '0000-00-00 00:00:00', 0, 0),
(66, 1, 66, '2019-05-17', '1', '', 4, 'Pass', '2019-05-17 00:00:00', 4, '0000-00-00 00:00:00', 0, 0),
(67, 1, 67, '2019-05-17', '1', '', 4, 'Pass', '2019-05-17 00:00:00', 4, '0000-00-00 00:00:00', 0, 0),
(68, 1, 68, '2019-05-17', '1', '', 4, 'Pass', '2019-05-17 00:00:00', 4, '0000-00-00 00:00:00', 0, 0),
(69, 1, 69, '2019-05-17', '1', '', 4, 'Pass', '2019-05-17 00:00:00', 4, '0000-00-00 00:00:00', 0, 0),
(70, 1, 70, '2019-05-17', '1', '', 4, 'Pass', '2019-05-17 00:00:00', 4, '0000-00-00 00:00:00', 0, 0),
(71, 1, 71, '2019-05-17', '1', '', 4, 'Pass', '2019-05-17 00:00:00', 4, '0000-00-00 00:00:00', 0, 0),
(72, 1, 72, '2019-05-17', '1', '', 4, 'Pass', '2019-05-17 00:00:00', 4, '0000-00-00 00:00:00', 0, 0),
(73, 1, 73, '2019-05-17', '1', '', 4, 'Pass', '2019-05-17 00:00:00', 4, '0000-00-00 00:00:00', 0, 0),
(74, 1, 74, '2019-05-17', '1', '', 4, 'Pass', '2019-05-17 00:00:00', 4, '0000-00-00 00:00:00', 0, 0),
(75, 1, 75, '2019-05-17', '1', '', 4, 'Pass', '2019-05-17 00:00:00', 4, '0000-00-00 00:00:00', 0, 0),
(76, 1, 76, '2019-05-17', '1', '', 4, 'Pass', '2019-05-17 00:00:00', 4, '0000-00-00 00:00:00', 0, 0),
(77, 1, 77, '2019-05-17', '1', '', 4, 'Pass', '2019-05-17 00:00:00', 4, '0000-00-00 00:00:00', 0, 0),
(78, 1, 78, '2019-05-17', '1', '', 4, 'Pass', '2019-05-17 00:00:00', 4, '0000-00-00 00:00:00', 0, 0),
(79, 1, 79, '2019-05-17', '1', '', 4, 'Pass', '2019-05-17 00:00:00', 4, '0000-00-00 00:00:00', 0, 0),
(80, 1, 80, '2019-05-17', '1', '', 4, 'Pass', '2019-05-17 00:00:00', 4, '0000-00-00 00:00:00', 0, 0),
(81, 1, 81, '2019-05-17', '1', '', 4, 'Pass', '2019-05-17 00:00:00', 4, '0000-00-00 00:00:00', 0, 0),
(82, 1, 82, '2019-05-17', '1', '', 4, 'Pass', '2019-05-17 00:00:00', 4, '0000-00-00 00:00:00', 0, 0),
(83, 1, 83, '2019-05-17', '1', '', 4, 'Pass', '2019-05-17 00:00:00', 4, '0000-00-00 00:00:00', 0, 0),
(84, 1, 84, '2019-05-17', '1', '', 4, 'Pass', '2019-05-17 00:00:00', 4, '0000-00-00 00:00:00', 0, 0),
(85, 1, 85, '2019-05-17', '1', '', 4, 'Pass', '2019-05-17 00:00:00', 4, '0000-00-00 00:00:00', 0, 0),
(86, 1, 86, '2019-05-17', '1', '', 4, 'Pass', '2019-05-17 00:00:00', 4, '0000-00-00 00:00:00', 0, 0),
(87, 1, 87, '2019-05-17', '1', '', 4, 'Pass', '2019-05-17 00:00:00', 4, '0000-00-00 00:00:00', 0, 0),
(88, 1, 88, '2019-05-17', '1', '', 4, 'Pass', '2019-05-17 00:00:00', 4, '0000-00-00 00:00:00', 0, 0),
(89, 1, 89, '2019-05-17', '1', '', 4, 'Pass', '2019-05-17 00:00:00', 4, '0000-00-00 00:00:00', 0, 0),
(90, 1, 90, '2019-05-17', '1', '', 4, 'Pass', '2019-05-17 00:00:00', 4, '0000-00-00 00:00:00', 0, 0),
(91, 1, 91, '2019-05-17', '1', '', 4, 'Pass', '2019-05-17 00:00:00', 4, '0000-00-00 00:00:00', 0, 0),
(92, 1, 92, '2019-05-17', '1', '', 4, 'Pass', '2019-05-17 00:00:00', 4, '0000-00-00 00:00:00', 0, 0),
(93, 1, 93, '2019-05-17', '1', '', 4, 'Pass', '2019-05-17 00:00:00', 4, '0000-00-00 00:00:00', 0, 0),
(94, 1, 94, '2019-05-17', '1', '', 4, 'Pass', '2019-05-17 00:00:00', 4, '0000-00-00 00:00:00', 0, 0),
(95, 1, 95, '2019-05-17', '1', '', 4, 'Pass', '2019-05-17 00:00:00', 4, '0000-00-00 00:00:00', 0, 0),
(96, 1, 96, '2019-05-17', '1', '', 4, 'Pass', '2019-05-17 00:00:00', 4, '0000-00-00 00:00:00', 0, 0),
(97, 1, 97, '2019-05-17', '1', '', 4, 'Pass', '2019-05-17 00:00:00', 4, '0000-00-00 00:00:00', 0, 0),
(98, 1, 98, '2019-05-17', '1', '', 4, 'Pass', '2019-05-17 00:00:00', 4, '0000-00-00 00:00:00', 0, 0),
(99, 1, 99, '2019-05-17', '1', '', 4, 'Pass', '2019-05-17 00:00:00', 4, '0000-00-00 00:00:00', 0, 0),
(100, 1, 100, '2019-05-17', '1', '', 4, 'Pass', '2019-05-17 00:00:00', 4, '0000-00-00 00:00:00', 0, 0),
(101, 1, 101, '2019-05-17', '1', '', 4, 'Pass', '2019-05-17 00:00:00', 4, '0000-00-00 00:00:00', 0, 0),
(102, 1, 102, '2019-05-17', '1', '', 4, 'Pass', '2019-05-17 00:00:00', 4, '0000-00-00 00:00:00', 0, 0),
(103, 1, 103, '2019-05-17', '1', '', 4, 'Pass', '2019-05-17 00:00:00', 4, '0000-00-00 00:00:00', 0, 0),
(104, 1, 104, '2019-05-17', '1', '', 4, 'Pass', '2019-05-17 00:00:00', 4, '0000-00-00 00:00:00', 0, 0),
(105, 1, 105, '2019-05-17', '1', '', 4, 'Pass', '2019-05-17 00:00:00', 4, '0000-00-00 00:00:00', 0, 0),
(106, 1, 106, '2019-05-17', '1', '', 4, 'Pass', '2019-05-17 00:00:00', 4, '0000-00-00 00:00:00', 0, 0),
(107, 1, 107, '2019-05-17', '1', '', 4, 'Pass', '2019-05-17 00:00:00', 4, '0000-00-00 00:00:00', 0, 0),
(108, 1, 108, '2019-05-17', '1', '', 4, 'Pass', '2019-05-17 00:00:00', 4, '0000-00-00 00:00:00', 0, 0),
(109, 1, 109, '2019-05-17', '1', '', 4, 'Pass', '2019-05-17 00:00:00', 4, '0000-00-00 00:00:00', 0, 0),
(110, 1, 110, '2019-05-17', '1', '', 4, 'Pass', '2019-05-17 00:00:00', 4, '0000-00-00 00:00:00', 0, 0),
(111, 1, 111, '2019-05-17', '1', '', 4, 'Pass', '2019-05-17 00:00:00', 4, '0000-00-00 00:00:00', 0, 0),
(112, 1, 112, '2019-05-17', '1', '', 4, 'Pass', '2019-05-17 00:00:00', 4, '0000-00-00 00:00:00', 0, 0),
(113, 1, 113, '2019-05-17', '1', '', 4, 'Pass', '2019-05-17 00:00:00', 4, '0000-00-00 00:00:00', 0, 0),
(114, 1, 114, '2019-05-17', '1', '', 4, 'Pass', '2019-05-17 00:00:00', 4, '0000-00-00 00:00:00', 0, 0),
(115, 1, 115, '2019-05-17', '1', '', 4, 'Pass', '2019-05-17 00:00:00', 4, '0000-00-00 00:00:00', 0, 0),
(116, 1, 116, '2019-05-17', '1', '', 4, 'Pass', '2019-05-17 00:00:00', 4, '0000-00-00 00:00:00', 0, 0),
(117, 1, 117, '2019-05-17', '1', '', 4, 'Pass', '2019-05-17 00:00:00', 4, '0000-00-00 00:00:00', 0, 0),
(118, 1, 118, '2019-05-17', '1', '', 4, 'Pass', '2019-05-17 00:00:00', 4, '0000-00-00 00:00:00', 0, 0),
(119, 1, 119, '2019-05-17', '1', '', 4, 'Pass', '2019-05-17 00:00:00', 4, '0000-00-00 00:00:00', 0, 0),
(120, 1, 120, '2019-05-17', '1', '', 4, 'Pass', '2019-05-17 00:00:00', 4, '0000-00-00 00:00:00', 0, 0),
(121, 1, 121, '2019-05-17', '1', '', 4, 'Pass', '2019-05-17 00:00:00', 4, '0000-00-00 00:00:00', 0, 0),
(122, 1, 122, '2019-05-17', '1', '', 4, 'Pass', '2019-05-17 00:00:00', 4, '0000-00-00 00:00:00', 0, 0),
(123, 1, 123, '2019-05-17', '1', '', 4, 'Pass', '2019-05-17 00:00:00', 4, '0000-00-00 00:00:00', 0, 0),
(124, 1, 124, '2019-05-17', '1', '', 4, 'Pass', '2019-05-17 00:00:00', 4, '0000-00-00 00:00:00', 0, 0),
(125, 1, 125, '2019-05-17', '1', '', 4, 'Pass', '2019-05-17 00:00:00', 4, '0000-00-00 00:00:00', 0, 0),
(126, 1, 126, '2019-05-17', '1', '', 4, 'Pass', '2019-05-17 00:00:00', 4, '0000-00-00 00:00:00', 0, 0),
(127, 1, 127, '2019-05-17', '1', '', 4, 'Pass', '2019-05-17 00:00:00', 4, '0000-00-00 00:00:00', 0, 0),
(128, 1, 128, '2019-05-17', '1', '', 4, 'Pass', '2019-05-17 00:00:00', 4, '0000-00-00 00:00:00', 0, 0),
(129, 1, 129, '2019-05-17', '1', '', 4, 'Pass', '2019-05-17 00:00:00', 4, '0000-00-00 00:00:00', 0, 0),
(130, 1, 130, '2019-05-17', '1', '', 4, 'Pass', '2019-05-17 00:00:00', 4, '0000-00-00 00:00:00', 0, 0),
(131, 1, 131, '2019-05-17', '1', '', 4, 'Pass', '2019-05-17 00:00:00', 4, '0000-00-00 00:00:00', 0, 0),
(132, 1, 132, '2019-05-17', '1', '', 4, 'Pass', '2019-05-17 00:00:00', 4, '0000-00-00 00:00:00', 0, 0),
(133, 1, 133, '2019-05-17', '1', '', 4, 'Pass', '2019-05-17 00:00:00', 4, '0000-00-00 00:00:00', 0, 0),
(134, 1, 134, '2019-05-17', '1', '', 4, 'Pass', '2019-05-17 00:00:00', 4, '0000-00-00 00:00:00', 0, 0),
(135, 1, 135, '2019-05-17', '1', '', 4, 'Pass', '2019-05-17 00:00:00', 4, '0000-00-00 00:00:00', 0, 0),
(136, 1, 136, '2019-05-17', '1', '', 4, 'Pass', '2019-05-17 00:00:00', 4, '0000-00-00 00:00:00', 0, 0),
(137, 1, 137, '2019-05-17', '1', '', 4, 'Pass', '2019-05-17 00:00:00', 4, '0000-00-00 00:00:00', 0, 0),
(138, 1, 138, '2019-05-17', '1', '', 4, 'Pass', '2019-05-17 00:00:00', 4, '0000-00-00 00:00:00', 0, 0),
(139, 1, 139, '2019-05-17', '1', '', 4, 'Pass', '2019-05-17 00:00:00', 4, '0000-00-00 00:00:00', 0, 0),
(140, 1, 140, '2019-05-17', '1', '', 4, 'Pass', '2019-05-17 00:00:00', 4, '0000-00-00 00:00:00', 0, 0),
(141, 1, 141, '2019-05-17', '1', '', 4, 'Pass', '2019-05-17 00:00:00', 4, '0000-00-00 00:00:00', 0, 0),
(142, 1, 142, '2019-05-17', '1', '', 4, 'Pass', '2019-05-17 00:00:00', 4, '0000-00-00 00:00:00', 0, 0),
(143, 1, 143, '2019-05-17', '1', '', 4, 'Pass', '2019-05-17 00:00:00', 4, '0000-00-00 00:00:00', 0, 0),
(144, 1, 144, '2019-05-17', '1', '', 4, 'Pass', '2019-05-17 00:00:00', 4, '0000-00-00 00:00:00', 0, 0),
(145, 1, 145, '2019-05-17', '1', '', 4, 'Pass', '2019-05-17 00:00:00', 4, '0000-00-00 00:00:00', 0, 0),
(146, 1, 146, '2019-05-17', '1', '', 4, 'Pass', '2019-05-17 00:00:00', 4, '0000-00-00 00:00:00', 0, 0),
(147, 1, 147, '2019-05-17', '1', '', 4, 'Pass', '2019-05-17 00:00:00', 4, '0000-00-00 00:00:00', 0, 0),
(148, 1, 148, '2019-05-17', '1', '', 4, 'Pass', '2019-05-17 00:00:00', 4, '0000-00-00 00:00:00', 0, 0),
(149, 1, 149, '2019-05-17', '1', '', 4, 'Pass', '2019-05-17 00:00:00', 4, '0000-00-00 00:00:00', 0, 0),
(150, 1, 150, '2019-05-17', '1', '', 4, 'Pass', '2019-05-17 00:00:00', 4, '0000-00-00 00:00:00', 0, 0),
(151, 1, 151, '2019-05-17', '1', '', 4, 'Pass', '2019-05-17 00:00:00', 4, '0000-00-00 00:00:00', 0, 0),
(152, 1, 152, '2019-05-17', '1', '', 4, 'Pass', '2019-05-17 00:00:00', 4, '0000-00-00 00:00:00', 0, 0),
(153, 1, 153, '2019-05-17', '1', '', 4, 'Pass', '2019-05-17 00:00:00', 4, '0000-00-00 00:00:00', 0, 0),
(154, 1, 154, '2019-05-17', '1', '', 4, 'Pass', '2019-05-17 00:00:00', 4, '0000-00-00 00:00:00', 0, 0),
(155, 1, 155, '2019-05-17', '1', '', 4, 'Pass', '2019-05-17 00:00:00', 4, '0000-00-00 00:00:00', 0, 0),
(156, 1, 156, '2019-05-17', '1', '', 4, 'Pass', '2019-05-17 00:00:00', 4, '0000-00-00 00:00:00', 0, 0),
(157, 1, 157, '2019-05-17', '1', '', 4, 'Pass', '2019-05-17 00:00:00', 4, '0000-00-00 00:00:00', 0, 0),
(158, 1, 158, '2019-05-17', '1', '', 4, 'Pass', '2019-05-17 00:00:00', 4, '0000-00-00 00:00:00', 0, 0),
(159, 1, 159, '2019-05-17', '1', '', 4, 'Pass', '2019-05-17 00:00:00', 4, '0000-00-00 00:00:00', 0, 0),
(160, 1, 160, '2019-05-17', '1', '', 4, 'Pass', '2019-05-17 00:00:00', 4, '0000-00-00 00:00:00', 0, 0),
(161, 1, 161, '2019-05-17', '1', '', 4, 'Pass', '2019-05-17 00:00:00', 4, '0000-00-00 00:00:00', 0, 0),
(162, 1, 162, '2019-05-17', '1', '', 4, 'Pass', '2019-05-17 00:00:00', 4, '0000-00-00 00:00:00', 0, 0),
(163, 1, 163, '2019-05-17', '1', '', 4, 'Pass', '2019-05-17 00:00:00', 4, '0000-00-00 00:00:00', 0, 0),
(164, 1, 164, '2019-05-17', '1', '', 4, 'Pass', '2019-05-17 00:00:00', 4, '0000-00-00 00:00:00', 0, 0),
(165, 1, 165, '2019-05-17', '1', '', 4, 'Pass', '2019-05-17 00:00:00', 4, '0000-00-00 00:00:00', 0, 0),
(166, 1, 166, '2019-05-17', '1', '', 4, 'Pass', '2019-05-17 00:00:00', 4, '0000-00-00 00:00:00', 0, 0),
(167, 1, 167, '2019-05-17', '1', '', 4, 'Pass', '2019-05-17 00:00:00', 4, '0000-00-00 00:00:00', 0, 0),
(168, 1, 168, '2019-05-17', '1', '', 4, 'Pass', '2019-05-17 00:00:00', 4, '0000-00-00 00:00:00', 0, 0),
(169, 1, 169, '2019-05-17', '1', '', 4, 'Pass', '2019-05-17 00:00:00', 4, '0000-00-00 00:00:00', 0, 0),
(170, 1, 170, '2019-05-17', '1', '', 4, 'Pass', '2019-05-17 00:00:00', 4, '0000-00-00 00:00:00', 0, 0),
(171, 1, 171, '2019-05-17', '1', '', 4, 'Pass', '2019-05-17 00:00:00', 4, '0000-00-00 00:00:00', 0, 0),
(172, 1, 172, '2019-05-17', '1', '', 4, 'Pass', '2019-05-17 00:00:00', 4, '0000-00-00 00:00:00', 0, 0),
(173, 1, 173, '2019-05-17', '1', '', 4, 'Pass', '2019-05-17 00:00:00', 4, '0000-00-00 00:00:00', 0, 0),
(174, 1, 174, '2019-05-17', '1', '', 4, 'Pass', '2019-05-17 00:00:00', 4, '0000-00-00 00:00:00', 0, 0),
(175, 1, 175, '2019-05-17', '1', '', 4, 'Pass', '2019-05-17 00:00:00', 4, '0000-00-00 00:00:00', 0, 0),
(176, 1, 176, '2019-05-17', '1', '', 4, 'Pass', '2019-05-17 00:00:00', 4, '0000-00-00 00:00:00', 0, 0),
(177, 1, 177, '2019-05-17', '1', '', 4, 'Pass', '2019-05-17 00:00:00', 4, '0000-00-00 00:00:00', 0, 0),
(178, 1, 178, '2019-05-17', '1', '', 4, 'Pass', '2019-05-17 00:00:00', 4, '0000-00-00 00:00:00', 0, 0),
(179, 1, 179, '2019-05-17', '1', '', 4, 'Pass', '2019-05-17 00:00:00', 4, '0000-00-00 00:00:00', 0, 0),
(180, 1, 180, '2019-05-17', '1', '', 4, 'Pass', '2019-05-17 00:00:00', 4, '0000-00-00 00:00:00', 0, 0),
(181, 1, 181, '2019-05-17', '1', '', 4, 'Pass', '2019-05-17 00:00:00', 4, '0000-00-00 00:00:00', 0, 0),
(182, 1, 182, '2019-05-17', '1', '', 4, 'Pass', '2019-05-17 00:00:00', 4, '0000-00-00 00:00:00', 0, 0),
(183, 1, 183, '2019-05-17', '1', '', 4, 'Pass', '2019-05-17 00:00:00', 4, '0000-00-00 00:00:00', 0, 0),
(184, 1, 184, '2019-05-17', '1', '', 4, 'Pass', '2019-05-17 00:00:00', 4, '0000-00-00 00:00:00', 0, 0),
(185, 1, 185, '2019-05-17', '1', '', 4, 'Pass', '2019-05-17 00:00:00', 4, '0000-00-00 00:00:00', 0, 0),
(186, 1, 186, '2019-05-17', '1', '', 4, 'Pass', '2019-05-17 00:00:00', 4, '0000-00-00 00:00:00', 0, 0),
(187, 1, 187, '2019-05-17', '1', '', 4, 'Pass', '2019-05-17 00:00:00', 4, '0000-00-00 00:00:00', 0, 0),
(188, 1, 188, '2019-05-17', '1', '', 4, 'Pass', '2019-05-17 00:00:00', 4, '0000-00-00 00:00:00', 0, 0),
(189, 1, 189, '2019-05-17', '1', '', 4, 'Pass', '2019-05-17 00:00:00', 4, '0000-00-00 00:00:00', 0, 0),
(190, 1, 190, '2019-05-17', '1', '', 4, 'Pass', '2019-05-17 00:00:00', 4, '0000-00-00 00:00:00', 0, 0),
(191, 1, 191, '2019-05-17', '1', '', 4, 'Pass', '2019-05-17 00:00:00', 4, '0000-00-00 00:00:00', 0, 0),
(192, 1, 192, '2019-05-17', '1', '', 4, 'Pass', '2019-05-17 00:00:00', 4, '0000-00-00 00:00:00', 0, 0),
(193, 1, 193, '2019-05-17', '1', '', 4, 'Pass', '2019-05-17 00:00:00', 4, '0000-00-00 00:00:00', 0, 0),
(194, 1, 194, '2019-05-17', '1', '', 4, 'Pass', '2019-05-17 00:00:00', 4, '0000-00-00 00:00:00', 0, 0),
(195, 1, 195, '2019-05-17', '1', '', 4, 'Pass', '2019-05-17 00:00:00', 4, '0000-00-00 00:00:00', 0, 0),
(196, 1, 196, '2019-05-17', '1', '', 4, 'Pass', '2019-05-17 00:00:00', 4, '0000-00-00 00:00:00', 0, 0),
(197, 1, 197, '2019-05-17', '1', '', 4, 'Pass', '2019-05-17 00:00:00', 4, '0000-00-00 00:00:00', 0, 0),
(198, 1, 198, '2019-05-17', '1', '', 4, 'Pass', '2019-05-17 00:00:00', 4, '0000-00-00 00:00:00', 0, 0),
(199, 1, 199, '2019-05-17', '1', '', 4, 'Pass', '2019-05-17 00:00:00', 4, '0000-00-00 00:00:00', 0, 0),
(200, 1, 200, '2019-05-17', '1', '', 4, 'Pass', '2019-05-17 00:00:00', 4, '0000-00-00 00:00:00', 0, 0),
(201, 1, 201, '2019-05-17', '1', '', 4, 'Pass', '2019-05-17 00:00:00', 4, '0000-00-00 00:00:00', 0, 0),
(202, 1, 202, '2019-05-17', '1', '', 4, 'Pass', '2019-05-17 00:00:00', 4, '0000-00-00 00:00:00', 0, 0),
(203, 1, 203, '2019-05-17', '1', '', 4, 'Pass', '2019-05-17 00:00:00', 4, '0000-00-00 00:00:00', 0, 0),
(204, 1, 204, '2019-05-17', '1', '', 4, 'Pass', '2019-05-17 00:00:00', 4, '0000-00-00 00:00:00', 0, 0),
(205, 1, 205, '2019-05-17', '1', '', 4, 'Pass', '2019-05-17 00:00:00', 4, '0000-00-00 00:00:00', 0, 0),
(206, 1, 206, '2019-05-17', '1', '', 4, 'Pass', '2019-05-17 00:00:00', 4, '0000-00-00 00:00:00', 0, 0),
(207, 1, 207, '2019-05-17', '1', '', 4, 'Pass', '2019-05-17 00:00:00', 4, '0000-00-00 00:00:00', 0, 0),
(208, 1, 208, '2019-05-17', '1', '', 4, 'Pass', '2019-05-17 00:00:00', 4, '0000-00-00 00:00:00', 0, 0),
(209, 1, 209, '2019-05-17', '1', '', 4, 'Pass', '2019-05-17 00:00:00', 4, '0000-00-00 00:00:00', 0, 0),
(210, 1, 210, '2019-05-17', '1', '', 4, 'Pass', '2019-05-17 00:00:00', 4, '0000-00-00 00:00:00', 0, 0),
(211, 1, 211, '2019-05-17', '1', '', 4, 'Pass', '2019-05-17 00:00:00', 4, '0000-00-00 00:00:00', 0, 0),
(212, 1, 212, '2019-05-17', '1', '', 4, 'Pass', '2019-05-17 00:00:00', 4, '0000-00-00 00:00:00', 0, 0),
(213, 1, 213, '2019-05-17', '1', '', 4, 'Pass', '2019-05-17 00:00:00', 4, '0000-00-00 00:00:00', 0, 0),
(214, 1, 214, '2019-05-17', '1', '', 4, 'Pass', '2019-05-17 00:00:00', 4, '0000-00-00 00:00:00', 0, 0),
(215, 1, 215, '2019-05-17', '1', '', 4, 'Pass', '2019-05-17 00:00:00', 4, '0000-00-00 00:00:00', 0, 0),
(216, 1, 216, '2019-05-17', '1', '', 4, 'Pass', '2019-05-17 00:00:00', 4, '0000-00-00 00:00:00', 0, 0),
(217, 1, 217, '2019-05-17', '1', '', 4, 'Pass', '2019-05-17 00:00:00', 4, '0000-00-00 00:00:00', 0, 0),
(218, 1, 218, '2019-05-17', '1', '', 4, 'Pass', '2019-05-17 00:00:00', 4, '0000-00-00 00:00:00', 0, 0),
(219, 1, 219, '2019-05-17', '1', '', 4, 'Pass', '2019-05-17 00:00:00', 4, '0000-00-00 00:00:00', 0, 0),
(220, 1, 220, '2019-05-17', '1', '', 4, 'Pass', '2019-05-17 00:00:00', 4, '0000-00-00 00:00:00', 0, 0),
(221, 1, 221, '2019-05-17', '1', '', 4, 'Pass', '2019-05-17 00:00:00', 4, '0000-00-00 00:00:00', 0, 0),
(222, 1, 222, '2019-05-17', '1', '', 4, 'Pass', '2019-05-17 00:00:00', 4, '0000-00-00 00:00:00', 0, 0),
(223, 1, 223, '2019-05-17', '1', '', 4, 'Pass', '2019-05-17 00:00:00', 4, '0000-00-00 00:00:00', 0, 0),
(224, 1, 224, '2019-05-17', '1', '', 4, 'Pass', '2019-05-17 00:00:00', 4, '0000-00-00 00:00:00', 0, 0),
(225, 1, 225, '2019-05-17', '1', '', 4, 'Pass', '2019-05-17 00:00:00', 4, '0000-00-00 00:00:00', 0, 0),
(226, 1, 226, '2019-05-17', '1', '', 4, 'Pass', '2019-05-17 00:00:00', 4, '0000-00-00 00:00:00', 0, 0),
(227, 1, 227, '2019-05-17', '1', '', 4, 'Pass', '2019-05-17 00:00:00', 4, '0000-00-00 00:00:00', 0, 0),
(228, 1, 228, '2019-05-17', '1', '', 4, 'Pass', '2019-05-17 00:00:00', 4, '0000-00-00 00:00:00', 0, 0),
(229, 1, 229, '2019-05-17', '1', '', 4, 'Pass', '2019-05-17 00:00:00', 4, '0000-00-00 00:00:00', 0, 0),
(230, 1, 230, '2019-05-17', '1', '', 4, 'Pass', '2019-05-17 00:00:00', 4, '0000-00-00 00:00:00', 0, 0),
(231, 1, 231, '2019-05-17', '1', '', 4, 'Pass', '2019-05-17 00:00:00', 4, '0000-00-00 00:00:00', 0, 0),
(232, 1, 232, '2019-05-17', '1', '', 4, 'Pass', '2019-05-17 00:00:00', 4, '0000-00-00 00:00:00', 0, 0),
(233, 1, 233, '2019-05-17', '1', '', 4, 'Pass', '2019-05-17 00:00:00', 4, '0000-00-00 00:00:00', 0, 0),
(234, 1, 234, '2019-05-17', '1', '', 4, 'Pass', '2019-05-17 00:00:00', 4, '0000-00-00 00:00:00', 0, 0),
(235, 1, 235, '2019-05-17', '1', '', 4, 'Pass', '2019-05-17 00:00:00', 4, '0000-00-00 00:00:00', 0, 0),
(236, 1, 236, '2019-05-17', '1', '', 4, 'Pass', '2019-05-17 00:00:00', 4, '0000-00-00 00:00:00', 0, 0),
(237, 1, 237, '2019-05-17', '1', '', 4, 'Pass', '2019-05-17 00:00:00', 4, '0000-00-00 00:00:00', 0, 0),
(238, 1, 238, '2019-05-17', '1', '', 4, 'Pass', '2019-05-17 00:00:00', 4, '0000-00-00 00:00:00', 0, 0),
(239, 1, 239, '2019-05-17', '1', '', 4, 'Pass', '2019-05-17 00:00:00', 4, '0000-00-00 00:00:00', 0, 0),
(240, 1, 240, '2019-05-17', '1', '', 4, 'Pass', '2019-05-17 00:00:00', 4, '0000-00-00 00:00:00', 0, 0),
(241, 1, 241, '2019-05-17', '1', '', 4, 'Pass', '2019-05-17 00:00:00', 4, '0000-00-00 00:00:00', 0, 0),
(242, 1, 242, '2019-05-17', '1', '', 4, 'Pass', '2019-05-17 00:00:00', 4, '0000-00-00 00:00:00', 0, 0),
(243, 1, 243, '2019-05-17', '1', '', 4, 'Pass', '2019-05-17 00:00:00', 4, '0000-00-00 00:00:00', 0, 0),
(244, 1, 244, '2019-05-17', '1', '', 4, 'Pass', '2019-05-17 00:00:00', 4, '0000-00-00 00:00:00', 0, 0),
(245, 1, 245, '2019-05-17', '1', '', 4, 'Pass', '2019-05-17 00:00:00', 4, '0000-00-00 00:00:00', 0, 0),
(246, 1, 246, '2019-05-17', '1', '', 4, 'Pass', '2019-05-17 00:00:00', 4, '0000-00-00 00:00:00', 0, 0),
(247, 1, 247, '2019-05-17', '1', '', 4, 'Pass', '2019-05-17 00:00:00', 4, '0000-00-00 00:00:00', 0, 0),
(248, 1, 248, '2019-05-17', '1', '', 4, 'Pass', '2019-05-17 00:00:00', 4, '0000-00-00 00:00:00', 0, 0),
(249, 1, 249, '2019-05-17', '1', '', 4, 'Pass', '2019-05-17 00:00:00', 4, '0000-00-00 00:00:00', 0, 0),
(250, 1, 250, '2019-05-17', '1', '', 4, 'Pass', '2019-05-17 00:00:00', 4, '0000-00-00 00:00:00', 0, 0),
(251, 1, 251, '2019-05-17', '1', '', 4, 'Pass', '2019-05-17 00:00:00', 4, '0000-00-00 00:00:00', 0, 0),
(252, 1, 252, '2019-05-17', '1', '', 4, 'Pass', '2019-05-17 00:00:00', 4, '0000-00-00 00:00:00', 0, 0),
(253, 1, 253, '2019-05-17', '1', '', 4, 'Pass', '2019-05-17 00:00:00', 4, '0000-00-00 00:00:00', 0, 0),
(254, 1, 254, '2019-05-17', '1', '', 4, 'Pass', '2019-05-17 00:00:00', 4, '0000-00-00 00:00:00', 0, 0),
(255, 1, 255, '2019-05-17', '1', '', 4, 'Pass', '2019-05-17 00:00:00', 4, '0000-00-00 00:00:00', 0, 0),
(256, 1, 256, '2019-05-17', '1', '', 4, 'Pass', '2019-05-17 00:00:00', 4, '0000-00-00 00:00:00', 0, 0),
(257, 1, 257, '2019-05-17', '1', '', 4, 'Pass', '2019-05-17 00:00:00', 4, '0000-00-00 00:00:00', 0, 0),
(258, 1, 258, '2019-05-17', '1', '', 4, 'Pass', '2019-05-17 00:00:00', 4, '0000-00-00 00:00:00', 0, 0),
(259, 1, 259, '2019-05-17', '1', '', 4, 'Pass', '2019-05-17 00:00:00', 4, '0000-00-00 00:00:00', 0, 0),
(260, 1, 260, '2019-05-17', '1', '', 4, 'Pass', '2019-05-17 00:00:00', 4, '0000-00-00 00:00:00', 0, 0),
(261, 1, 261, '2019-05-17', '1', '', 4, 'Pass', '2019-05-17 00:00:00', 4, '0000-00-00 00:00:00', 0, 0),
(262, 1, 262, '2019-05-17', '1', '', 4, 'Pass', '2019-05-17 00:00:00', 4, '0000-00-00 00:00:00', 0, 0),
(263, 1, 263, '2019-05-17', '1', '', 4, 'Pass', '2019-05-17 00:00:00', 4, '0000-00-00 00:00:00', 0, 0),
(264, 1, 264, '2019-05-17', '1', '', 4, 'Pass', '2019-05-17 00:00:00', 4, '0000-00-00 00:00:00', 0, 0),
(265, 1, 265, '2019-05-17', '1', '', 4, 'Pass', '2019-05-17 00:00:00', 4, '0000-00-00 00:00:00', 0, 0),
(266, 1, 266, '2019-05-17', '1', '', 4, 'Pass', '2019-05-17 00:00:00', 4, '0000-00-00 00:00:00', 0, 0),
(267, 1, 267, '2019-05-17', '1', '', 4, 'Pass', '2019-05-17 00:00:00', 4, '0000-00-00 00:00:00', 0, 0),
(268, 1, 268, '2019-05-17', '1', '', 4, 'Pass', '2019-05-17 00:00:00', 4, '0000-00-00 00:00:00', 0, 0),
(269, 1, 269, '2019-05-17', '1', '', 4, 'Pass', '2019-05-17 00:00:00', 4, '0000-00-00 00:00:00', 0, 0),
(270, 1, 270, '2019-05-17', '1', '', 4, 'Pass', '2019-05-17 00:00:00', 4, '0000-00-00 00:00:00', 0, 0),
(271, 1, 271, '2019-05-17', '1', '', 4, 'Pass', '2019-05-17 00:00:00', 4, '0000-00-00 00:00:00', 0, 0),
(272, 1, 272, '2019-05-17', '1', '', 4, 'Pass', '2019-05-17 00:00:00', 4, '0000-00-00 00:00:00', 0, 0),
(273, 1, 273, '2019-05-17', '1', '', 4, 'Pass', '2019-05-17 00:00:00', 4, '0000-00-00 00:00:00', 0, 0),
(274, 1, 274, '2019-05-17', '1', '', 4, 'Pass', '2019-05-17 00:00:00', 4, '0000-00-00 00:00:00', 0, 0),
(275, 1, 275, '2019-05-17', '1', '', 4, 'Pass', '2019-05-17 00:00:00', 4, '0000-00-00 00:00:00', 0, 0),
(276, 1, 276, '2019-05-17', '1', '', 4, 'Pass', '2019-05-17 00:00:00', 4, '0000-00-00 00:00:00', 0, 0),
(277, 1, 277, '2019-05-17', '1', '', 4, 'Pass', '2019-05-17 00:00:00', 4, '0000-00-00 00:00:00', 0, 0),
(278, 1, 278, '2019-05-17', '1', '', 4, 'Pass', '2019-05-17 00:00:00', 4, '0000-00-00 00:00:00', 0, 0),
(279, 1, 279, '2019-05-17', '1', '', 4, 'Pass', '2019-05-17 00:00:00', 4, '0000-00-00 00:00:00', 0, 0),
(280, 1, 280, '2019-05-17', '1', '', 4, 'Pass', '2019-05-17 00:00:00', 4, '0000-00-00 00:00:00', 0, 0),
(281, 1, 281, '2019-05-17', '1', '', 4, 'Pass', '2019-05-17 00:00:00', 4, '0000-00-00 00:00:00', 0, 0),
(282, 1, 282, '2019-05-17', '1', '', 4, 'Pass', '2019-05-17 00:00:00', 4, '0000-00-00 00:00:00', 0, 0),
(283, 1, 283, '2019-05-17', '1', '', 4, 'Pass', '2019-05-17 00:00:00', 4, '0000-00-00 00:00:00', 0, 0),
(284, 1, 284, '2019-05-17', '1', '', 4, 'Pass', '2019-05-17 00:00:00', 4, '0000-00-00 00:00:00', 0, 0),
(285, 1, 285, '2019-05-17', '1', '', 4, 'Pass', '2019-05-17 00:00:00', 4, '0000-00-00 00:00:00', 0, 0),
(286, 1, 286, '2019-05-17', '1', '', 4, 'Pass', '2019-05-17 00:00:00', 4, '0000-00-00 00:00:00', 0, 0),
(287, 1, 287, '2019-05-17', '1', '', 4, 'Pass', '2019-05-17 00:00:00', 4, '0000-00-00 00:00:00', 0, 0),
(288, 1, 288, '2019-05-17', '1', '', 4, 'Pass', '2019-05-17 00:00:00', 4, '0000-00-00 00:00:00', 0, 0),
(289, 1, 289, '2019-05-17', '1', '', 4, 'Pass', '2019-05-17 00:00:00', 4, '0000-00-00 00:00:00', 0, 0),
(290, 1, 290, '2019-05-17', '1', '', 4, 'Pass', '2019-05-17 00:00:00', 4, '0000-00-00 00:00:00', 0, 0),
(291, 1, 291, '2019-05-17', '1', '', 4, 'Pass', '2019-05-17 00:00:00', 4, '0000-00-00 00:00:00', 0, 0),
(292, 1, 292, '2019-05-17', '1', '', 4, 'Pass', '2019-05-17 00:00:00', 4, '0000-00-00 00:00:00', 0, 0),
(293, 1, 293, '2019-05-17', '1', '', 4, 'Pass', '2019-05-17 00:00:00', 4, '0000-00-00 00:00:00', 0, 0),
(294, 1, 294, '2019-05-17', '1', '', 4, 'Pass', '2019-05-17 00:00:00', 4, '0000-00-00 00:00:00', 0, 0),
(295, 1, 295, '2019-05-17', '1', '', 4, 'Pass', '2019-05-17 00:00:00', 4, '0000-00-00 00:00:00', 0, 0),
(296, 1, 296, '2019-05-17', '1', '', 4, 'Pass', '2019-05-17 00:00:00', 4, '0000-00-00 00:00:00', 0, 0),
(297, 1, 297, '2019-05-17', '1', '', 4, 'Pass', '2019-05-17 00:00:00', 4, '0000-00-00 00:00:00', 0, 0),
(298, 1, 298, '2019-05-17', '1', '', 4, 'Pass', '2019-05-17 00:00:00', 4, '0000-00-00 00:00:00', 0, 0),
(299, 1, 299, '2019-05-17', '1', '', 4, 'Pass', '2019-05-17 00:00:00', 4, '0000-00-00 00:00:00', 0, 0),
(300, 1, 300, '2019-05-17', '1', '', 4, 'Pass', '2019-05-17 00:00:00', 4, '0000-00-00 00:00:00', 0, 0),
(301, 1, 301, '2019-05-17', '1', '', 4, 'Pass', '2019-05-17 00:00:00', 4, '0000-00-00 00:00:00', 0, 0),
(302, 1, 302, '2019-05-17', '1', '', 4, 'Pass', '2019-05-17 00:00:00', 4, '0000-00-00 00:00:00', 0, 0),
(303, 1, 303, '2019-05-17', '1', '', 4, 'Pass', '2019-05-17 00:00:00', 4, '0000-00-00 00:00:00', 0, 0),
(304, 1, 304, '2019-05-17', '1', '', 4, 'Pass', '2019-05-17 00:00:00', 4, '0000-00-00 00:00:00', 0, 0),
(305, 1, 305, '2019-05-17', '1', '', 4, 'Pass', '2019-05-17 00:00:00', 4, '0000-00-00 00:00:00', 0, 0),
(306, 1, 306, '2019-05-17', '1', '', 4, 'Pass', '2019-05-17 00:00:00', 4, '0000-00-00 00:00:00', 0, 0),
(307, 1, 307, '2019-05-17', '1', '', 4, 'Pass', '2019-05-17 00:00:00', 4, '0000-00-00 00:00:00', 0, 0),
(308, 1, 308, '2019-05-17', '1', '', 4, 'Pass', '2019-05-17 00:00:00', 4, '0000-00-00 00:00:00', 0, 0),
(309, 1, 309, '2019-05-17', '1', '', 4, 'Pass', '2019-05-17 00:00:00', 4, '0000-00-00 00:00:00', 0, 0),
(310, 1, 310, '2019-05-17', '1', '', 4, 'Pass', '2019-05-17 00:00:00', 4, '0000-00-00 00:00:00', 0, 0),
(311, 1, 311, '2019-05-17', '1', '', 4, 'Pass', '2019-05-17 00:00:00', 4, '0000-00-00 00:00:00', 0, 0),
(312, 1, 312, '2019-05-17', '1', '', 4, 'Pass', '2019-05-17 00:00:00', 4, '0000-00-00 00:00:00', 0, 0),
(313, 1, 313, '2019-05-17', '1', '', 4, 'Pass', '2019-05-17 00:00:00', 4, '0000-00-00 00:00:00', 0, 0),
(314, 1, 314, '2019-05-17', '1', '', 4, 'Pass', '2019-05-17 00:00:00', 4, '0000-00-00 00:00:00', 0, 0),
(315, 1, 315, '2019-05-17', '1', '', 4, 'Pass', '2019-05-17 00:00:00', 4, '0000-00-00 00:00:00', 0, 0),
(316, 1, 316, '2019-05-17', '1', '', 4, 'Pass', '2019-05-17 00:00:00', 4, '0000-00-00 00:00:00', 0, 0),
(317, 1, 317, '2019-05-17', '1', '', 4, 'Pass', '2019-05-17 00:00:00', 4, '0000-00-00 00:00:00', 0, 0),
(318, 1, 318, '2019-05-17', '1', '', 4, 'Pass', '2019-05-17 00:00:00', 4, '0000-00-00 00:00:00', 0, 0),
(319, 1, 319, '2019-05-17', '1', '', 4, 'Pass', '2019-05-17 00:00:00', 4, '0000-00-00 00:00:00', 0, 0),
(320, 1, 320, '2019-05-17', '1', '', 4, 'Pass', '2019-05-17 00:00:00', 4, '0000-00-00 00:00:00', 0, 0),
(321, 1, 321, '2019-05-17', '1', '', 4, 'Pass', '2019-05-17 00:00:00', 4, '0000-00-00 00:00:00', 0, 0),
(322, 1, 322, '2019-05-17', '1', '', 4, 'Pass', '2019-05-17 00:00:00', 4, '0000-00-00 00:00:00', 0, 0),
(323, 1, 323, '2019-05-17', '1', '', 4, 'Pass', '2019-05-17 00:00:00', 4, '0000-00-00 00:00:00', 0, 0),
(324, 1, 324, '2019-05-17', '1', '', 4, 'Pass', '2019-05-17 00:00:00', 4, '0000-00-00 00:00:00', 0, 0),
(325, 1, 325, '2019-05-17', '1', '', 4, 'Pass', '2019-05-17 00:00:00', 4, '0000-00-00 00:00:00', 0, 0),
(326, 1, 326, '2019-05-17', '1', '', 4, 'Pass', '2019-05-17 00:00:00', 4, '0000-00-00 00:00:00', 0, 0),
(327, 1, 327, '2019-05-17', '1', '', 4, 'Pass', '2019-05-17 00:00:00', 4, '0000-00-00 00:00:00', 0, 0),
(328, 1, 328, '2019-05-17', '1', '', 4, 'Pass', '2019-05-17 00:00:00', 4, '0000-00-00 00:00:00', 0, 0),
(329, 1, 329, '2019-05-17', '1', '', 4, 'Pass', '2019-05-17 00:00:00', 4, '0000-00-00 00:00:00', 0, 0),
(330, 1, 330, '2019-05-17', '1', '', 4, 'Pass', '2019-05-17 00:00:00', 4, '0000-00-00 00:00:00', 0, 0),
(331, 1, 331, '2019-05-17', '1', '', 4, 'Pass', '2019-05-17 00:00:00', 4, '0000-00-00 00:00:00', 0, 0),
(332, 1, 332, '2019-05-17', '1', '', 4, 'Pass', '2019-05-17 00:00:00', 4, '0000-00-00 00:00:00', 0, 0),
(333, 1, 333, '2019-05-17', '1', '', 4, 'Pass', '2019-05-17 00:00:00', 4, '0000-00-00 00:00:00', 0, 0),
(334, 1, 334, '2019-05-17', '1', '', 4, 'Pass', '2019-05-17 00:00:00', 4, '0000-00-00 00:00:00', 0, 0),
(335, 1, 335, '2019-05-17', '1', '', 4, 'Pass', '2019-05-17 00:00:00', 4, '0000-00-00 00:00:00', 0, 0),
(336, 1, 336, '2019-05-17', '1', '', 4, 'Pass', '2019-05-17 00:00:00', 4, '0000-00-00 00:00:00', 0, 0),
(337, 1, 337, '2019-05-17', '1', '', 4, 'Pass', '2019-05-17 00:00:00', 4, '0000-00-00 00:00:00', 0, 0),
(338, 1, 338, '2019-05-17', '1', '', 4, 'Pass', '2019-05-17 00:00:00', 4, '0000-00-00 00:00:00', 0, 0),
(339, 1, 339, '2019-05-17', '1', '', 4, 'Pass', '2019-05-17 00:00:00', 4, '0000-00-00 00:00:00', 0, 0),
(340, 1, 340, '2019-05-17', '1', '', 4, 'Pass', '2019-05-17 00:00:00', 4, '0000-00-00 00:00:00', 0, 0),
(341, 1, 341, '2019-05-17', '1', '', 4, 'Pass', '2019-05-17 00:00:00', 4, '0000-00-00 00:00:00', 0, 0),
(342, 1, 342, '2019-05-17', '1', '', 4, 'Pass', '2019-05-17 00:00:00', 4, '0000-00-00 00:00:00', 0, 0),
(343, 1, 343, '2019-05-17', '1', '', 4, 'Pass', '2019-05-17 00:00:00', 4, '0000-00-00 00:00:00', 0, 0),
(344, 1, 344, '2019-05-17', '1', '', 4, 'Pass', '2019-05-17 00:00:00', 4, '0000-00-00 00:00:00', 0, 0),
(345, 1, 345, '2019-05-17', '1', '', 4, 'Pass', '2019-05-17 00:00:00', 4, '0000-00-00 00:00:00', 0, 0),
(346, 1, 346, '2019-05-17', '1', '', 4, 'Pass', '2019-05-17 00:00:00', 4, '0000-00-00 00:00:00', 0, 0),
(347, 1, 347, '2019-05-17', '1', '', 4, 'Pass', '2019-05-17 00:00:00', 4, '0000-00-00 00:00:00', 0, 0),
(348, 1, 348, '2019-05-17', '1', '', 4, 'Pass', '2019-05-17 00:00:00', 4, '0000-00-00 00:00:00', 0, 0),
(349, 1, 349, '2019-05-17', '1', '', 4, 'Pass', '2019-05-17 00:00:00', 4, '0000-00-00 00:00:00', 0, 0),
(350, 1, 350, '2019-05-17', '1', '', 4, 'Pass', '2019-05-17 00:00:00', 4, '0000-00-00 00:00:00', 0, 0),
(351, 1, 351, '2019-05-17', '1', '', 4, 'Pass', '2019-05-17 00:00:00', 4, '0000-00-00 00:00:00', 0, 0),
(352, 1, 352, '2019-05-17', '1', '', 4, 'Pass', '2019-05-17 00:00:00', 4, '0000-00-00 00:00:00', 0, 0),
(353, 1, 353, '2019-05-17', '1', '', 4, 'Pass', '2019-05-17 00:00:00', 4, '0000-00-00 00:00:00', 0, 0),
(354, 1, 354, '2019-05-17', '1', '', 4, 'Pass', '2019-05-17 00:00:00', 4, '0000-00-00 00:00:00', 0, 0),
(355, 1, 355, '2019-05-17', '1', '', 4, 'Pass', '2019-05-17 00:00:00', 4, '0000-00-00 00:00:00', 0, 0),
(356, 1, 356, '2019-05-17', '1', '', 4, 'Pass', '2019-05-17 00:00:00', 4, '0000-00-00 00:00:00', 0, 0),
(357, 1, 357, '2019-05-17', '1', '', 4, 'Pass', '2019-05-17 00:00:00', 4, '0000-00-00 00:00:00', 0, 0),
(358, 1, 358, '2019-05-17', '1', '', 4, 'Pass', '2019-05-17 00:00:00', 4, '0000-00-00 00:00:00', 0, 0),
(359, 1, 359, '2019-05-17', '1', '', 4, 'Pass', '2019-05-17 00:00:00', 4, '0000-00-00 00:00:00', 0, 0),
(360, 1, 360, '2019-05-17', '1', '', 4, 'Pass', '2019-05-17 00:00:00', 4, '0000-00-00 00:00:00', 0, 0),
(361, 1, 361, '2019-05-17', '1', '', 4, 'Pass', '2019-05-17 00:00:00', 4, '0000-00-00 00:00:00', 0, 0),
(362, 1, 362, '2019-05-17', '1', '', 4, 'Pass', '2019-05-17 00:00:00', 4, '0000-00-00 00:00:00', 0, 0),
(363, 1, 363, '2019-05-17', '1', '', 4, 'Pass', '2019-05-17 00:00:00', 4, '0000-00-00 00:00:00', 0, 0),
(364, 1, 364, '2019-05-17', '1', '', 4, 'Pass', '2019-05-17 00:00:00', 4, '0000-00-00 00:00:00', 0, 0),
(365, 1, 365, '2019-05-17', '1', '', 4, 'Pass', '2019-05-17 00:00:00', 4, '0000-00-00 00:00:00', 0, 0),
(366, 1, 366, '2019-05-17', '1', '', 4, 'Pass', '2019-05-17 00:00:00', 4, '0000-00-00 00:00:00', 0, 0),
(367, 1, 367, '2019-05-17', '1', '', 4, 'Pass', '2019-05-17 00:00:00', 4, '0000-00-00 00:00:00', 0, 0),
(368, 1, 368, '2019-05-17', '1', '', 4, 'Pass', '2019-05-17 00:00:00', 4, '0000-00-00 00:00:00', 0, 0),
(369, 1, 369, '2019-05-17', '1', '', 4, 'Pass', '2019-05-17 00:00:00', 4, '0000-00-00 00:00:00', 0, 0),
(370, 1, 370, '2019-05-17', '1', '', 4, 'Pass', '2019-05-17 00:00:00', 4, '0000-00-00 00:00:00', 0, 0),
(371, 1, 371, '2019-05-17', '1', '', 4, 'Pass', '2019-05-17 00:00:00', 4, '0000-00-00 00:00:00', 0, 0),
(372, 1, 372, '2019-05-17', '1', '', 4, 'Pass', '2019-05-17 00:00:00', 4, '0000-00-00 00:00:00', 0, 0),
(373, 1, 373, '2019-05-17', '1', '', 4, 'Pass', '2019-05-17 00:00:00', 4, '0000-00-00 00:00:00', 0, 0),
(374, 1, 374, '2019-05-17', '1', '', 4, 'Pass', '2019-05-17 00:00:00', 4, '0000-00-00 00:00:00', 0, 0),
(375, 1, 375, '2019-05-17', '1', '', 4, 'Pass', '2019-05-17 00:00:00', 4, '0000-00-00 00:00:00', 0, 0),
(376, 1, 376, '2019-05-17', '1', '', 4, 'Pass', '2019-05-17 00:00:00', 4, '0000-00-00 00:00:00', 0, 0),
(377, 1, 377, '2019-05-17', '1', '', 4, 'Pass', '2019-05-17 00:00:00', 4, '0000-00-00 00:00:00', 0, 0),
(378, 1, 378, '2019-05-17', '1', '', 4, 'Pass', '2019-05-17 00:00:00', 4, '0000-00-00 00:00:00', 0, 0),
(379, 1, 379, '2019-05-17', '1', '', 4, 'Pass', '2019-05-17 00:00:00', 4, '0000-00-00 00:00:00', 0, 0),
(380, 1, 380, '2019-05-17', '1', '', 4, 'Pass', '2019-05-17 00:00:00', 4, '0000-00-00 00:00:00', 0, 0),
(381, 1, 381, '2019-05-17', '1', '', 4, 'Pass', '2019-05-17 00:00:00', 4, '0000-00-00 00:00:00', 0, 0),
(382, 1, 382, '2019-05-17', '1', '', 4, 'Pass', '2019-05-17 00:00:00', 4, '0000-00-00 00:00:00', 0, 0),
(383, 1, 383, '2019-05-17', '1', '', 4, 'Pass', '2019-05-17 00:00:00', 4, '0000-00-00 00:00:00', 0, 0),
(384, 1, 384, '2019-05-17', '1', '', 4, 'Pass', '2019-05-17 00:00:00', 4, '0000-00-00 00:00:00', 0, 0),
(385, 1, 385, '2019-05-17', '1', '', 4, 'Pass', '2019-05-17 00:00:00', 4, '0000-00-00 00:00:00', 0, 0),
(386, 1, 386, '2019-05-17', '1', '', 4, 'Pass', '2019-05-17 00:00:00', 4, '0000-00-00 00:00:00', 0, 0),
(387, 1, 387, '2019-05-17', '1', '', 4, 'Pass', '2019-05-17 00:00:00', 4, '0000-00-00 00:00:00', 0, 0),
(388, 1, 388, '2019-05-17', '1', '', 4, 'Pass', '2019-05-17 00:00:00', 4, '0000-00-00 00:00:00', 0, 0),
(389, 1, 389, '2019-05-17', '1', '', 4, 'Pass', '2019-05-17 00:00:00', 4, '0000-00-00 00:00:00', 0, 0),
(390, 1, 390, '2019-05-17', '1', '', 4, 'Pass', '2019-05-17 00:00:00', 4, '0000-00-00 00:00:00', 0, 0),
(391, 1, 391, '2019-05-17', '1', '', 4, 'Pass', '2019-05-17 00:00:00', 4, '0000-00-00 00:00:00', 0, 0),
(392, 1, 392, '2019-05-17', '1', '', 4, 'Pass', '2019-05-17 00:00:00', 4, '0000-00-00 00:00:00', 0, 0),
(393, 1, 393, '2019-05-17', '1', '', 4, 'Pass', '2019-05-17 00:00:00', 4, '0000-00-00 00:00:00', 0, 0),
(394, 1, 394, '2019-05-17', '1', '', 4, 'Pass', '2019-05-17 00:00:00', 4, '0000-00-00 00:00:00', 0, 0),
(395, 1, 395, '2019-05-17', '1', '', 4, 'Pass', '2019-05-17 00:00:00', 4, '0000-00-00 00:00:00', 0, 0),
(396, 1, 396, '2019-05-17', '1', '', 4, 'Pass', '2019-05-17 00:00:00', 4, '0000-00-00 00:00:00', 0, 0),
(397, 1, 397, '2019-05-17', '1', '', 4, 'Pass', '2019-05-17 00:00:00', 4, '0000-00-00 00:00:00', 0, 0),
(398, 1, 398, '2019-05-17', '1', '', 4, 'Pass', '2019-05-17 00:00:00', 4, '0000-00-00 00:00:00', 0, 0),
(399, 1, 399, '2019-05-17', '1', '', 4, 'Pass', '2019-05-17 00:00:00', 4, '0000-00-00 00:00:00', 0, 0),
(400, 1, 400, '2019-05-17', '1', '', 4, 'Pass', '2019-05-17 00:00:00', 4, '0000-00-00 00:00:00', 0, 0),
(401, 1, 401, '2019-05-17', '1', '', 4, 'Pass', '2019-05-17 00:00:00', 4, '0000-00-00 00:00:00', 0, 0),
(402, 1, 402, '2019-05-17', '1', '', 4, 'Pass', '2019-05-17 00:00:00', 4, '0000-00-00 00:00:00', 0, 0),
(403, 1, 403, '2019-05-17', '1', '', 4, 'Pass', '2019-05-17 00:00:00', 4, '0000-00-00 00:00:00', 0, 0),
(404, 1, 404, '2019-05-17', '1', '', 4, 'Pass', '2019-05-17 00:00:00', 4, '0000-00-00 00:00:00', 0, 0),
(405, 1, 405, '2019-05-17', '1', '', 4, 'Pass', '2019-05-17 00:00:00', 4, '0000-00-00 00:00:00', 0, 0),
(406, 1, 406, '2019-05-17', '1', '', 4, 'Pass', '2019-05-17 00:00:00', 4, '0000-00-00 00:00:00', 0, 0),
(407, 1, 407, '2019-05-17', '1', '', 4, 'Pass', '2019-05-17 00:00:00', 4, '0000-00-00 00:00:00', 0, 0),
(408, 1, 408, '2019-05-17', '1', '', 4, 'Pass', '2019-05-17 00:00:00', 4, '0000-00-00 00:00:00', 0, 0),
(409, 1, 409, '2019-05-17', '1', '', 4, 'Pass', '2019-05-17 00:00:00', 4, '0000-00-00 00:00:00', 0, 0),
(410, 1, 410, '2019-05-17', '1', '', 4, 'Pass', '2019-05-17 00:00:00', 4, '0000-00-00 00:00:00', 0, 0),
(411, 1, 411, '2019-05-17', '1', '', 4, 'Pass', '2019-05-17 00:00:00', 4, '0000-00-00 00:00:00', 0, 0),
(412, 1, 412, '2019-05-17', '1', '', 4, 'Pass', '2019-05-17 00:00:00', 4, '0000-00-00 00:00:00', 0, 0),
(413, 1, 413, '2019-05-17', '1', '', 4, 'Pass', '2019-05-17 00:00:00', 4, '0000-00-00 00:00:00', 0, 0),
(414, 1, 414, '2019-05-17', '1', '', 4, 'Pass', '2019-05-17 00:00:00', 4, '0000-00-00 00:00:00', 0, 0),
(415, 1, 415, '2019-05-17', '1', '', 4, 'Pass', '2019-05-17 00:00:00', 4, '0000-00-00 00:00:00', 0, 0),
(416, 1, 416, '2019-05-17', '1', '', 4, 'Pass', '2019-05-17 00:00:00', 4, '0000-00-00 00:00:00', 0, 0),
(417, 1, 417, '2019-05-17', '1', '', 4, 'Pass', '2019-05-17 00:00:00', 4, '0000-00-00 00:00:00', 0, 0),
(418, 1, 418, '2019-05-17', '1', '', 4, 'Pass', '2019-05-17 00:00:00', 4, '0000-00-00 00:00:00', 0, 0),
(419, 1, 419, '2019-05-17', '1', '', 4, 'Pass', '2019-05-17 00:00:00', 4, '0000-00-00 00:00:00', 0, 0),
(420, 1, 420, '2019-05-17', '1', '', 4, 'Pass', '2019-05-17 00:00:00', 4, '0000-00-00 00:00:00', 0, 0),
(421, 1, 421, '2019-05-17', '1', '', 4, 'Pass', '2019-05-17 00:00:00', 4, '0000-00-00 00:00:00', 0, 0),
(422, 1, 422, '2019-05-17', '1', '', 4, 'Pass', '2019-05-17 00:00:00', 4, '0000-00-00 00:00:00', 0, 0),
(423, 1, 423, '2019-05-17', '1', '', 4, 'Pass', '2019-05-17 00:00:00', 4, '0000-00-00 00:00:00', 0, 0),
(424, 1, 424, '2019-05-17', '1', '', 4, 'Pass', '2019-05-17 00:00:00', 4, '0000-00-00 00:00:00', 0, 0),
(425, 1, 425, '2019-05-17', '1', '', 4, 'Pass', '2019-05-17 00:00:00', 4, '0000-00-00 00:00:00', 0, 0),
(426, 1, 426, '2019-05-17', '1', '', 4, 'Pass', '2019-05-17 00:00:00', 4, '0000-00-00 00:00:00', 0, 0),
(427, 1, 427, '2019-05-17', '1', '', 4, 'Pass', '2019-05-17 00:00:00', 4, '0000-00-00 00:00:00', 0, 0),
(428, 1, 428, '2019-05-17', '1', '', 4, 'Pass', '2019-05-17 00:00:00', 4, '0000-00-00 00:00:00', 0, 0),
(429, 1, 429, '2019-05-17', '1', '', 4, 'Pass', '2019-05-17 00:00:00', 4, '0000-00-00 00:00:00', 0, 0),
(430, 1, 430, '2019-05-17', '1', '', 4, 'Pass', '2019-05-17 00:00:00', 4, '0000-00-00 00:00:00', 0, 0),
(431, 1, 431, '2019-05-17', '1', '', 4, 'Pass', '2019-05-17 00:00:00', 4, '0000-00-00 00:00:00', 0, 0),
(432, 1, 432, '2019-05-17', '1', '', 4, 'Pass', '2019-05-17 00:00:00', 4, '0000-00-00 00:00:00', 0, 0),
(433, 1, 433, '2019-05-17', '1', '', 4, 'Pass', '2019-05-17 00:00:00', 4, '0000-00-00 00:00:00', 0, 0),
(434, 1, 434, '2019-05-17', '1', '', 4, 'Pass', '2019-05-17 00:00:00', 4, '0000-00-00 00:00:00', 0, 0),
(435, 1, 435, '2019-05-17', '1', '', 4, 'Pass', '2019-05-17 00:00:00', 4, '0000-00-00 00:00:00', 0, 0),
(436, 1, 436, '2019-05-17', '1', '', 4, 'Pass', '2019-05-17 00:00:00', 4, '0000-00-00 00:00:00', 0, 0),
(437, 1, 437, '2019-05-17', '1', '', 4, 'Pass', '2019-05-17 00:00:00', 4, '0000-00-00 00:00:00', 0, 0),
(438, 1, 438, '2019-05-17', '1', '', 4, 'Pass', '2019-05-17 00:00:00', 4, '0000-00-00 00:00:00', 0, 0),
(439, 1, 439, '2019-05-17', '1', '', 4, 'Pass', '2019-05-17 00:00:00', 4, '0000-00-00 00:00:00', 0, 0),
(440, 1, 440, '2019-05-17', '1', '', 4, 'Pass', '2019-05-17 00:00:00', 4, '0000-00-00 00:00:00', 0, 0),
(441, 1, 441, '2019-05-17', '1', '', 4, 'Pass', '2019-05-17 00:00:00', 4, '0000-00-00 00:00:00', 0, 0),
(442, 1, 442, '2019-05-17', '1', '', 4, 'Pass', '2019-05-17 00:00:00', 4, '0000-00-00 00:00:00', 0, 0),
(443, 1, 443, '2019-05-17', '1', '', 4, 'Pass', '2019-05-17 00:00:00', 4, '0000-00-00 00:00:00', 0, 0),
(444, 1, 444, '2019-05-17', '1', '', 4, 'Pass', '2019-05-17 00:00:00', 4, '0000-00-00 00:00:00', 0, 0),
(445, 1, 445, '2019-05-17', '1', '', 4, 'Pass', '2019-05-17 00:00:00', 4, '0000-00-00 00:00:00', 0, 0),
(446, 1, 446, '2019-05-17', '1', '', 4, 'Pass', '2019-05-17 00:00:00', 4, '0000-00-00 00:00:00', 0, 0),
(447, 1, 447, '2019-05-17', '1', '', 4, 'Pass', '2019-05-17 00:00:00', 4, '0000-00-00 00:00:00', 0, 0),
(448, 1, 448, '2019-05-17', '1', '', 4, 'Pass', '2019-05-17 00:00:00', 4, '0000-00-00 00:00:00', 0, 0),
(449, 1, 449, '2019-05-17', '1', '', 4, 'Pass', '2019-05-17 00:00:00', 4, '0000-00-00 00:00:00', 0, 0),
(450, 1, 450, '2019-05-17', '1', '', 4, 'Pass', '2019-05-17 00:00:00', 4, '0000-00-00 00:00:00', 0, 0),
(451, 1, 451, '2019-05-17', '1', '', 4, 'Pass', '2019-05-17 00:00:00', 4, '0000-00-00 00:00:00', 0, 0),
(452, 1, 452, '2019-05-17', '1', '', 4, 'Pass', '2019-05-17 00:00:00', 4, '0000-00-00 00:00:00', 0, 0),
(453, 1, 453, '2019-05-17', '1', '', 4, 'Pass', '2019-05-17 00:00:00', 4, '0000-00-00 00:00:00', 0, 0),
(454, 1, 454, '2019-05-17', '1', '', 4, 'Pass', '2019-05-17 00:00:00', 4, '0000-00-00 00:00:00', 0, 0),
(455, 1, 455, '2019-05-17', '1', '', 4, 'Pass', '2019-05-17 00:00:00', 4, '0000-00-00 00:00:00', 0, 0),
(456, 1, 456, '2019-05-17', '1', '', 4, 'Pass', '2019-05-17 00:00:00', 4, '0000-00-00 00:00:00', 0, 0),
(457, 1, 457, '2019-05-17', '1', '', 4, 'Pass', '2019-05-17 00:00:00', 4, '0000-00-00 00:00:00', 0, 0),
(458, 1, 458, '2019-05-17', '1', '', 4, 'Pass', '2019-05-17 00:00:00', 4, '0000-00-00 00:00:00', 0, 0),
(459, 1, 459, '2019-05-17', '1', '', 4, 'Pass', '2019-05-17 00:00:00', 4, '0000-00-00 00:00:00', 0, 0),
(460, 1, 460, '2019-05-17', '1', '', 4, 'Pass', '2019-05-17 00:00:00', 4, '0000-00-00 00:00:00', 0, 0),
(461, 1, 461, '2019-05-17', '1', '', 4, 'Pass', '2019-05-17 00:00:00', 4, '0000-00-00 00:00:00', 0, 0),
(462, 1, 462, '2019-05-17', '1', '', 4, 'Pass', '2019-05-17 00:00:00', 4, '0000-00-00 00:00:00', 0, 0),
(463, 1, 463, '2019-05-17', '1', '', 4, 'Pass', '2019-05-17 00:00:00', 4, '0000-00-00 00:00:00', 0, 0),
(464, 1, 464, '2019-05-17', '1', '', 4, 'Pass', '2019-05-17 00:00:00', 4, '0000-00-00 00:00:00', 0, 0),
(465, 1, 465, '2019-05-17', '1', '', 4, 'Pass', '2019-05-17 00:00:00', 4, '0000-00-00 00:00:00', 0, 0),
(466, 1, 466, '2019-05-17', '1', '', 4, 'Pass', '2019-05-17 00:00:00', 4, '0000-00-00 00:00:00', 0, 0),
(467, 1, 467, '2019-05-17', '1', '', 4, 'Pass', '2019-05-17 00:00:00', 4, '0000-00-00 00:00:00', 0, 0),
(468, 1, 468, '2019-05-17', '1', '', 4, 'Pass', '2019-05-17 00:00:00', 4, '0000-00-00 00:00:00', 0, 0),
(469, 1, 469, '2019-05-17', '1', '', 4, 'Pass', '2019-05-17 00:00:00', 4, '0000-00-00 00:00:00', 0, 0),
(470, 1, 470, '2019-05-17', '1', '', 4, 'Pass', '2019-05-17 00:00:00', 4, '0000-00-00 00:00:00', 0, 0),
(471, 1, 471, '2019-05-17', '1', '', 4, 'Pass', '2019-05-17 00:00:00', 4, '0000-00-00 00:00:00', 0, 0),
(472, 1, 472, '2019-05-17', '1', '', 4, 'Pass', '2019-05-17 00:00:00', 4, '0000-00-00 00:00:00', 0, 0),
(473, 1, 473, '2019-05-17', '1', '', 4, 'Pass', '2019-05-17 00:00:00', 4, '0000-00-00 00:00:00', 0, 0),
(474, 1, 474, '2019-05-17', '1', '', 4, 'Pass', '2019-05-17 00:00:00', 4, '0000-00-00 00:00:00', 0, 0),
(475, 1, 475, '2019-05-17', '1', '', 4, 'Pass', '2019-05-17 00:00:00', 4, '0000-00-00 00:00:00', 0, 0),
(476, 1, 476, '2019-05-17', '1', '', 4, 'Pass', '2019-05-17 00:00:00', 4, '0000-00-00 00:00:00', 0, 0),
(477, 1, 477, '2019-05-17', '1', '', 4, 'Pass', '2019-05-17 00:00:00', 4, '0000-00-00 00:00:00', 0, 0),
(478, 1, 478, '2019-05-17', '1', '', 4, 'Pass', '2019-05-17 00:00:00', 4, '0000-00-00 00:00:00', 0, 0),
(479, 1, 479, '2019-05-17', '1', '', 4, 'Pass', '2019-05-17 00:00:00', 4, '0000-00-00 00:00:00', 0, 0),
(480, 1, 480, '2019-05-17', '1', '', 4, 'Pass', '2019-05-17 00:00:00', 4, '0000-00-00 00:00:00', 0, 0),
(481, 1, 481, '2019-05-17', '1', '', 4, 'Pass', '2019-05-17 00:00:00', 4, '0000-00-00 00:00:00', 0, 0),
(482, 1, 482, '2019-05-17', '1', '', 4, 'Pass', '2019-05-17 00:00:00', 4, '0000-00-00 00:00:00', 0, 0),
(483, 1, 483, '2019-05-17', '1', '', 4, 'Pass', '2019-05-17 00:00:00', 4, '0000-00-00 00:00:00', 0, 0),
(484, 1, 484, '2019-05-17', '1', '', 4, 'Pass', '2019-05-17 00:00:00', 4, '0000-00-00 00:00:00', 0, 0),
(485, 1, 485, '2019-05-17', '1', '', 4, 'Pass', '2019-05-17 00:00:00', 4, '0000-00-00 00:00:00', 0, 0),
(486, 1, 486, '2019-05-17', '1', '', 4, 'Pass', '2019-05-17 00:00:00', 4, '0000-00-00 00:00:00', 0, 0),
(487, 1, 487, '2019-05-17', '1', '', 4, 'Pass', '2019-05-17 00:00:00', 4, '0000-00-00 00:00:00', 0, 0),
(488, 1, 488, '2019-05-17', '1', '', 4, 'Pass', '2019-05-17 00:00:00', 4, '0000-00-00 00:00:00', 0, 0),
(489, 1, 489, '2019-05-17', '1', '', 4, 'Pass', '2019-05-17 00:00:00', 4, '0000-00-00 00:00:00', 0, 0),
(490, 1, 490, '2019-05-17', '1', '', 4, 'Pass', '2019-05-17 00:00:00', 4, '0000-00-00 00:00:00', 0, 0),
(491, 1, 491, '2019-05-17', '1', '', 4, 'Pass', '2019-05-17 00:00:00', 4, '0000-00-00 00:00:00', 0, 0);
INSERT INTO `good_receive_notes` (`id`, `voucher_no`, `purchase_order_id`, `transaction_date`, `bill_no`, `transport`, `inspection_by`, `inspection_remark`, `created_on`, `created_by`, `edited_on`, `edited_by`, `is_deleted`) VALUES
(492, 1, 492, '2019-05-17', '1', '', 4, 'Pass', '2019-05-17 00:00:00', 4, '0000-00-00 00:00:00', 0, 0),
(493, 1, 493, '2019-05-17', '1', '', 4, 'Pass', '2019-05-17 00:00:00', 4, '0000-00-00 00:00:00', 0, 0),
(494, 1, 494, '2019-05-17', '1', '', 4, 'Pass', '2019-05-17 00:00:00', 4, '0000-00-00 00:00:00', 0, 0),
(495, 1, 495, '2019-05-17', '1', '', 4, 'Pass', '2019-05-17 00:00:00', 4, '0000-00-00 00:00:00', 0, 0),
(496, 1, 496, '2019-05-17', '1', '', 4, 'Pass', '2019-05-17 00:00:00', 4, '0000-00-00 00:00:00', 0, 0),
(497, 1, 497, '2019-05-17', '1', '', 4, 'Pass', '2019-05-17 00:00:00', 4, '0000-00-00 00:00:00', 0, 0),
(498, 1, 498, '2019-05-17', '1', '', 4, 'Pass', '2019-05-17 00:00:00', 4, '0000-00-00 00:00:00', 0, 0),
(499, 1, 499, '2019-05-17', '1', '', 4, 'Pass', '2019-05-17 00:00:00', 4, '0000-00-00 00:00:00', 0, 0),
(500, 1, 500, '2019-05-17', '1', '', 4, 'Pass', '2019-05-17 00:00:00', 4, '0000-00-00 00:00:00', 0, 0),
(501, 1, 501, '2019-05-17', '1', '', 4, 'Pass', '2019-05-17 00:00:00', 4, '0000-00-00 00:00:00', 0, 0),
(502, 1, 502, '2019-05-17', '1', '', 4, 'Pass', '2019-05-17 00:00:00', 4, '0000-00-00 00:00:00', 0, 0),
(503, 1, 503, '2019-05-17', '1', '', 4, 'Pass', '2019-05-17 00:00:00', 4, '0000-00-00 00:00:00', 0, 0),
(504, 1, 504, '2019-05-17', '1', '', 4, 'Pass', '2019-05-17 00:00:00', 4, '0000-00-00 00:00:00', 0, 0),
(505, 1, 505, '2019-05-17', '1', '', 4, 'Pass', '2019-05-17 00:00:00', 4, '0000-00-00 00:00:00', 0, 0),
(506, 1, 506, '2019-05-17', '1', '', 4, 'Pass', '2019-05-17 00:00:00', 4, '0000-00-00 00:00:00', 0, 0),
(507, 1, 507, '2019-05-17', '1', '', 4, 'Pass', '2019-05-17 00:00:00', 4, '0000-00-00 00:00:00', 0, 0),
(508, 1, 508, '2019-05-17', '1', '', 4, 'Pass', '2019-05-17 00:00:00', 4, '0000-00-00 00:00:00', 0, 0),
(509, 1, 509, '2019-05-17', '1', '', 4, 'Pass', '2019-05-17 00:00:00', 4, '0000-00-00 00:00:00', 0, 0),
(510, 1, 510, '2019-05-17', '1', '', 4, 'Pass', '2019-05-17 00:00:00', 4, '0000-00-00 00:00:00', 0, 0),
(511, 1, 511, '2019-05-17', '1', '', 4, 'Pass', '2019-05-17 00:00:00', 4, '0000-00-00 00:00:00', 0, 0),
(512, 1, 512, '2019-05-17', '1', '', 4, 'Pass', '2019-05-17 00:00:00', 4, '0000-00-00 00:00:00', 0, 0),
(513, 1, 513, '2019-05-17', '1', '', 4, 'Pass', '2019-05-17 00:00:00', 4, '0000-00-00 00:00:00', 0, 0),
(514, 1, 514, '2019-05-17', '1', '', 4, 'Pass', '2019-05-17 00:00:00', 4, '0000-00-00 00:00:00', 0, 0),
(515, 1, 515, '2019-05-17', '1', '', 4, 'Pass', '2019-05-17 00:00:00', 4, '0000-00-00 00:00:00', 0, 0),
(516, 1, 516, '2019-05-17', '1', '', 4, 'Pass', '2019-05-17 00:00:00', 4, '0000-00-00 00:00:00', 0, 0),
(517, 1, 517, '2019-05-17', '1', '', 4, 'Pass', '2019-05-17 00:00:00', 4, '0000-00-00 00:00:00', 0, 0),
(518, 1, 518, '2019-05-17', '1', '', 4, 'Pass', '2019-05-17 00:00:00', 4, '0000-00-00 00:00:00', 0, 0),
(519, 1, 519, '2019-05-17', '1', '', 4, 'Pass', '2019-05-17 00:00:00', 4, '0000-00-00 00:00:00', 0, 0),
(520, 1, 520, '2019-05-17', '1', '', 4, 'Pass', '2019-05-17 00:00:00', 4, '0000-00-00 00:00:00', 0, 0),
(521, 1, 521, '2019-05-17', '1', '', 4, 'Pass', '2019-05-17 00:00:00', 4, '0000-00-00 00:00:00', 0, 0),
(522, 1, 522, '2019-05-17', '1', '', 4, 'Pass', '2019-05-17 00:00:00', 4, '0000-00-00 00:00:00', 0, 0),
(523, 1, 523, '2019-05-17', '1', '', 4, 'Pass', '2019-05-17 00:00:00', 4, '0000-00-00 00:00:00', 0, 0),
(524, 1, 524, '2019-05-17', '1', '', 4, 'Pass', '2019-05-17 00:00:00', 4, '0000-00-00 00:00:00', 0, 0),
(525, 1, 525, '2019-05-17', '1', '', 4, 'Pass', '2019-05-17 00:00:00', 4, '0000-00-00 00:00:00', 0, 0),
(526, 1, 526, '2019-05-17', '1', '', 4, 'Pass', '2019-05-17 00:00:00', 4, '0000-00-00 00:00:00', 0, 0),
(527, 1, 527, '2019-05-17', '1', '', 4, 'Pass', '2019-05-17 00:00:00', 4, '0000-00-00 00:00:00', 0, 0),
(528, 1, 528, '2019-05-17', '1', '', 4, 'Pass', '2019-05-17 00:00:00', 4, '0000-00-00 00:00:00', 0, 0),
(529, 1, 529, '2019-05-17', '1', '', 4, 'Pass', '2019-05-17 00:00:00', 4, '0000-00-00 00:00:00', 0, 0),
(530, 1, 530, '2019-05-17', '1', '', 4, 'Pass', '2019-05-17 00:00:00', 4, '0000-00-00 00:00:00', 0, 0),
(531, 1, 531, '2019-05-17', '1', '', 4, 'Pass', '2019-05-17 00:00:00', 4, '0000-00-00 00:00:00', 0, 0),
(532, 1, 532, '2019-05-17', '1', '', 4, 'Pass', '2019-05-17 00:00:00', 4, '0000-00-00 00:00:00', 0, 0),
(533, 1, 533, '2019-05-17', '1', '', 4, 'Pass', '2019-05-17 00:00:00', 4, '0000-00-00 00:00:00', 0, 0),
(534, 1, 534, '2019-05-17', '1', '', 4, 'Pass', '2019-05-17 00:00:00', 4, '0000-00-00 00:00:00', 0, 0),
(535, 1, 535, '2019-05-17', '1', '', 4, 'Pass', '2019-05-17 00:00:00', 4, '0000-00-00 00:00:00', 0, 0),
(536, 1, 536, '2019-05-17', '1', '', 4, 'Pass', '2019-05-17 00:00:00', 4, '0000-00-00 00:00:00', 0, 0),
(537, 1, 537, '2019-05-17', '1', '', 4, 'Pass', '2019-05-17 00:00:00', 4, '0000-00-00 00:00:00', 0, 0),
(538, 1, 538, '2019-05-17', '1', '', 4, 'Pass', '2019-05-17 00:00:00', 4, '0000-00-00 00:00:00', 0, 0),
(539, 1, 539, '2019-05-17', '1', '', 4, 'Pass', '2019-05-17 00:00:00', 4, '0000-00-00 00:00:00', 0, 0),
(540, 1, 540, '2019-05-17', '1', '', 4, 'Pass', '2019-05-17 00:00:00', 4, '0000-00-00 00:00:00', 0, 0),
(541, 1, 541, '2019-05-17', '1', '', 4, 'Pass', '2019-05-17 00:00:00', 4, '0000-00-00 00:00:00', 0, 0),
(542, 1, 542, '2019-05-17', '1', '', 4, 'Pass', '2019-05-17 00:00:00', 4, '0000-00-00 00:00:00', 0, 0),
(543, 1, 543, '2019-05-17', '1', '', 4, 'Pass', '2019-05-17 00:00:00', 4, '0000-00-00 00:00:00', 0, 0),
(544, 1, 544, '2019-05-17', '1', '', 4, 'Pass', '2019-05-17 00:00:00', 4, '0000-00-00 00:00:00', 0, 0),
(545, 1, 545, '2019-05-17', '1', '', 4, 'Pass', '2019-05-17 00:00:00', 4, '0000-00-00 00:00:00', 0, 0),
(546, 1, 546, '2019-05-17', '1', '', 4, 'Pass', '2019-05-17 00:00:00', 4, '0000-00-00 00:00:00', 0, 0),
(547, 1, 547, '2019-05-17', '1', '', 4, 'Pass', '2019-05-17 00:00:00', 4, '0000-00-00 00:00:00', 0, 0),
(548, 1, 548, '2019-05-17', '1', '', 4, 'Pass', '2019-05-17 00:00:00', 4, '0000-00-00 00:00:00', 0, 0),
(549, 1, 549, '2019-05-17', '1', '', 4, 'Pass', '2019-05-17 00:00:00', 4, '0000-00-00 00:00:00', 0, 0),
(550, 1, 550, '2019-05-17', '1', '', 4, 'Pass', '2019-05-17 00:00:00', 4, '0000-00-00 00:00:00', 0, 0),
(551, 1, 551, '2019-05-17', '1', '', 4, 'Pass', '2019-05-17 00:00:00', 4, '0000-00-00 00:00:00', 0, 0),
(552, 1, 552, '2019-05-17', '1', '', 4, 'Pass', '2019-05-17 00:00:00', 4, '0000-00-00 00:00:00', 0, 0),
(553, 1, 553, '2019-05-17', '1', '', 4, 'Pass', '2019-05-17 00:00:00', 4, '0000-00-00 00:00:00', 0, 0),
(554, 1, 554, '2019-05-17', '1', '', 4, 'Pass', '2019-05-17 00:00:00', 4, '0000-00-00 00:00:00', 0, 0),
(555, 1, 555, '2019-05-17', '1', '', 4, 'Pass', '2019-05-17 00:00:00', 4, '0000-00-00 00:00:00', 0, 0),
(556, 1, 556, '2019-05-17', '1', '', 4, 'Pass', '2019-05-17 00:00:00', 4, '0000-00-00 00:00:00', 0, 0),
(557, 1, 557, '2019-05-17', '1', '', 4, 'Pass', '2019-05-17 00:00:00', 4, '0000-00-00 00:00:00', 0, 0),
(558, 1, 558, '2019-05-17', '1', '', 4, 'Pass', '2019-05-17 00:00:00', 4, '0000-00-00 00:00:00', 0, 0),
(559, 1, 559, '2019-05-17', '1', '', 4, 'Pass', '2019-05-17 00:00:00', 4, '0000-00-00 00:00:00', 0, 0),
(560, 1, 560, '2019-05-17', '1', '', 4, 'Pass', '2019-05-17 00:00:00', 4, '0000-00-00 00:00:00', 0, 0),
(561, 1, 561, '2019-05-17', '1', '', 4, 'Pass', '2019-05-17 00:00:00', 4, '0000-00-00 00:00:00', 0, 0),
(562, 1, 562, '2019-05-17', '1', '', 4, 'Pass', '2019-05-17 00:00:00', 4, '0000-00-00 00:00:00', 0, 0),
(563, 1, 563, '2019-05-17', '1', '', 4, 'Pass', '2019-05-17 00:00:00', 4, '0000-00-00 00:00:00', 0, 0),
(564, 1, 564, '2019-05-17', '1', '', 4, 'Pass', '2019-05-17 00:00:00', 4, '0000-00-00 00:00:00', 0, 0),
(565, 1, 565, '2019-05-17', '1', '', 4, 'Pass', '2019-05-17 00:00:00', 4, '0000-00-00 00:00:00', 0, 0),
(566, 1, 566, '2019-05-17', '1', '', 4, 'Pass', '2019-05-17 00:00:00', 4, '0000-00-00 00:00:00', 0, 0),
(567, 1, 567, '2019-05-17', '1', '', 4, 'Pass', '2019-05-17 00:00:00', 4, '0000-00-00 00:00:00', 0, 0),
(568, 1, 568, '2019-05-17', '1', '', 4, 'Pass', '2019-05-17 00:00:00', 4, '0000-00-00 00:00:00', 0, 0),
(569, 1, 569, '2019-05-17', '1', '', 4, 'Pass', '2019-05-17 00:00:00', 4, '0000-00-00 00:00:00', 0, 0),
(570, 1, 570, '2019-05-17', '1', '', 4, 'Pass', '2019-05-17 00:00:00', 4, '0000-00-00 00:00:00', 0, 0),
(571, 1, 571, '2019-05-17', '1', '', 4, 'Pass', '2019-05-17 00:00:00', 4, '0000-00-00 00:00:00', 0, 0),
(572, 1, 572, '2019-05-17', '1', '', 4, 'Pass', '2019-05-17 00:00:00', 4, '0000-00-00 00:00:00', 0, 0),
(573, 1, 573, '2019-05-17', '1', '', 4, 'Pass', '2019-05-17 00:00:00', 4, '0000-00-00 00:00:00', 0, 0),
(574, 1, 574, '2019-05-17', '1', '', 4, 'Pass', '2019-05-17 00:00:00', 4, '0000-00-00 00:00:00', 0, 0),
(575, 1, 575, '2019-05-17', '1', '', 4, 'Pass', '2019-05-17 00:00:00', 4, '0000-00-00 00:00:00', 0, 0),
(576, 1, 576, '2019-05-17', '1', '', 4, 'Pass', '2019-05-17 00:00:00', 4, '0000-00-00 00:00:00', 0, 0),
(577, 1, 577, '2019-05-17', '1', '', 4, 'Pass', '2019-05-17 00:00:00', 4, '0000-00-00 00:00:00', 0, 0),
(578, 1, 578, '2019-05-17', '1', '', 4, 'Pass', '2019-05-17 00:00:00', 4, '0000-00-00 00:00:00', 0, 0),
(579, 1, 579, '2019-05-17', '1', '', 4, 'Pass', '2019-05-17 00:00:00', 4, '0000-00-00 00:00:00', 0, 0),
(580, 1, 580, '2019-05-17', '1', '', 4, 'Pass', '2019-05-17 00:00:00', 4, '0000-00-00 00:00:00', 0, 0),
(581, 1, 581, '2019-05-17', '1', '', 4, 'Pass', '2019-05-17 00:00:00', 4, '0000-00-00 00:00:00', 0, 0),
(582, 1, 582, '2019-05-17', '1', '', 4, 'Pass', '2019-05-17 00:00:00', 4, '0000-00-00 00:00:00', 0, 0),
(583, 1, 583, '2019-05-17', '1', '', 4, 'Pass', '2019-05-17 00:00:00', 4, '0000-00-00 00:00:00', 0, 0),
(584, 1, 584, '2019-05-17', '1', '', 4, 'Pass', '2019-05-17 00:00:00', 4, '0000-00-00 00:00:00', 0, 0),
(585, 1, 585, '2019-05-17', '1', '', 4, 'Pass', '2019-05-17 00:00:00', 4, '0000-00-00 00:00:00', 0, 0),
(586, 1, 586, '2019-05-17', '1', '', 4, 'Pass', '2019-05-17 00:00:00', 4, '0000-00-00 00:00:00', 0, 0),
(587, 1, 587, '2019-05-17', '1', '', 4, 'Pass', '2019-05-17 00:00:00', 4, '0000-00-00 00:00:00', 0, 0),
(588, 1, 588, '2019-05-17', '1', '', 4, 'Pass', '2019-05-17 00:00:00', 4, '0000-00-00 00:00:00', 0, 0),
(589, 1, 589, '2019-05-17', '1', '', 4, 'Pass', '2019-05-17 00:00:00', 4, '0000-00-00 00:00:00', 0, 0),
(590, 1, 590, '2019-05-17', '1', '', 4, 'Pass', '2019-05-17 00:00:00', 4, '0000-00-00 00:00:00', 0, 0),
(591, 1, 591, '2019-05-17', '1', '', 4, 'Pass', '2019-05-17 00:00:00', 4, '0000-00-00 00:00:00', 0, 0),
(592, 1, 592, '2019-05-17', '1', '', 4, 'Pass', '2019-05-17 00:00:00', 4, '0000-00-00 00:00:00', 0, 0),
(593, 1, 593, '2019-05-17', '1', '', 4, 'Pass', '2019-05-17 00:00:00', 4, '0000-00-00 00:00:00', 0, 0),
(594, 1, 594, '2019-05-17', '1', '', 4, 'Pass', '2019-05-17 00:00:00', 4, '0000-00-00 00:00:00', 0, 0),
(595, 1, 595, '2019-05-17', '1', '', 4, 'Pass', '2019-05-17 00:00:00', 4, '0000-00-00 00:00:00', 0, 0),
(596, 1, 596, '2019-05-17', '1', '', 4, 'Pass', '2019-05-17 00:00:00', 4, '0000-00-00 00:00:00', 0, 0),
(597, 1, 597, '2019-05-17', '1', '', 4, 'Pass', '2019-05-17 00:00:00', 4, '0000-00-00 00:00:00', 0, 0),
(598, 1, 598, '2019-05-17', '1', '', 4, 'Pass', '2019-05-17 00:00:00', 4, '0000-00-00 00:00:00', 0, 0),
(599, 1, 599, '2019-05-17', '1', '', 4, 'Pass', '2019-05-17 00:00:00', 4, '0000-00-00 00:00:00', 0, 0),
(600, 1, 600, '2019-05-17', '1', '', 4, 'Pass', '2019-05-17 00:00:00', 4, '0000-00-00 00:00:00', 0, 0),
(601, 1, 601, '2019-05-17', '1', '', 4, 'Pass', '2019-05-17 00:00:00', 4, '0000-00-00 00:00:00', 0, 0),
(602, 1, 602, '2019-05-17', '1', '', 4, 'Pass', '2019-05-17 00:00:00', 4, '0000-00-00 00:00:00', 0, 0),
(603, 1, 603, '2019-05-17', '1', '', 4, 'Pass', '2019-05-17 00:00:00', 4, '0000-00-00 00:00:00', 0, 0),
(604, 1, 604, '2019-05-17', '1', '', 4, 'Pass', '2019-05-17 00:00:00', 4, '0000-00-00 00:00:00', 0, 0),
(605, 1, 605, '2019-05-17', '1', '', 4, 'Pass', '2019-05-17 00:00:00', 4, '0000-00-00 00:00:00', 0, 0),
(606, 1, 606, '2019-05-17', '1', '', 4, 'Pass', '2019-05-17 00:00:00', 4, '0000-00-00 00:00:00', 0, 0),
(607, 1, 607, '2019-05-17', '1', '', 4, 'Pass', '2019-05-17 00:00:00', 4, '0000-00-00 00:00:00', 0, 0),
(608, 1, 608, '2019-05-17', '1', '', 4, 'Pass', '2019-05-17 00:00:00', 4, '0000-00-00 00:00:00', 0, 0),
(609, 1, 609, '2019-05-17', '1', '', 4, 'Pass', '2019-05-17 00:00:00', 4, '0000-00-00 00:00:00', 0, 0),
(610, 1, 610, '2019-05-17', '1', '', 4, 'Pass', '2019-05-17 00:00:00', 4, '0000-00-00 00:00:00', 0, 0),
(611, 1, 611, '2019-05-17', '1', '', 4, 'Pass', '2019-05-17 00:00:00', 4, '0000-00-00 00:00:00', 0, 0),
(612, 1, 612, '2019-05-17', '1', '', 4, 'Pass', '2019-05-17 00:00:00', 4, '0000-00-00 00:00:00', 0, 0),
(613, 1, 613, '2019-05-17', '1', '', 4, 'Pass', '2019-05-17 00:00:00', 4, '0000-00-00 00:00:00', 0, 0),
(614, 1, 614, '2019-05-17', '1', '', 4, 'Pass', '2019-05-17 00:00:00', 4, '0000-00-00 00:00:00', 0, 0),
(615, 1, 615, '2019-05-17', '1', '', 4, 'Pass', '2019-05-17 00:00:00', 4, '0000-00-00 00:00:00', 0, 0),
(616, 1, 616, '2019-05-17', '1', '', 4, 'Pass', '2019-05-17 00:00:00', 4, '0000-00-00 00:00:00', 0, 0),
(617, 1, 617, '2019-05-17', '1', '', 4, 'Pass', '2019-05-17 00:00:00', 4, '0000-00-00 00:00:00', 0, 0),
(618, 1, 618, '2019-05-17', '1', '', 4, 'Pass', '2019-05-17 00:00:00', 4, '0000-00-00 00:00:00', 0, 0),
(619, 1, 619, '2019-05-17', '1', '', 4, 'Pass', '2019-05-17 00:00:00', 4, '0000-00-00 00:00:00', 0, 0),
(620, 1, 620, '2019-05-17', '1', '', 4, 'Pass', '2019-05-17 00:00:00', 4, '0000-00-00 00:00:00', 0, 0),
(621, 1, 621, '2019-05-17', '1', '', 4, 'Pass', '2019-05-17 00:00:00', 4, '0000-00-00 00:00:00', 0, 0),
(622, 1, 622, '2019-05-17', '1', '', 4, 'Pass', '2019-05-17 00:00:00', 4, '0000-00-00 00:00:00', 0, 0),
(623, 1, 623, '2019-05-17', '1', '', 4, 'Pass', '2019-05-17 00:00:00', 4, '0000-00-00 00:00:00', 0, 0),
(624, 1, 624, '2019-05-17', '1', '', 4, 'Pass', '2019-05-17 00:00:00', 4, '0000-00-00 00:00:00', 0, 0),
(625, 1, 625, '2019-05-17', '1', '', 4, 'Pass', '2019-05-17 00:00:00', 4, '0000-00-00 00:00:00', 0, 0),
(626, 1, 626, '2019-05-17', '1', '', 4, 'Pass', '2019-05-17 00:00:00', 4, '0000-00-00 00:00:00', 0, 0),
(627, 1, 627, '2019-05-17', '1', '', 4, 'Pass', '2019-05-17 00:00:00', 4, '0000-00-00 00:00:00', 0, 0),
(628, 1, 628, '2019-05-17', '1', '', 4, 'Pass', '2019-05-17 00:00:00', 4, '0000-00-00 00:00:00', 0, 0),
(629, 1, 629, '2019-05-17', '1', '', 4, 'Pass', '2019-05-17 00:00:00', 4, '0000-00-00 00:00:00', 0, 0),
(630, 1, 630, '2019-05-17', '1', '', 4, 'Pass', '2019-05-17 00:00:00', 4, '0000-00-00 00:00:00', 0, 0),
(631, 1, 631, '2019-05-17', '1', '', 4, 'Pass', '2019-05-17 00:00:00', 4, '0000-00-00 00:00:00', 0, 0),
(632, 1, 632, '2019-05-17', '1', '', 4, 'Pass', '2019-05-17 00:00:00', 4, '0000-00-00 00:00:00', 0, 0),
(633, 1, 633, '2019-05-17', '1', '', 4, 'Pass', '2019-05-17 00:00:00', 4, '0000-00-00 00:00:00', 0, 0),
(634, 1, 634, '2019-05-17', '1', '', 4, 'Pass', '2019-05-17 00:00:00', 4, '0000-00-00 00:00:00', 0, 0),
(635, 1, 635, '2019-05-17', '1', '', 4, 'Pass', '2019-05-17 00:00:00', 4, '0000-00-00 00:00:00', 0, 0),
(636, 1, 636, '2019-05-17', '1', '', 4, 'Pass', '2019-05-17 00:00:00', 4, '0000-00-00 00:00:00', 0, 0),
(637, 1, 637, '2019-05-17', '1', '', 4, 'Pass', '2019-05-17 00:00:00', 4, '0000-00-00 00:00:00', 0, 0),
(638, 1, 638, '2019-05-17', '1', '', 4, 'Pass', '2019-05-17 00:00:00', 4, '0000-00-00 00:00:00', 0, 0),
(639, 1, 639, '2019-05-17', '1', '', 4, 'Pass', '2019-05-17 00:00:00', 4, '0000-00-00 00:00:00', 0, 0),
(640, 1, 640, '2019-05-17', '1', '', 4, 'Pass', '2019-05-17 00:00:00', 4, '0000-00-00 00:00:00', 0, 0),
(641, 1, 641, '2019-05-17', '1', '', 4, 'Pass', '2019-05-17 00:00:00', 4, '0000-00-00 00:00:00', 0, 0),
(642, 1, 642, '2019-05-17', '1', '', 4, 'Pass', '2019-05-17 00:00:00', 4, '0000-00-00 00:00:00', 0, 0),
(643, 1, 643, '2019-05-17', '1', '', 4, 'Pass', '2019-05-17 00:00:00', 4, '0000-00-00 00:00:00', 0, 0),
(644, 1, 644, '2019-05-17', '1', '', 4, 'Pass', '2019-05-17 00:00:00', 4, '0000-00-00 00:00:00', 0, 0),
(645, 1, 645, '2019-05-17', '1', '', 4, 'Pass', '2019-05-17 00:00:00', 4, '0000-00-00 00:00:00', 0, 0),
(646, 1, 646, '2019-05-17', '1', '', 4, 'Pass', '2019-05-17 00:00:00', 4, '0000-00-00 00:00:00', 0, 0),
(647, 1, 647, '2019-05-17', '1', '', 4, 'Pass', '2019-05-17 00:00:00', 4, '0000-00-00 00:00:00', 0, 0),
(648, 1, 648, '2019-05-17', '1', '', 4, 'Pass', '2019-05-17 00:00:00', 4, '0000-00-00 00:00:00', 0, 0),
(649, 1, 649, '2019-05-17', '1', '', 4, 'Pass', '2019-05-17 00:00:00', 4, '0000-00-00 00:00:00', 0, 0),
(650, 1, 650, '2019-05-17', '1', '', 4, 'Pass', '2019-05-17 00:00:00', 4, '0000-00-00 00:00:00', 0, 0),
(651, 1, 651, '2019-05-17', '1', '', 4, 'Pass', '2019-05-17 00:00:00', 4, '0000-00-00 00:00:00', 0, 0),
(652, 1, 652, '2019-05-17', '1', '', 4, 'Pass', '2019-05-17 00:00:00', 4, '0000-00-00 00:00:00', 0, 0),
(653, 1, 653, '2019-05-17', '1', '', 4, 'Pass', '2019-05-17 00:00:00', 4, '0000-00-00 00:00:00', 0, 0),
(654, 1, 654, '2019-05-17', '1', '', 4, 'Pass', '2019-05-17 00:00:00', 4, '0000-00-00 00:00:00', 0, 0),
(655, 1, 655, '2019-05-17', '1', '', 4, 'Pass', '2019-05-17 00:00:00', 4, '0000-00-00 00:00:00', 0, 0),
(656, 1, 656, '2019-05-17', '1', '', 4, 'Pass', '2019-05-17 00:00:00', 4, '0000-00-00 00:00:00', 0, 0),
(657, 1, 657, '2019-05-17', '1', '', 4, 'Pass', '2019-05-17 00:00:00', 4, '0000-00-00 00:00:00', 0, 0),
(658, 1, 658, '2019-05-17', '1', '', 4, 'Pass', '2019-05-17 00:00:00', 4, '0000-00-00 00:00:00', 0, 0),
(659, 1, 659, '2019-05-17', '1', '', 4, 'Pass', '2019-05-17 00:00:00', 4, '0000-00-00 00:00:00', 0, 0),
(660, 1, 660, '2019-05-17', '1', '', 4, 'Pass', '2019-05-17 00:00:00', 4, '0000-00-00 00:00:00', 0, 0),
(661, 1, 661, '2019-05-17', '1', '', 4, 'Pass', '2019-05-17 00:00:00', 4, '0000-00-00 00:00:00', 0, 0),
(662, 1, 662, '2019-05-17', '1', '', 4, 'Pass', '2019-05-17 00:00:00', 4, '0000-00-00 00:00:00', 0, 0),
(663, 1, 663, '2019-05-17', '1', '', 4, 'Pass', '2019-05-17 00:00:00', 4, '0000-00-00 00:00:00', 0, 0),
(664, 1, 664, '2019-05-17', '1', '', 4, 'Pass', '2019-05-17 00:00:00', 4, '0000-00-00 00:00:00', 0, 0),
(665, 1, 665, '2019-05-17', '1', '', 4, 'Pass', '2019-05-17 00:00:00', 4, '0000-00-00 00:00:00', 0, 0),
(666, 1, 666, '2019-05-17', '1', '', 4, 'Pass', '2019-05-17 00:00:00', 4, '0000-00-00 00:00:00', 0, 0),
(667, 1, 667, '2019-05-17', '1', '', 4, 'Pass', '2019-05-17 00:00:00', 4, '0000-00-00 00:00:00', 0, 0),
(668, 1, 668, '2019-05-17', '1', '', 4, 'Pass', '2019-05-17 00:00:00', 4, '0000-00-00 00:00:00', 0, 0),
(669, 1, 669, '2019-05-17', '1', '', 4, 'Pass', '2019-05-17 00:00:00', 4, '0000-00-00 00:00:00', 0, 0),
(670, 1, 670, '2019-05-17', '1', '', 4, 'Pass', '2019-05-17 00:00:00', 4, '0000-00-00 00:00:00', 0, 0),
(671, 1, 671, '2019-05-17', '1', '', 4, 'Pass', '2019-05-17 00:00:00', 4, '0000-00-00 00:00:00', 0, 0),
(672, 1, 672, '2019-05-17', '1', '', 4, 'Pass', '2019-05-17 00:00:00', 4, '0000-00-00 00:00:00', 0, 0),
(673, 1, 673, '2019-05-17', '1', '', 4, 'Pass', '2019-05-17 00:00:00', 4, '0000-00-00 00:00:00', 0, 0),
(674, 1, 674, '2019-05-17', '1', '', 4, 'Pass', '2019-05-17 00:00:00', 4, '0000-00-00 00:00:00', 0, 0),
(675, 1, 675, '2019-05-17', '1', '', 4, 'Pass', '2019-05-17 00:00:00', 4, '0000-00-00 00:00:00', 0, 0),
(676, 1, 676, '2019-05-17', '1', '', 4, 'Pass', '2019-05-17 00:00:00', 4, '0000-00-00 00:00:00', 0, 0),
(677, 1, 677, '2019-05-17', '1', '', 4, 'Pass', '2019-05-17 00:00:00', 4, '0000-00-00 00:00:00', 0, 0),
(678, 1, 678, '2019-05-17', '1', '', 4, 'Pass', '2019-05-17 00:00:00', 4, '0000-00-00 00:00:00', 0, 0),
(679, 1, 679, '2019-05-17', '1', '', 4, 'Pass', '2019-05-17 00:00:00', 4, '0000-00-00 00:00:00', 0, 0),
(680, 1, 680, '2019-05-17', '1', '', 4, 'Pass', '2019-05-17 00:00:00', 4, '0000-00-00 00:00:00', 0, 0),
(681, 1, 681, '2019-05-17', '1', '', 4, 'Pass', '2019-05-17 00:00:00', 4, '0000-00-00 00:00:00', 0, 0),
(682, 1, 682, '2019-05-17', '1', '', 4, 'Pass', '2019-05-17 00:00:00', 4, '0000-00-00 00:00:00', 0, 0),
(683, 1, 683, '2019-05-17', '1', '', 4, 'Pass', '2019-05-17 00:00:00', 4, '0000-00-00 00:00:00', 0, 0),
(684, 1, 684, '2019-05-17', '1', '', 4, 'Pass', '2019-05-17 00:00:00', 4, '0000-00-00 00:00:00', 0, 0),
(685, 1, 685, '2019-05-17', '1', '', 4, 'Pass', '2019-05-17 00:00:00', 4, '0000-00-00 00:00:00', 0, 0),
(686, 1, 686, '2019-05-17', '1', '', 4, 'Pass', '2019-05-17 00:00:00', 4, '0000-00-00 00:00:00', 0, 0),
(687, 1, 687, '2019-05-17', '1', '', 4, 'Pass', '2019-05-17 00:00:00', 4, '0000-00-00 00:00:00', 0, 0),
(688, 1, 688, '2019-05-17', '1', '', 4, 'Pass', '2019-05-17 00:00:00', 4, '0000-00-00 00:00:00', 0, 0),
(689, 1, 689, '2019-05-17', '1', '', 4, 'Pass', '2019-05-17 00:00:00', 4, '0000-00-00 00:00:00', 0, 0),
(690, 1, 690, '2019-05-17', '1', '', 4, 'Pass', '2019-05-17 00:00:00', 4, '0000-00-00 00:00:00', 0, 0),
(691, 1, 691, '2019-05-17', '1', '', 4, 'Pass', '2019-05-17 00:00:00', 4, '0000-00-00 00:00:00', 0, 0),
(692, 1, 692, '2019-05-17', '1', '', 4, 'Pass', '2019-05-17 00:00:00', 4, '0000-00-00 00:00:00', 0, 0),
(693, 1, 693, '2019-05-17', '1', '', 4, 'Pass', '2019-05-17 00:00:00', 4, '0000-00-00 00:00:00', 0, 0),
(694, 1, 694, '2019-05-17', '1', '', 4, 'Pass', '2019-05-17 00:00:00', 4, '0000-00-00 00:00:00', 0, 0),
(695, 1, 695, '2019-05-17', '1', '', 4, 'Pass', '2019-05-17 00:00:00', 4, '0000-00-00 00:00:00', 0, 0),
(696, 1, 696, '2019-05-17', '1', '', 4, 'Pass', '2019-05-17 00:00:00', 4, '0000-00-00 00:00:00', 0, 0),
(697, 1, 697, '2019-05-17', '1', '', 4, 'Pass', '2019-05-17 00:00:00', 4, '0000-00-00 00:00:00', 0, 0),
(698, 1, 698, '2019-05-17', '1', '', 4, 'Pass', '2019-05-17 00:00:00', 4, '0000-00-00 00:00:00', 0, 0),
(699, 1, 699, '2019-05-17', '1', '', 4, 'Pass', '2019-05-17 00:00:00', 4, '0000-00-00 00:00:00', 0, 0),
(700, 1, 700, '2019-05-17', '1', '', 4, 'Pass', '2019-05-17 00:00:00', 4, '0000-00-00 00:00:00', 0, 0),
(701, 1, 701, '2019-05-17', '1', '', 4, 'Pass', '2019-05-17 00:00:00', 4, '0000-00-00 00:00:00', 0, 0),
(702, 1, 702, '2019-05-17', '1', '', 4, 'Pass', '2019-05-17 00:00:00', 4, '0000-00-00 00:00:00', 0, 0),
(703, 1, 703, '2019-05-17', '1', '', 4, 'Pass', '2019-05-17 00:00:00', 4, '0000-00-00 00:00:00', 0, 0),
(704, 1, 704, '2019-05-17', '1', '', 4, 'Pass', '2019-05-17 00:00:00', 4, '0000-00-00 00:00:00', 0, 0),
(705, 1, 705, '2019-05-17', '1', '', 4, 'Pass', '2019-05-17 00:00:00', 4, '0000-00-00 00:00:00', 0, 0),
(706, 1, 706, '2019-05-17', '1', '', 4, 'Pass', '2019-05-17 00:00:00', 4, '0000-00-00 00:00:00', 0, 0),
(707, 1, 707, '2019-05-17', '1', '', 4, 'Pass', '2019-05-17 00:00:00', 4, '0000-00-00 00:00:00', 0, 0),
(708, 1, 708, '2019-05-17', '1', '', 4, 'Pass', '2019-05-17 00:00:00', 4, '0000-00-00 00:00:00', 0, 0),
(709, 1, 709, '2019-05-17', '1', '', 4, 'Pass', '2019-05-17 00:00:00', 4, '0000-00-00 00:00:00', 0, 0),
(710, 1, 710, '2019-05-17', '1', '', 4, 'Pass', '2019-05-17 00:00:00', 4, '0000-00-00 00:00:00', 0, 0),
(711, 1, 711, '2019-05-17', '1', '', 4, 'Pass', '2019-05-17 00:00:00', 4, '0000-00-00 00:00:00', 0, 0),
(712, 1, 712, '2019-05-17', '1', '', 4, 'Pass', '2019-05-17 00:00:00', 4, '0000-00-00 00:00:00', 0, 0),
(713, 1, 713, '2019-05-17', '1', '', 4, 'Pass', '2019-05-17 00:00:00', 4, '0000-00-00 00:00:00', 0, 0),
(714, 1, 714, '2019-05-17', '1', '', 4, 'Pass', '2019-05-17 00:00:00', 4, '0000-00-00 00:00:00', 0, 0),
(715, 1, 715, '2019-05-17', '1', '', 4, 'Pass', '2019-05-17 00:00:00', 4, '0000-00-00 00:00:00', 0, 0),
(716, 1, 716, '2019-05-17', '1', '', 4, 'Pass', '2019-05-17 00:00:00', 4, '0000-00-00 00:00:00', 0, 0),
(717, 1, 717, '2019-05-17', '1', '', 4, 'Pass', '2019-05-17 00:00:00', 4, '0000-00-00 00:00:00', 0, 0),
(718, 1, 718, '2019-05-17', '1', '', 4, 'Pass', '2019-05-17 00:00:00', 4, '0000-00-00 00:00:00', 0, 0),
(719, 1, 719, '2019-05-17', '1', '', 4, 'Pass', '2019-05-17 00:00:00', 4, '0000-00-00 00:00:00', 0, 0),
(720, 1, 720, '2019-05-17', '1', '', 4, 'Pass', '2019-05-17 00:00:00', 4, '0000-00-00 00:00:00', 0, 0),
(721, 1, 721, '2019-05-17', '1', '', 4, 'Pass', '2019-05-17 00:00:00', 4, '0000-00-00 00:00:00', 0, 0),
(722, 1, 722, '2019-05-17', '1', '', 4, 'Pass', '2019-05-17 00:00:00', 4, '0000-00-00 00:00:00', 0, 0),
(723, 1, 723, '2019-05-17', '1', '', 4, 'Pass', '2019-05-17 00:00:00', 4, '0000-00-00 00:00:00', 0, 0),
(724, 1, 724, '2019-05-17', '1', '', 4, 'Pass', '2019-05-17 00:00:00', 4, '0000-00-00 00:00:00', 0, 0),
(725, 1, 725, '2019-05-17', '1', '', 4, 'Pass', '2019-05-17 00:00:00', 4, '0000-00-00 00:00:00', 0, 0),
(726, 1, 726, '2019-05-17', '1', '', 4, 'Pass', '2019-05-17 00:00:00', 4, '0000-00-00 00:00:00', 0, 0),
(727, 1, 727, '2019-05-17', '1', '', 4, 'Pass', '2019-05-17 00:00:00', 4, '0000-00-00 00:00:00', 0, 0),
(728, 1, 728, '2019-05-17', '1', '', 4, 'Pass', '2019-05-17 00:00:00', 4, '0000-00-00 00:00:00', 0, 0),
(729, 1, 729, '2019-05-17', '1', '', 4, 'Pass', '2019-05-17 00:00:00', 4, '0000-00-00 00:00:00', 0, 0),
(730, 1, 730, '2019-05-17', '1', '', 4, 'Pass', '2019-05-17 00:00:00', 4, '0000-00-00 00:00:00', 0, 0),
(731, 1, 731, '2019-05-17', '1', '', 4, 'Pass', '2019-05-17 00:00:00', 4, '0000-00-00 00:00:00', 0, 0),
(732, 1, 732, '2019-05-17', '1', '', 4, 'Pass', '2019-05-17 00:00:00', 4, '0000-00-00 00:00:00', 0, 0),
(733, 1, 733, '2019-05-17', '1', '', 4, 'Pass', '2019-05-17 00:00:00', 4, '0000-00-00 00:00:00', 0, 0),
(734, 1, 734, '2019-05-17', '1', '', 4, 'Pass', '2019-05-17 00:00:00', 4, '0000-00-00 00:00:00', 0, 0),
(735, 1, 735, '2019-05-17', '1', '', 4, 'Pass', '2019-05-17 00:00:00', 4, '0000-00-00 00:00:00', 0, 0),
(736, 1, 736, '2019-05-17', '1', '', 4, 'Pass', '2019-05-17 00:00:00', 4, '0000-00-00 00:00:00', 0, 0),
(737, 1, 737, '2019-05-17', '1', '', 4, 'Pass', '2019-05-17 00:00:00', 4, '0000-00-00 00:00:00', 0, 0),
(738, 1, 738, '2019-05-17', '1', '', 4, 'Pass', '2019-05-17 00:00:00', 4, '0000-00-00 00:00:00', 0, 0),
(739, 1, 739, '2019-05-17', '1', '', 4, 'Pass', '2019-05-17 00:00:00', 4, '0000-00-00 00:00:00', 0, 0),
(740, 1, 740, '2019-05-17', '1', '', 4, 'Pass', '2019-05-17 00:00:00', 4, '0000-00-00 00:00:00', 0, 0),
(741, 1, 741, '2019-05-17', '1', '', 4, 'Pass', '2019-05-17 00:00:00', 4, '0000-00-00 00:00:00', 0, 0),
(742, 1, 742, '2019-05-17', '1', '', 4, 'Pass', '2019-05-17 00:00:00', 4, '0000-00-00 00:00:00', 0, 0),
(743, 1, 743, '2019-05-17', '1', '', 4, 'Pass', '2019-05-17 00:00:00', 4, '0000-00-00 00:00:00', 0, 0),
(744, 1, 744, '2019-05-17', '1', '', 4, 'Pass', '2019-05-17 00:00:00', 4, '0000-00-00 00:00:00', 0, 0),
(745, 1, 745, '2019-05-17', '1', '', 4, 'Pass', '2019-05-17 00:00:00', 4, '0000-00-00 00:00:00', 0, 0),
(746, 1, 746, '2019-05-17', '1', '', 4, 'Pass', '2019-05-17 00:00:00', 4, '0000-00-00 00:00:00', 0, 0),
(747, 1, 747, '2019-05-17', '1', '', 4, 'Pass', '2019-05-17 00:00:00', 4, '0000-00-00 00:00:00', 0, 0),
(748, 1, 748, '2019-05-17', '1', '', 4, 'Pass', '2019-05-17 00:00:00', 4, '0000-00-00 00:00:00', 0, 0),
(749, 1, 749, '2019-05-17', '1', '', 4, 'Pass', '2019-05-17 00:00:00', 4, '0000-00-00 00:00:00', 0, 0),
(750, 1, 750, '2019-05-17', '1', '', 4, 'Pass', '2019-05-17 00:00:00', 4, '0000-00-00 00:00:00', 0, 0),
(751, 1, 751, '2019-05-17', '1', '', 4, 'Pass', '2019-05-17 00:00:00', 4, '0000-00-00 00:00:00', 0, 0),
(752, 1, 752, '2019-05-17', '1', '', 4, 'Pass', '2019-05-17 00:00:00', 4, '0000-00-00 00:00:00', 0, 0),
(753, 1, 753, '2019-05-17', '1', '', 4, 'Pass', '2019-05-17 00:00:00', 4, '0000-00-00 00:00:00', 0, 0),
(754, 1, 754, '2019-05-17', '1', '', 4, 'Pass', '2019-05-17 00:00:00', 4, '0000-00-00 00:00:00', 0, 0),
(755, 1, 755, '2019-05-17', '1', '', 4, 'Pass', '2019-05-17 00:00:00', 4, '0000-00-00 00:00:00', 0, 0),
(756, 1, 756, '2019-05-17', '1', '', 4, 'Pass', '2019-05-17 00:00:00', 4, '0000-00-00 00:00:00', 0, 0),
(757, 1, 757, '2019-05-17', '1', '', 4, 'Pass', '2019-05-17 00:00:00', 4, '0000-00-00 00:00:00', 0, 0),
(758, 1, 758, '2019-05-17', '1', '', 4, 'Pass', '2019-05-17 00:00:00', 4, '0000-00-00 00:00:00', 0, 0),
(759, 1, 759, '2019-05-17', '1', '', 4, 'Pass', '2019-05-17 00:00:00', 4, '0000-00-00 00:00:00', 0, 0),
(760, 1, 760, '2019-05-17', '1', '', 4, 'Pass', '2019-05-17 00:00:00', 4, '0000-00-00 00:00:00', 0, 0),
(761, 1, 761, '2019-05-17', '1', '', 4, 'Pass', '2019-05-17 00:00:00', 4, '0000-00-00 00:00:00', 0, 0),
(762, 1, 762, '2019-05-17', '1', '', 4, 'Pass', '2019-05-17 00:00:00', 4, '0000-00-00 00:00:00', 0, 0),
(763, 1, 763, '2019-05-17', '1', '', 4, 'Pass', '2019-05-17 00:00:00', 4, '0000-00-00 00:00:00', 0, 0),
(764, 1, 764, '2019-05-17', '1', '', 4, 'Pass', '2019-05-17 00:00:00', 4, '0000-00-00 00:00:00', 0, 0),
(765, 1, 765, '2019-05-17', '1', '', 4, 'Pass', '2019-05-17 00:00:00', 4, '0000-00-00 00:00:00', 0, 0),
(766, 1, 766, '2019-05-17', '1', '', 4, 'Pass', '2019-05-17 00:00:00', 4, '0000-00-00 00:00:00', 0, 0),
(767, 1, 767, '2019-05-17', '1', '', 4, 'Pass', '2019-05-17 00:00:00', 4, '0000-00-00 00:00:00', 0, 0),
(768, 1, 768, '2019-05-17', '1', '', 4, 'Pass', '2019-05-17 00:00:00', 4, '0000-00-00 00:00:00', 0, 0),
(769, 1, 769, '2019-05-17', '1', '', 4, 'Pass', '2019-05-17 00:00:00', 4, '0000-00-00 00:00:00', 0, 0),
(770, 1, 770, '2019-05-17', '1', '', 4, 'Pass', '2019-05-17 00:00:00', 4, '0000-00-00 00:00:00', 0, 0),
(771, 1, 771, '2019-05-17', '1', '', 4, 'Pass', '2019-05-17 00:00:00', 4, '0000-00-00 00:00:00', 0, 0),
(772, 1, 772, '2019-05-17', '1', '', 4, 'Pass', '2019-05-17 00:00:00', 4, '0000-00-00 00:00:00', 0, 0),
(773, 1, 773, '2019-05-17', '1', '', 4, 'Pass', '2019-05-17 00:00:00', 4, '0000-00-00 00:00:00', 0, 0),
(774, 1, 774, '2019-05-17', '1', '', 4, 'Pass', '2019-05-17 00:00:00', 4, '0000-00-00 00:00:00', 0, 0),
(775, 1, 775, '2019-05-17', '1', '', 4, 'Pass', '2019-05-17 00:00:00', 4, '0000-00-00 00:00:00', 0, 0),
(776, 1, 776, '2019-05-17', '1', '', 4, 'Pass', '2019-05-17 00:00:00', 4, '0000-00-00 00:00:00', 0, 0),
(777, 1, 777, '2019-05-17', '1', '', 4, 'Pass', '2019-05-17 00:00:00', 4, '0000-00-00 00:00:00', 0, 0),
(778, 1, 778, '2019-05-17', '1', '', 4, 'Pass', '2019-05-17 00:00:00', 4, '0000-00-00 00:00:00', 0, 0),
(779, 1, 779, '2019-05-17', '1', '', 4, 'Pass', '2019-05-17 00:00:00', 4, '0000-00-00 00:00:00', 0, 0),
(780, 1, 780, '2019-05-17', '1', '', 4, 'Pass', '2019-05-17 00:00:00', 4, '0000-00-00 00:00:00', 0, 0),
(781, 1, 781, '2019-05-17', '1', '', 4, 'Pass', '2019-05-17 00:00:00', 4, '0000-00-00 00:00:00', 0, 0),
(782, 1, 782, '2019-05-17', '1', '', 4, 'Pass', '2019-05-17 00:00:00', 4, '0000-00-00 00:00:00', 0, 0),
(783, 1, 783, '2019-05-17', '1', '', 4, 'Pass', '2019-05-17 00:00:00', 4, '0000-00-00 00:00:00', 0, 0),
(784, 1, 784, '2019-05-17', '1', '', 4, 'Pass', '2019-05-17 00:00:00', 4, '0000-00-00 00:00:00', 0, 0),
(785, 1, 785, '2019-05-17', '1', '', 4, 'Pass', '2019-05-17 00:00:00', 4, '0000-00-00 00:00:00', 0, 0),
(786, 1, 786, '2019-05-17', '1', '', 4, 'Pass', '2019-05-17 00:00:00', 4, '0000-00-00 00:00:00', 0, 0),
(787, 1, 787, '2019-05-17', '1', '', 4, 'Pass', '2019-05-17 00:00:00', 4, '0000-00-00 00:00:00', 0, 0),
(788, 1, 788, '2019-05-17', '1', '', 4, 'Pass', '2019-05-17 00:00:00', 4, '0000-00-00 00:00:00', 0, 0),
(789, 1, 789, '2019-05-17', '1', '', 4, 'Pass', '2019-05-17 00:00:00', 4, '0000-00-00 00:00:00', 0, 0),
(790, 1, 790, '2019-05-17', '1', '', 4, 'Pass', '2019-05-17 00:00:00', 4, '0000-00-00 00:00:00', 0, 0),
(791, 1, 791, '2019-05-17', '1', '', 4, 'Pass', '2019-05-17 00:00:00', 4, '0000-00-00 00:00:00', 0, 0),
(792, 1, 792, '2019-05-17', '1', '', 4, 'Pass', '2019-05-17 00:00:00', 4, '0000-00-00 00:00:00', 0, 0),
(793, 1, 793, '2019-05-17', '1', '', 4, 'Pass', '2019-05-17 00:00:00', 4, '0000-00-00 00:00:00', 0, 0),
(794, 1, 794, '2019-05-17', '1', '', 4, 'Pass', '2019-05-17 00:00:00', 4, '0000-00-00 00:00:00', 0, 0),
(795, 1, 795, '2019-05-17', '1', '', 4, 'Pass', '2019-05-17 00:00:00', 4, '0000-00-00 00:00:00', 0, 0),
(796, 1, 796, '2019-05-17', '1', '', 4, 'Pass', '2019-05-17 00:00:00', 4, '0000-00-00 00:00:00', 0, 0),
(797, 1, 797, '2019-05-17', '1', '', 4, 'Pass', '2019-05-17 00:00:00', 4, '0000-00-00 00:00:00', 0, 0),
(798, 1, 798, '2019-05-17', '1', '', 4, 'Pass', '2019-05-17 00:00:00', 4, '0000-00-00 00:00:00', 0, 0),
(799, 1, 799, '2019-05-17', '1', '', 4, 'Pass', '2019-05-17 00:00:00', 4, '0000-00-00 00:00:00', 0, 0),
(800, 1, 800, '2019-05-17', '1', '', 4, 'Pass', '2019-05-17 00:00:00', 4, '0000-00-00 00:00:00', 0, 0),
(801, 1, 801, '2019-05-17', '1', '', 4, 'Pass', '2019-05-17 00:00:00', 4, '0000-00-00 00:00:00', 0, 0),
(802, 1, 802, '2019-05-17', '1', '', 4, 'Pass', '2019-05-17 00:00:00', 4, '0000-00-00 00:00:00', 0, 0),
(803, 1, 803, '2019-05-17', '1', '', 4, 'Pass', '2019-05-17 00:00:00', 4, '0000-00-00 00:00:00', 0, 0),
(804, 1, 804, '2019-05-17', '1', '', 4, 'Pass', '2019-05-17 00:00:00', 4, '0000-00-00 00:00:00', 0, 0),
(805, 1, 805, '2019-05-17', '1', '', 4, 'Pass', '2019-05-17 00:00:00', 4, '0000-00-00 00:00:00', 0, 0),
(806, 1, 806, '2019-05-17', '1', '', 4, 'Pass', '2019-05-17 00:00:00', 4, '0000-00-00 00:00:00', 0, 0),
(807, 1, 807, '2019-05-17', '1', '', 4, 'Pass', '2019-05-17 00:00:00', 4, '0000-00-00 00:00:00', 0, 0),
(808, 1, 808, '2019-05-17', '1', '', 4, 'Pass', '2019-05-17 00:00:00', 4, '0000-00-00 00:00:00', 0, 0),
(809, 1, 809, '2019-05-17', '1', '', 4, 'Pass', '2019-05-17 00:00:00', 4, '0000-00-00 00:00:00', 0, 0),
(810, 1, 810, '2019-05-17', '1', '', 4, 'Pass', '2019-05-17 00:00:00', 4, '0000-00-00 00:00:00', 0, 0),
(811, 1, 811, '2019-05-17', '1', '', 4, 'Pass', '2019-05-17 00:00:00', 4, '0000-00-00 00:00:00', 0, 0),
(812, 1, 812, '2019-05-17', '1', '', 4, 'Pass', '2019-05-17 00:00:00', 4, '0000-00-00 00:00:00', 0, 0),
(813, 1, 813, '2019-05-17', '1', '', 4, 'Pass', '2019-05-17 00:00:00', 4, '0000-00-00 00:00:00', 0, 0),
(814, 1, 814, '2019-05-17', '1', '', 4, 'Pass', '2019-05-17 00:00:00', 4, '0000-00-00 00:00:00', 0, 0),
(815, 1, 815, '2019-05-17', '1', '', 4, 'Pass', '2019-05-17 00:00:00', 4, '0000-00-00 00:00:00', 0, 0),
(816, 1, 816, '2019-05-17', '1', '', 4, 'Pass', '2019-05-17 00:00:00', 4, '0000-00-00 00:00:00', 0, 0),
(817, 1, 817, '2019-05-17', '1', '', 4, 'Pass', '2019-05-17 00:00:00', 4, '0000-00-00 00:00:00', 0, 0),
(818, 1, 818, '2019-05-17', '1', '', 4, 'Pass', '2019-05-17 00:00:00', 4, '0000-00-00 00:00:00', 0, 0),
(819, 1, 819, '2019-05-17', '1', '', 4, 'Pass', '2019-05-17 00:00:00', 4, '0000-00-00 00:00:00', 0, 0),
(820, 1, 820, '2019-05-17', '1', '', 4, 'Pass', '2019-05-17 00:00:00', 4, '0000-00-00 00:00:00', 0, 0),
(821, 1, 821, '2019-05-17', '1', '', 4, 'Pass', '2019-05-17 00:00:00', 4, '0000-00-00 00:00:00', 0, 0),
(822, 1, 822, '2019-05-17', '1', '', 4, 'Pass', '2019-05-17 00:00:00', 4, '0000-00-00 00:00:00', 0, 0),
(823, 1, 823, '2019-05-17', '1', '', 4, 'Pass', '2019-05-17 00:00:00', 4, '0000-00-00 00:00:00', 0, 0),
(824, 1, 824, '2019-05-17', '1', '', 4, 'Pass', '2019-05-17 00:00:00', 4, '0000-00-00 00:00:00', 0, 0),
(825, 1, 825, '2019-05-17', '1', '', 4, 'Pass', '2019-05-17 00:00:00', 4, '0000-00-00 00:00:00', 0, 0),
(826, 1, 826, '2019-05-17', '1', '', 4, 'Pass', '2019-05-17 00:00:00', 4, '0000-00-00 00:00:00', 0, 0),
(827, 1, 827, '2019-05-17', '1', '', 4, 'Pass', '2019-05-17 00:00:00', 4, '0000-00-00 00:00:00', 0, 0),
(828, 1, 828, '2019-05-17', '1', '', 4, 'Pass', '2019-05-17 00:00:00', 4, '0000-00-00 00:00:00', 0, 0),
(829, 1, 829, '2019-05-17', '1', '', 4, 'Pass', '2019-05-17 00:00:00', 4, '0000-00-00 00:00:00', 0, 0),
(830, 1, 830, '2019-05-17', '1', '', 4, 'Pass', '2019-05-17 00:00:00', 4, '0000-00-00 00:00:00', 0, 0),
(831, 1, 831, '2019-05-17', '1', '', 4, 'Pass', '2019-05-17 00:00:00', 4, '0000-00-00 00:00:00', 0, 0),
(832, 1, 832, '2019-05-17', '1', '', 4, 'Pass', '2019-05-17 00:00:00', 4, '0000-00-00 00:00:00', 0, 0),
(833, 1, 833, '2019-05-17', '1', '', 4, 'Pass', '2019-05-17 00:00:00', 4, '0000-00-00 00:00:00', 0, 0),
(834, 1, 834, '2019-05-17', '1', '', 4, 'Pass', '2019-05-17 00:00:00', 4, '0000-00-00 00:00:00', 0, 0),
(835, 1, 835, '2019-05-17', '1', '', 4, 'Pass', '2019-05-17 00:00:00', 4, '0000-00-00 00:00:00', 0, 0),
(836, 1, 836, '2019-05-17', '1', '', 4, 'Pass', '2019-05-17 00:00:00', 4, '0000-00-00 00:00:00', 0, 0),
(837, 1, 837, '2019-05-17', '1', '', 4, 'Pass', '2019-05-17 00:00:00', 4, '0000-00-00 00:00:00', 0, 0),
(838, 1, 838, '2019-05-17', '1', '', 4, 'Pass', '2019-05-17 00:00:00', 4, '0000-00-00 00:00:00', 0, 0),
(839, 1, 839, '2019-05-17', '1', '', 4, 'Pass', '2019-05-17 00:00:00', 4, '0000-00-00 00:00:00', 0, 0),
(840, 1, 840, '2019-05-17', '1', '', 4, 'Pass', '2019-05-17 00:00:00', 4, '0000-00-00 00:00:00', 0, 0),
(841, 1, 841, '2019-05-17', '1', '', 4, 'Pass', '2019-05-17 00:00:00', 4, '0000-00-00 00:00:00', 0, 0),
(842, 1, 842, '2019-05-17', '1', '', 4, 'Pass', '2019-05-17 00:00:00', 4, '0000-00-00 00:00:00', 0, 0),
(843, 1, 843, '2019-05-17', '1', '', 4, 'Pass', '2019-05-17 00:00:00', 4, '0000-00-00 00:00:00', 0, 0),
(844, 1, 844, '2019-05-17', '1', '', 4, 'Pass', '2019-05-17 00:00:00', 4, '0000-00-00 00:00:00', 0, 0),
(845, 1, 845, '2019-05-17', '1', '', 4, 'Pass', '2019-05-17 00:00:00', 4, '0000-00-00 00:00:00', 0, 0),
(846, 1, 846, '2019-05-17', '1', '', 4, 'Pass', '2019-05-17 00:00:00', 4, '0000-00-00 00:00:00', 0, 0),
(847, 1, 847, '2019-05-17', '1', '', 4, 'Pass', '2019-05-17 00:00:00', 4, '0000-00-00 00:00:00', 0, 0),
(848, 1, 848, '2019-05-17', '1', '', 4, 'Pass', '2019-05-17 00:00:00', 4, '0000-00-00 00:00:00', 0, 0),
(849, 1, 849, '2019-05-17', '1', '', 4, 'Pass', '2019-05-17 00:00:00', 4, '0000-00-00 00:00:00', 0, 0),
(850, 1, 850, '2019-05-17', '1', '', 4, 'Pass', '2019-05-17 00:00:00', 4, '0000-00-00 00:00:00', 0, 0),
(851, 1, 851, '2019-05-17', '1', '', 4, 'Pass', '2019-05-17 00:00:00', 4, '0000-00-00 00:00:00', 0, 0),
(852, 1, 852, '2019-05-17', '1', '', 4, 'Pass', '2019-05-17 00:00:00', 4, '0000-00-00 00:00:00', 0, 0),
(853, 1, 853, '2019-05-17', '1', '', 4, 'Pass', '2019-05-17 00:00:00', 4, '0000-00-00 00:00:00', 0, 0),
(854, 1, 854, '2019-05-17', '1', '', 4, 'Pass', '2019-05-17 00:00:00', 4, '0000-00-00 00:00:00', 0, 0),
(855, 1, 855, '2019-05-17', '1', '', 4, 'Pass', '2019-05-17 00:00:00', 4, '0000-00-00 00:00:00', 0, 0),
(856, 1, 856, '2019-05-17', '1', '', 4, 'Pass', '2019-05-17 00:00:00', 4, '0000-00-00 00:00:00', 0, 0),
(857, 1, 857, '2019-05-17', '1', '', 4, 'Pass', '2019-05-17 00:00:00', 4, '0000-00-00 00:00:00', 0, 0),
(858, 1, 858, '2019-05-17', '1', '', 4, 'Pass', '2019-05-17 00:00:00', 4, '0000-00-00 00:00:00', 0, 0),
(859, 1, 859, '2019-05-17', '1', '', 4, 'Pass', '2019-05-17 00:00:00', 4, '0000-00-00 00:00:00', 0, 0),
(860, 1, 860, '2019-05-17', '1', '', 4, 'Pass', '2019-05-17 00:00:00', 4, '0000-00-00 00:00:00', 0, 0),
(861, 1, 861, '2019-05-17', '1', '', 4, 'Pass', '2019-05-17 00:00:00', 4, '0000-00-00 00:00:00', 0, 0),
(862, 1, 862, '2019-05-17', '1', '', 4, 'Pass', '2019-05-17 00:00:00', 4, '0000-00-00 00:00:00', 0, 0),
(863, 1, 863, '2019-05-17', '1', '', 4, 'Pass', '2019-05-17 00:00:00', 4, '0000-00-00 00:00:00', 0, 0),
(864, 1, 864, '2019-05-17', '1', '', 4, 'Pass', '2019-05-17 00:00:00', 4, '0000-00-00 00:00:00', 0, 0),
(865, 1, 865, '2019-05-17', '1', '', 4, 'Pass', '2019-05-17 00:00:00', 4, '0000-00-00 00:00:00', 0, 0),
(866, 1, 866, '2019-05-17', '1', '', 4, 'Pass', '2019-05-17 00:00:00', 4, '0000-00-00 00:00:00', 0, 0),
(867, 1, 867, '2019-05-17', '1', '', 4, 'Pass', '2019-05-17 00:00:00', 4, '0000-00-00 00:00:00', 0, 0),
(868, 1, 868, '2019-05-17', '1', '', 4, 'Pass', '2019-05-17 00:00:00', 4, '0000-00-00 00:00:00', 0, 0),
(869, 1, 869, '2019-05-17', '1', '', 4, 'Pass', '2019-05-17 00:00:00', 4, '0000-00-00 00:00:00', 0, 0),
(870, 1, 870, '2019-05-17', '1', '', 4, 'Pass', '2019-05-17 00:00:00', 4, '0000-00-00 00:00:00', 0, 0),
(871, 1, 871, '2019-05-17', '1', '', 4, 'Pass', '2019-05-17 00:00:00', 4, '0000-00-00 00:00:00', 0, 0),
(872, 1, 872, '2019-05-17', '1', '', 4, 'Pass', '2019-05-17 00:00:00', 4, '0000-00-00 00:00:00', 0, 0),
(873, 1, 873, '2019-05-17', '1', '', 4, 'Pass', '2019-05-17 00:00:00', 4, '0000-00-00 00:00:00', 0, 0),
(874, 1, 874, '2019-05-17', '1', '', 4, 'Pass', '2019-05-17 00:00:00', 4, '0000-00-00 00:00:00', 0, 0),
(875, 1, 875, '2019-05-17', '1', '', 4, 'Pass', '2019-05-17 00:00:00', 4, '0000-00-00 00:00:00', 0, 0),
(876, 1, 876, '2019-05-17', '1', '', 4, 'Pass', '2019-05-17 00:00:00', 4, '0000-00-00 00:00:00', 0, 0),
(877, 1, 877, '2019-05-17', '1', '', 4, 'Pass', '2019-05-17 00:00:00', 4, '0000-00-00 00:00:00', 0, 0),
(878, 1, 878, '2019-05-17', '1', '', 4, 'Pass', '2019-05-17 00:00:00', 4, '0000-00-00 00:00:00', 0, 0),
(879, 1, 879, '2019-05-17', '1', '', 4, 'Pass', '2019-05-17 00:00:00', 4, '0000-00-00 00:00:00', 0, 0),
(880, 1, 880, '2019-05-17', '1', '', 4, 'Pass', '2019-05-17 00:00:00', 4, '0000-00-00 00:00:00', 0, 0),
(881, 1, 881, '2019-05-17', '1', '', 4, 'Pass', '2019-05-17 00:00:00', 4, '0000-00-00 00:00:00', 0, 0),
(882, 1, 882, '2019-05-17', '1', '', 4, 'Pass', '2019-05-17 00:00:00', 4, '0000-00-00 00:00:00', 0, 0),
(883, 1, 883, '2019-05-17', '1', '', 4, 'Pass', '2019-05-17 00:00:00', 4, '0000-00-00 00:00:00', 0, 0),
(884, 1, 884, '2019-05-17', '1', '', 4, 'Pass', '2019-05-17 00:00:00', 4, '0000-00-00 00:00:00', 0, 0),
(885, 1, 885, '2019-05-17', '1', '', 4, 'Pass', '2019-05-17 00:00:00', 4, '0000-00-00 00:00:00', 0, 0),
(886, 1, 886, '2019-05-17', '1', '', 4, 'Pass', '2019-05-17 00:00:00', 4, '0000-00-00 00:00:00', 0, 0),
(887, 1, 887, '2019-05-17', '1', '', 4, 'Pass', '2019-05-17 00:00:00', 4, '0000-00-00 00:00:00', 0, 0),
(888, 1, 888, '2019-05-17', '1', '', 4, 'Pass', '2019-05-17 00:00:00', 4, '0000-00-00 00:00:00', 0, 0),
(889, 1, 889, '2019-05-17', '1', '', 4, 'Pass', '2019-05-17 00:00:00', 4, '0000-00-00 00:00:00', 0, 0),
(890, 1, 890, '2019-05-17', '1', '', 4, 'Pass', '2019-05-17 00:00:00', 4, '0000-00-00 00:00:00', 0, 0),
(891, 1, 891, '2019-05-17', '1', '', 4, 'Pass', '2019-05-17 00:00:00', 4, '0000-00-00 00:00:00', 0, 0),
(892, 1, 892, '2019-05-17', '1', '', 4, 'Pass', '2019-05-17 00:00:00', 4, '0000-00-00 00:00:00', 0, 0),
(893, 1, 893, '2019-05-17', '1', '', 4, 'Pass', '2019-05-17 00:00:00', 4, '0000-00-00 00:00:00', 0, 0),
(894, 1, 894, '2019-05-17', '1', '', 4, 'Pass', '2019-05-17 00:00:00', 4, '0000-00-00 00:00:00', 0, 0),
(895, 1, 895, '2019-05-17', '1', '', 4, 'Pass', '2019-05-17 00:00:00', 4, '0000-00-00 00:00:00', 0, 0),
(896, 1, 896, '2019-05-17', '1', '', 4, 'Pass', '2019-05-17 00:00:00', 4, '0000-00-00 00:00:00', 0, 0),
(897, 1, 897, '2019-05-17', '1', '', 4, 'Pass', '2019-05-17 00:00:00', 4, '0000-00-00 00:00:00', 0, 0),
(898, 1, 898, '2019-05-17', '1', '', 4, 'Pass', '2019-05-17 00:00:00', 4, '0000-00-00 00:00:00', 0, 0),
(899, 1, 899, '2019-05-17', '1', '', 4, 'Pass', '2019-05-17 00:00:00', 4, '0000-00-00 00:00:00', 0, 0),
(900, 1, 900, '2019-05-17', '1', '', 4, 'Pass', '2019-05-17 00:00:00', 4, '0000-00-00 00:00:00', 0, 0),
(901, 1, 901, '2019-05-17', '1', '', 4, 'Pass', '2019-05-17 00:00:00', 4, '0000-00-00 00:00:00', 0, 0),
(902, 1, 902, '2019-05-17', '1', '', 4, 'Pass', '2019-05-17 00:00:00', 4, '0000-00-00 00:00:00', 0, 0),
(903, 1, 903, '2019-05-17', '1', '', 4, 'Pass', '2019-05-17 00:00:00', 4, '0000-00-00 00:00:00', 0, 0),
(904, 1, 904, '2019-05-17', '1', '', 4, 'Pass', '2019-05-17 00:00:00', 4, '0000-00-00 00:00:00', 0, 0),
(905, 1, 905, '2019-05-17', '1', '', 4, 'Pass', '2019-05-17 00:00:00', 4, '0000-00-00 00:00:00', 0, 0),
(906, 1, 906, '2019-05-17', '1', '', 4, 'Pass', '2019-05-17 00:00:00', 4, '0000-00-00 00:00:00', 0, 0),
(907, 1, 907, '2019-05-17', '1', '', 4, 'Pass', '2019-05-17 00:00:00', 4, '0000-00-00 00:00:00', 0, 0),
(908, 1, 908, '2019-05-17', '1', '', 4, 'Pass', '2019-05-17 00:00:00', 4, '0000-00-00 00:00:00', 0, 0),
(909, 1, 909, '2019-05-17', '1', '', 4, 'Pass', '2019-05-17 00:00:00', 4, '0000-00-00 00:00:00', 0, 0),
(910, 1, 910, '2019-05-17', '1', '', 4, 'Pass', '2019-05-17 00:00:00', 4, '0000-00-00 00:00:00', 0, 0),
(911, 1, 911, '2019-05-17', '1', '', 4, 'Pass', '2019-05-17 00:00:00', 4, '0000-00-00 00:00:00', 0, 0),
(912, 1, 912, '2019-05-17', '1', '', 4, 'Pass', '2019-05-17 00:00:00', 4, '0000-00-00 00:00:00', 0, 0),
(913, 1, 913, '2019-05-17', '1', '', 4, 'Pass', '2019-05-17 00:00:00', 4, '0000-00-00 00:00:00', 0, 0),
(914, 1, 914, '2019-05-17', '1', '', 4, 'Pass', '2019-05-17 00:00:00', 4, '0000-00-00 00:00:00', 0, 0),
(915, 1, 915, '2019-05-17', '1', '', 4, 'Pass', '2019-05-17 00:00:00', 4, '0000-00-00 00:00:00', 0, 0),
(916, 1, 916, '2019-05-17', '1', '', 4, 'Pass', '2019-05-17 00:00:00', 4, '0000-00-00 00:00:00', 0, 0),
(917, 1, 917, '2019-05-17', '1', '', 4, 'Pass', '2019-05-17 00:00:00', 4, '0000-00-00 00:00:00', 0, 0),
(918, 1, 918, '2019-05-17', '1', '', 4, 'Pass', '2019-05-17 00:00:00', 4, '0000-00-00 00:00:00', 0, 0),
(919, 1, 919, '2019-05-17', '1', '', 4, 'Pass', '2019-05-17 00:00:00', 4, '0000-00-00 00:00:00', 0, 0),
(920, 1, 920, '2019-05-17', '1', '', 4, 'Pass', '2019-05-17 00:00:00', 4, '0000-00-00 00:00:00', 0, 0),
(921, 1, 921, '2019-05-17', '1', '', 4, 'Pass', '2019-05-17 00:00:00', 4, '0000-00-00 00:00:00', 0, 0),
(922, 1, 922, '2019-05-17', '1', '', 4, 'Pass', '2019-05-17 00:00:00', 4, '0000-00-00 00:00:00', 0, 0),
(923, 1, 923, '2019-05-17', '1', '', 4, 'Pass', '2019-05-17 00:00:00', 4, '0000-00-00 00:00:00', 0, 0),
(924, 1, 924, '2019-05-17', '1', '', 4, 'Pass', '2019-05-17 00:00:00', 4, '0000-00-00 00:00:00', 0, 0),
(925, 1, 925, '2019-05-17', '1', '', 4, 'Pass', '2019-05-17 00:00:00', 4, '0000-00-00 00:00:00', 0, 0),
(926, 1, 926, '2019-05-17', '1', '', 4, 'Pass', '2019-05-17 00:00:00', 4, '0000-00-00 00:00:00', 0, 0),
(927, 1, 927, '2019-05-17', '1', '', 4, 'Pass', '2019-05-17 00:00:00', 4, '0000-00-00 00:00:00', 0, 0),
(928, 1, 928, '2019-05-17', '1', '', 4, 'Pass', '2019-05-17 00:00:00', 4, '0000-00-00 00:00:00', 0, 0),
(929, 1, 929, '2019-05-17', '1', '', 4, 'Pass', '2019-05-17 00:00:00', 4, '0000-00-00 00:00:00', 0, 0),
(930, 1, 930, '2019-05-17', '1', '', 4, 'Pass', '2019-05-17 00:00:00', 4, '0000-00-00 00:00:00', 0, 0),
(931, 1, 931, '2019-05-17', '1', '', 4, 'Pass', '2019-05-17 00:00:00', 4, '0000-00-00 00:00:00', 0, 0),
(932, 1, 932, '2019-05-17', '1', '', 4, 'Pass', '2019-05-17 00:00:00', 4, '0000-00-00 00:00:00', 0, 0),
(933, 1, 933, '2019-05-17', '1', '', 4, 'Pass', '2019-05-17 00:00:00', 4, '0000-00-00 00:00:00', 0, 0),
(934, 1, 934, '2019-05-17', '1', '', 4, 'Pass', '2019-05-17 00:00:00', 4, '0000-00-00 00:00:00', 0, 0),
(935, 1, 935, '2019-05-17', '1', '', 4, 'Pass', '2019-05-17 00:00:00', 4, '0000-00-00 00:00:00', 0, 0),
(936, 1, 936, '2019-05-17', '1', '', 4, 'Pass', '2019-05-17 00:00:00', 4, '0000-00-00 00:00:00', 0, 0),
(937, 1, 937, '2019-05-17', '1', '', 4, 'Pass', '2019-05-17 00:00:00', 4, '0000-00-00 00:00:00', 0, 0),
(938, 1, 938, '2019-05-17', '1', '', 4, 'Pass', '2019-05-17 00:00:00', 4, '0000-00-00 00:00:00', 0, 0),
(939, 1, 939, '2019-05-17', '1', '', 4, 'Pass', '2019-05-17 00:00:00', 4, '0000-00-00 00:00:00', 0, 0),
(940, 1, 940, '2019-05-17', '1', '', 4, 'Pass', '2019-05-17 00:00:00', 4, '0000-00-00 00:00:00', 0, 0),
(941, 1, 941, '2019-05-17', '1', '', 4, 'Pass', '2019-05-17 00:00:00', 4, '0000-00-00 00:00:00', 0, 0),
(942, 1, 942, '2019-05-17', '1', '', 4, 'Pass', '2019-05-17 00:00:00', 4, '0000-00-00 00:00:00', 0, 0),
(943, 1, 943, '2019-05-17', '1', '', 4, 'Pass', '2019-05-17 00:00:00', 4, '0000-00-00 00:00:00', 0, 0),
(944, 1, 944, '2019-05-17', '1', '', 4, 'Pass', '2019-05-17 00:00:00', 4, '0000-00-00 00:00:00', 0, 0),
(945, 1, 945, '2019-05-17', '1', '', 4, 'Pass', '2019-05-17 00:00:00', 4, '0000-00-00 00:00:00', 0, 0),
(946, 1, 946, '2019-05-17', '1', '', 4, 'Pass', '2019-05-17 00:00:00', 4, '0000-00-00 00:00:00', 0, 0),
(947, 1, 947, '2019-05-17', '1', '', 4, 'Pass', '2019-05-17 00:00:00', 4, '0000-00-00 00:00:00', 0, 0),
(948, 1, 948, '2019-05-17', '1', '', 4, 'Pass', '2019-05-17 00:00:00', 4, '0000-00-00 00:00:00', 0, 0),
(949, 1, 949, '2019-05-17', '1', '', 4, 'Pass', '2019-05-17 00:00:00', 4, '0000-00-00 00:00:00', 0, 0),
(950, 1, 950, '2019-05-17', '1', '', 4, 'Pass', '2019-05-17 00:00:00', 4, '0000-00-00 00:00:00', 0, 0),
(951, 1, 951, '2019-05-17', '1', '', 4, 'Pass', '2019-05-17 00:00:00', 4, '0000-00-00 00:00:00', 0, 0),
(952, 1, 952, '2019-05-17', '1', '', 4, 'Pass', '2019-05-17 00:00:00', 4, '0000-00-00 00:00:00', 0, 0),
(953, 1, 953, '2019-05-17', '1', '', 4, 'Pass', '2019-05-17 00:00:00', 4, '0000-00-00 00:00:00', 0, 0),
(954, 1, 954, '2019-05-17', '1', '', 4, 'Pass', '2019-05-17 00:00:00', 4, '0000-00-00 00:00:00', 0, 0),
(955, 1, 955, '2019-05-17', '1', '', 4, 'Pass', '2019-05-17 00:00:00', 4, '0000-00-00 00:00:00', 0, 0),
(956, 1, 956, '2019-05-17', '1', '', 4, 'Pass', '2019-05-17 00:00:00', 4, '0000-00-00 00:00:00', 0, 0),
(957, 1, 957, '2019-05-17', '1', '', 4, 'Pass', '2019-05-17 00:00:00', 4, '0000-00-00 00:00:00', 0, 0),
(958, 1, 958, '2019-05-17', '1', '', 4, 'Pass', '2019-05-17 00:00:00', 4, '0000-00-00 00:00:00', 0, 0),
(959, 1, 959, '2019-05-17', '1', '', 4, 'Pass', '2019-05-17 00:00:00', 4, '0000-00-00 00:00:00', 0, 0),
(960, 1, 960, '2019-05-17', '1', '', 4, 'Pass', '2019-05-17 00:00:00', 4, '0000-00-00 00:00:00', 0, 0),
(961, 1, 961, '2019-05-17', '1', '', 4, 'Pass', '2019-05-17 00:00:00', 4, '0000-00-00 00:00:00', 0, 0),
(962, 1, 962, '2019-05-17', '1', '', 4, 'Pass', '2019-05-17 00:00:00', 4, '0000-00-00 00:00:00', 0, 0),
(963, 1, 963, '2019-05-17', '1', '', 4, 'Pass', '2019-05-17 00:00:00', 4, '0000-00-00 00:00:00', 0, 0),
(964, 1, 964, '2019-05-17', '1', '', 4, 'Pass', '2019-05-17 00:00:00', 4, '0000-00-00 00:00:00', 0, 0),
(965, 1, 965, '2019-05-17', '1', '', 4, 'Pass', '2019-05-17 00:00:00', 4, '0000-00-00 00:00:00', 0, 0),
(966, 1, 966, '2019-05-17', '1', '', 4, 'Pass', '2019-05-17 00:00:00', 4, '0000-00-00 00:00:00', 0, 0),
(967, 1, 967, '2019-05-17', '1', '', 4, 'Pass', '2019-05-17 00:00:00', 4, '0000-00-00 00:00:00', 0, 0),
(968, 1, 968, '2019-05-17', '1', '', 4, 'Pass', '2019-05-17 00:00:00', 4, '0000-00-00 00:00:00', 0, 0),
(969, 1, 969, '2019-05-17', '1', '', 4, 'Pass', '2019-05-17 00:00:00', 4, '0000-00-00 00:00:00', 0, 0),
(970, 1, 970, '2019-05-17', '1', '', 4, 'Pass', '2019-05-17 00:00:00', 4, '0000-00-00 00:00:00', 0, 0),
(971, 1, 971, '2019-05-17', '1', '', 4, 'Pass', '2019-05-17 00:00:00', 4, '0000-00-00 00:00:00', 0, 0),
(972, 1, 972, '2019-05-17', '1', '', 4, 'Pass', '2019-05-17 00:00:00', 4, '0000-00-00 00:00:00', 0, 0),
(973, 1, 973, '2019-05-17', '1', '', 4, 'Pass', '2019-05-17 00:00:00', 4, '0000-00-00 00:00:00', 0, 0),
(974, 1, 974, '2019-05-17', '1', '', 4, 'Pass', '2019-05-17 00:00:00', 4, '0000-00-00 00:00:00', 0, 0),
(975, 1, 975, '2019-05-17', '1', '', 4, 'Pass', '2019-05-17 00:00:00', 4, '0000-00-00 00:00:00', 0, 0),
(976, 1, 976, '2019-05-17', '1', '', 4, 'Pass', '2019-05-17 00:00:00', 4, '0000-00-00 00:00:00', 0, 0),
(977, 1, 977, '2019-05-17', '1', '', 4, 'Pass', '2019-05-17 00:00:00', 4, '0000-00-00 00:00:00', 0, 0),
(978, 1, 978, '2019-05-17', '1', '', 4, 'Pass', '2019-05-17 00:00:00', 4, '0000-00-00 00:00:00', 0, 0);
INSERT INTO `good_receive_notes` (`id`, `voucher_no`, `purchase_order_id`, `transaction_date`, `bill_no`, `transport`, `inspection_by`, `inspection_remark`, `created_on`, `created_by`, `edited_on`, `edited_by`, `is_deleted`) VALUES
(979, 1, 979, '2019-05-17', '1', '', 4, 'Pass', '2019-05-17 00:00:00', 4, '0000-00-00 00:00:00', 0, 0),
(980, 1, 980, '2019-05-17', '1', '', 4, 'Pass', '2019-05-17 00:00:00', 4, '0000-00-00 00:00:00', 0, 0),
(981, 1, 981, '2019-05-17', '1', '', 4, 'Pass', '2019-05-17 00:00:00', 4, '0000-00-00 00:00:00', 0, 0),
(982, 1, 982, '2019-05-17', '1', '', 4, 'Pass', '2019-05-17 00:00:00', 4, '0000-00-00 00:00:00', 0, 0),
(983, 1, 983, '2019-05-17', '1', '', 4, 'Pass', '2019-05-17 00:00:00', 4, '0000-00-00 00:00:00', 0, 0),
(984, 1, 984, '2019-05-17', '1', '', 4, 'Pass', '2019-05-17 00:00:00', 4, '0000-00-00 00:00:00', 0, 0),
(985, 1, 985, '2019-05-17', '1', '', 4, 'Pass', '2019-05-17 00:00:00', 4, '0000-00-00 00:00:00', 0, 0),
(986, 1, 986, '2019-05-17', '1', '', 4, 'Pass', '2019-05-17 00:00:00', 4, '0000-00-00 00:00:00', 0, 0),
(987, 1, 987, '2019-05-17', '1', '', 4, 'Pass', '2019-05-17 00:00:00', 4, '0000-00-00 00:00:00', 0, 0),
(988, 1, 988, '2019-05-17', '1', '', 4, 'Pass', '2019-05-17 00:00:00', 4, '0000-00-00 00:00:00', 0, 0),
(989, 1, 989, '2019-05-17', '1', '', 4, 'Pass', '2019-05-17 00:00:00', 4, '0000-00-00 00:00:00', 0, 0),
(990, 1, 990, '2019-05-17', '1', '', 4, 'Pass', '2019-05-17 00:00:00', 4, '0000-00-00 00:00:00', 0, 0),
(991, 1, 991, '2019-05-17', '1', '', 4, 'Pass', '2019-05-17 00:00:00', 4, '0000-00-00 00:00:00', 0, 0),
(992, 1, 992, '2019-05-17', '1', '', 4, 'Pass', '2019-05-17 00:00:00', 4, '0000-00-00 00:00:00', 0, 0),
(993, 1, 993, '2019-05-17', '1', '', 4, 'Pass', '2019-05-17 00:00:00', 4, '0000-00-00 00:00:00', 0, 0),
(994, 1, 994, '2019-05-17', '1', '', 4, 'Pass', '2019-05-17 00:00:00', 4, '0000-00-00 00:00:00', 0, 0),
(995, 1, 995, '2019-05-17', '1', '', 4, 'Pass', '2019-05-17 00:00:00', 4, '0000-00-00 00:00:00', 0, 0),
(996, 1, 996, '2019-05-17', '1', '', 4, 'Pass', '2019-05-17 00:00:00', 4, '0000-00-00 00:00:00', 0, 0),
(997, 1, 997, '2019-05-17', '1', '', 4, 'Pass', '2019-05-17 00:00:00', 4, '0000-00-00 00:00:00', 0, 0),
(998, 1, 998, '2019-05-17', '1', '', 4, 'Pass', '2019-05-17 00:00:00', 4, '0000-00-00 00:00:00', 0, 0),
(999, 1, 999, '2019-05-17', '1', '', 4, 'Pass', '2019-05-17 00:00:00', 4, '0000-00-00 00:00:00', 0, 0),
(1000, 1, 1000, '2019-05-17', '1', '', 4, 'Pass', '2019-05-17 00:00:00', 4, '0000-00-00 00:00:00', 0, 0),
(1001, 1, 1001, '2019-05-17', '1', '', 4, 'Pass', '2019-05-17 00:00:00', 4, '0000-00-00 00:00:00', 0, 0),
(1002, 1, 1002, '2019-05-17', '1', '', 4, 'Pass', '2019-05-17 00:00:00', 4, '0000-00-00 00:00:00', 0, 0),
(1003, 1, 1003, '2019-05-17', '1', '', 4, 'Pass', '2019-05-17 00:00:00', 4, '0000-00-00 00:00:00', 0, 0),
(1004, 1, 1004, '2019-05-17', '1', '', 4, 'Pass', '2019-05-17 00:00:00', 4, '0000-00-00 00:00:00', 0, 0),
(1005, 1, 1005, '2019-05-17', '1', '', 4, 'Pass', '2019-05-17 00:00:00', 4, '0000-00-00 00:00:00', 0, 0),
(1006, 1, 1006, '2019-05-17', '1', '', 4, 'Pass', '2019-05-17 00:00:00', 4, '0000-00-00 00:00:00', 0, 0),
(1007, 1, 1007, '2019-05-17', '1', '', 4, 'Pass', '2019-05-17 00:00:00', 4, '0000-00-00 00:00:00', 0, 0),
(1008, 1, 1008, '2019-05-17', '1', '', 4, 'Pass', '2019-05-17 00:00:00', 4, '0000-00-00 00:00:00', 0, 0),
(1009, 1, 1009, '2019-05-17', '1', '', 4, 'Pass', '2019-05-17 00:00:00', 4, '0000-00-00 00:00:00', 0, 0),
(1010, 1, 1010, '2019-05-17', '1', '', 4, 'Pass', '2019-05-17 00:00:00', 4, '0000-00-00 00:00:00', 0, 0),
(1011, 1, 1011, '2019-05-17', '1', '', 4, 'Pass', '2019-05-17 00:00:00', 4, '0000-00-00 00:00:00', 0, 0),
(1012, 1, 1012, '2019-05-17', '1', '', 4, 'Pass', '2019-05-17 00:00:00', 4, '0000-00-00 00:00:00', 0, 0),
(1013, 1, 1013, '2019-05-17', '1', '', 4, 'Pass', '2019-05-17 00:00:00', 4, '0000-00-00 00:00:00', 0, 0),
(1014, 1, 1014, '2019-05-17', '1', '', 4, 'Pass', '2019-05-17 00:00:00', 4, '0000-00-00 00:00:00', 0, 0),
(1015, 1, 1015, '2019-05-17', '1', '', 4, 'Pass', '2019-05-17 00:00:00', 4, '0000-00-00 00:00:00', 0, 0),
(1016, 1, 1016, '2019-05-17', '1', '', 4, 'Pass', '2019-05-17 00:00:00', 4, '0000-00-00 00:00:00', 0, 0),
(1017, 1, 1017, '2019-05-17', '1', '', 4, 'Pass', '2019-05-17 00:00:00', 4, '0000-00-00 00:00:00', 0, 0),
(1018, 1, 1018, '2019-05-17', '1', '', 4, 'Pass', '2019-05-17 00:00:00', 4, '0000-00-00 00:00:00', 0, 0),
(1019, 1, 1019, '2019-05-17', '1', '', 4, 'Pass', '2019-05-17 00:00:00', 4, '0000-00-00 00:00:00', 0, 0),
(1020, 1, 1020, '2019-05-17', '1', '', 4, 'Pass', '2019-05-17 00:00:00', 4, '0000-00-00 00:00:00', 0, 0),
(1021, 1, 1021, '2019-05-17', '1', '', 4, 'Pass', '2019-05-17 00:00:00', 4, '0000-00-00 00:00:00', 0, 0),
(1022, 1, 1022, '2019-05-17', '1', '', 4, 'Pass', '2019-05-17 00:00:00', 4, '0000-00-00 00:00:00', 0, 0),
(1023, 1, 1023, '2019-05-17', '1', '', 4, 'Pass', '2019-05-17 00:00:00', 4, '0000-00-00 00:00:00', 0, 0),
(1024, 1, 1024, '2019-05-17', '1', '', 4, 'Pass', '2019-05-17 00:00:00', 4, '0000-00-00 00:00:00', 0, 0),
(1025, 1, 1025, '2019-05-17', '1', '', 4, 'Pass', '2019-05-17 00:00:00', 4, '0000-00-00 00:00:00', 0, 0),
(1026, 1, 1026, '2019-05-17', '1', '', 4, 'Pass', '2019-05-17 00:00:00', 4, '0000-00-00 00:00:00', 0, 0),
(1027, 1, 1027, '2019-05-17', '1', '', 4, 'Pass', '2019-05-17 00:00:00', 4, '0000-00-00 00:00:00', 0, 0),
(1028, 1, 1028, '2019-05-17', '1', '', 4, 'Pass', '2019-05-17 00:00:00', 4, '0000-00-00 00:00:00', 0, 0),
(1029, 1, 1029, '2019-05-17', '1', '', 4, 'Pass', '2019-05-17 00:00:00', 4, '0000-00-00 00:00:00', 0, 0),
(1030, 1, 1030, '2019-05-17', '1', '', 4, 'Pass', '2019-05-17 00:00:00', 4, '0000-00-00 00:00:00', 0, 0),
(1031, 1, 1031, '2019-05-17', '1', '', 4, 'Pass', '2019-05-17 00:00:00', 4, '0000-00-00 00:00:00', 0, 0),
(1032, 1, 1032, '2019-05-17', '1', '', 4, 'Pass', '2019-05-17 00:00:00', 4, '0000-00-00 00:00:00', 0, 0),
(1033, 1, 1033, '2019-05-17', '1', '', 4, 'Pass', '2019-05-17 00:00:00', 4, '0000-00-00 00:00:00', 0, 0),
(1034, 1, 1034, '2019-05-17', '1', '', 4, 'Pass', '2019-05-17 00:00:00', 4, '0000-00-00 00:00:00', 0, 0),
(1035, 1, 1035, '2019-05-17', '1', '', 4, 'Pass', '2019-05-17 00:00:00', 4, '0000-00-00 00:00:00', 0, 0),
(1036, 1, 1036, '2019-05-17', '1', '', 4, 'Pass', '2019-05-17 00:00:00', 4, '0000-00-00 00:00:00', 0, 0),
(1037, 1, 1037, '2019-05-17', '1', '', 4, 'Pass', '2019-05-17 00:00:00', 4, '0000-00-00 00:00:00', 0, 0),
(1038, 1, 1038, '2019-05-17', '1', '', 4, 'Pass', '2019-05-17 00:00:00', 4, '0000-00-00 00:00:00', 0, 0),
(1039, 1, 1039, '2019-05-17', '1', '', 4, 'Pass', '2019-05-17 00:00:00', 4, '0000-00-00 00:00:00', 0, 0),
(1040, 1, 1040, '2019-05-17', '1', '', 4, 'Pass', '2019-05-17 00:00:00', 4, '0000-00-00 00:00:00', 0, 0),
(1041, 1, 1041, '2019-05-17', '1', '', 4, 'Pass', '2019-05-17 00:00:00', 4, '0000-00-00 00:00:00', 0, 0),
(1042, 1, 1042, '2019-05-17', '1', '', 4, 'Pass', '2019-05-17 00:00:00', 4, '0000-00-00 00:00:00', 0, 0),
(1043, 1, 1043, '2019-05-17', '1', '', 4, 'Pass', '2019-05-17 00:00:00', 4, '0000-00-00 00:00:00', 0, 0),
(1044, 1, 1044, '2019-05-17', '1', '', 4, 'Pass', '2019-05-17 00:00:00', 4, '0000-00-00 00:00:00', 0, 0),
(1045, 1, 1045, '2019-05-17', '1', '', 4, 'Pass', '2019-05-17 00:00:00', 4, '0000-00-00 00:00:00', 0, 0),
(1046, 1, 1046, '2019-05-17', '1', '', 4, 'Pass', '2019-05-17 00:00:00', 4, '0000-00-00 00:00:00', 0, 0),
(1047, 1, 1047, '2019-05-17', '1', '', 4, 'Pass', '2019-05-17 00:00:00', 4, '0000-00-00 00:00:00', 0, 0),
(1048, 1, 1048, '2019-05-17', '1', '', 4, 'Pass', '2019-05-17 00:00:00', 4, '0000-00-00 00:00:00', 0, 0),
(1049, 1, 1049, '2019-05-17', '1', '', 4, 'Pass', '2019-05-17 00:00:00', 4, '0000-00-00 00:00:00', 0, 0),
(1050, 1, 1050, '2019-05-17', '1', '', 4, 'Pass', '2019-05-17 00:00:00', 4, '0000-00-00 00:00:00', 0, 0),
(1051, 1, 1051, '2019-05-17', '1', '', 4, 'Pass', '2019-05-17 00:00:00', 4, '0000-00-00 00:00:00', 0, 0),
(1052, 1, 1052, '2019-05-17', '1', '', 4, 'Pass', '2019-05-17 00:00:00', 4, '0000-00-00 00:00:00', 0, 0),
(1053, 1, 1053, '2019-05-17', '1', '', 4, 'Pass', '2019-05-17 00:00:00', 4, '0000-00-00 00:00:00', 0, 0),
(1054, 1, 1054, '2019-05-17', '1', '', 4, 'Pass', '2019-05-17 00:00:00', 4, '0000-00-00 00:00:00', 0, 0),
(1055, 1, 1055, '2019-05-17', '1', '', 4, 'Pass', '2019-05-17 00:00:00', 4, '0000-00-00 00:00:00', 0, 0),
(1056, 1, 1056, '2019-05-17', '1', '', 4, 'Pass', '2019-05-17 00:00:00', 4, '0000-00-00 00:00:00', 0, 0),
(1057, 1, 1057, '2019-05-17', '1', '', 4, 'Pass', '2019-05-17 00:00:00', 4, '0000-00-00 00:00:00', 0, 0),
(1058, 1, 1058, '2019-05-17', '1', '', 4, 'Pass', '2019-05-17 00:00:00', 4, '0000-00-00 00:00:00', 0, 0),
(1059, 1, 1059, '2019-05-17', '1', '', 4, 'Pass', '2019-05-17 00:00:00', 4, '0000-00-00 00:00:00', 0, 0),
(1060, 1, 1060, '2019-05-17', '1', '', 4, 'Pass', '2019-05-17 00:00:00', 4, '0000-00-00 00:00:00', 0, 0),
(1061, 1, 1061, '2019-05-17', '1', '', 4, 'Pass', '2019-05-17 00:00:00', 4, '0000-00-00 00:00:00', 0, 0),
(1062, 1, 1062, '2019-05-17', '1', '', 4, 'Pass', '2019-05-17 00:00:00', 4, '0000-00-00 00:00:00', 0, 0),
(1063, 1, 1063, '2019-05-17', '1', '', 4, 'Pass', '2019-05-17 00:00:00', 4, '0000-00-00 00:00:00', 0, 0),
(1064, 1, 1064, '2019-05-17', '1', '', 4, 'Pass', '2019-05-17 00:00:00', 4, '0000-00-00 00:00:00', 0, 0),
(1065, 1, 1065, '2019-05-17', '1', '', 4, 'Pass', '2019-05-17 00:00:00', 4, '0000-00-00 00:00:00', 0, 0),
(1066, 1, 1066, '2019-05-17', '1', '', 4, 'Pass', '2019-05-17 00:00:00', 4, '0000-00-00 00:00:00', 0, 0),
(1067, 1, 1067, '2019-05-17', '1', '', 4, 'Pass', '2019-05-17 00:00:00', 4, '0000-00-00 00:00:00', 0, 0),
(1068, 1, 1068, '2019-05-17', '1', '', 4, 'Pass', '2019-05-17 00:00:00', 4, '0000-00-00 00:00:00', 0, 0),
(1069, 1, 1069, '2019-05-17', '1', '', 4, 'Pass', '2019-05-17 00:00:00', 4, '0000-00-00 00:00:00', 0, 0),
(1070, 1, 1070, '2019-05-17', '1', '', 4, 'Pass', '2019-05-17 00:00:00', 4, '0000-00-00 00:00:00', 0, 0),
(1071, 1, 1071, '2019-05-17', '1', '', 4, 'Pass', '2019-05-17 00:00:00', 4, '0000-00-00 00:00:00', 0, 0),
(1072, 1, 1072, '2019-05-17', '1', '', 4, 'Pass', '2019-05-17 00:00:00', 4, '0000-00-00 00:00:00', 0, 0),
(1073, 1, 1073, '2019-05-17', '1', '', 4, 'Pass', '2019-05-17 00:00:00', 4, '0000-00-00 00:00:00', 0, 0),
(1074, 1, 1074, '2019-05-17', '1', '', 4, 'Pass', '2019-05-17 00:00:00', 4, '0000-00-00 00:00:00', 0, 0),
(1075, 1, 1075, '2019-05-17', '1', '', 4, 'Pass', '2019-05-17 00:00:00', 4, '0000-00-00 00:00:00', 0, 0),
(1076, 1, 1076, '2019-05-17', '1', '', 4, 'Pass', '2019-05-17 00:00:00', 4, '0000-00-00 00:00:00', 0, 0),
(1077, 1, 1077, '2019-05-17', '1', '', 4, 'Pass', '2019-05-17 00:00:00', 4, '0000-00-00 00:00:00', 0, 0),
(1078, 1, 1078, '2019-05-17', '1', '', 4, 'Pass', '2019-05-17 00:00:00', 4, '0000-00-00 00:00:00', 0, 0),
(1079, 1, 1079, '2019-05-17', '1', '', 4, 'Pass', '2019-05-17 00:00:00', 4, '0000-00-00 00:00:00', 0, 0),
(1080, 1, 1080, '2019-05-17', '1', '', 4, 'Pass', '2019-05-17 00:00:00', 4, '0000-00-00 00:00:00', 0, 0),
(1081, 1, 1081, '2019-05-17', '1', '', 4, 'Pass', '2019-05-17 00:00:00', 4, '0000-00-00 00:00:00', 0, 0),
(1082, 1, 1082, '2019-05-17', '1', '', 4, 'Pass', '2019-05-17 00:00:00', 4, '0000-00-00 00:00:00', 0, 0),
(1083, 1, 1083, '2019-05-17', '1', '', 4, 'Pass', '2019-05-17 00:00:00', 4, '0000-00-00 00:00:00', 0, 0),
(1084, 1, 1084, '2019-05-17', '1', '', 4, 'Pass', '2019-05-17 00:00:00', 4, '0000-00-00 00:00:00', 0, 0),
(1085, 1, 1085, '2019-05-17', '1', '', 4, 'Pass', '2019-05-17 00:00:00', 4, '0000-00-00 00:00:00', 0, 0),
(1086, 1, 1086, '2019-05-17', '1', '', 4, 'Pass', '2019-05-17 00:00:00', 4, '0000-00-00 00:00:00', 0, 0),
(1087, 1, 1087, '2019-05-17', '1', '', 4, 'Pass', '2019-05-17 00:00:00', 4, '0000-00-00 00:00:00', 0, 0),
(1088, 1, 1088, '2019-05-17', '1', '', 4, 'Pass', '2019-05-17 00:00:00', 4, '0000-00-00 00:00:00', 0, 0),
(1089, 1, 1089, '2019-05-17', '1', '', 4, 'Pass', '2019-05-17 00:00:00', 4, '0000-00-00 00:00:00', 0, 0),
(1090, 1, 1090, '2019-05-17', '1', '', 4, 'Pass', '2019-05-17 00:00:00', 4, '0000-00-00 00:00:00', 0, 0),
(1091, 1, 1091, '2019-05-17', '1', '', 4, 'Pass', '2019-05-17 00:00:00', 4, '0000-00-00 00:00:00', 0, 0),
(1092, 1, 1092, '2019-05-17', '1', '', 4, 'Pass', '2019-05-17 00:00:00', 4, '0000-00-00 00:00:00', 0, 0),
(1093, 1, 1093, '2019-05-17', '1', '', 4, 'Pass', '2019-05-17 00:00:00', 4, '0000-00-00 00:00:00', 0, 0),
(1094, 1, 1094, '2019-05-17', '1', '', 4, 'Pass', '2019-05-17 00:00:00', 4, '0000-00-00 00:00:00', 0, 0),
(1095, 1, 1095, '2019-05-17', '1', '', 4, 'Pass', '2019-05-17 00:00:00', 4, '0000-00-00 00:00:00', 0, 0),
(1096, 1, 1096, '2019-05-17', '1', '', 4, 'Pass', '2019-05-17 00:00:00', 4, '0000-00-00 00:00:00', 0, 0),
(1097, 1, 1097, '2019-05-17', '1', '', 4, 'Pass', '2019-05-17 00:00:00', 4, '0000-00-00 00:00:00', 0, 0),
(1098, 1, 1098, '2019-05-17', '1', '', 4, 'Pass', '2019-05-17 00:00:00', 4, '0000-00-00 00:00:00', 0, 0),
(1099, 1, 1099, '2019-05-17', '1', '', 4, 'Pass', '2019-05-17 00:00:00', 4, '0000-00-00 00:00:00', 0, 0),
(1100, 1, 1100, '2019-05-17', '1', '', 4, 'Pass', '2019-05-17 00:00:00', 4, '0000-00-00 00:00:00', 0, 0),
(1101, 1, 1101, '2019-05-17', '1', '', 4, 'Pass', '2019-05-17 00:00:00', 4, '0000-00-00 00:00:00', 0, 0),
(1102, 1, 1102, '2019-05-17', '1', '', 4, 'Pass', '2019-05-17 00:00:00', 4, '0000-00-00 00:00:00', 0, 0),
(1103, 1, 1103, '2019-05-17', '1', '', 4, 'Pass', '2019-05-17 00:00:00', 4, '0000-00-00 00:00:00', 0, 0),
(1104, 1, 1104, '2019-05-17', '1', '', 4, 'Pass', '2019-05-17 00:00:00', 4, '0000-00-00 00:00:00', 0, 0),
(1105, 1, 1105, '2019-05-17', '1', '', 4, 'Pass', '2019-05-17 00:00:00', 4, '0000-00-00 00:00:00', 0, 0),
(1106, 1, 1106, '2019-05-17', '1', '', 4, 'Pass', '2019-05-17 00:00:00', 4, '0000-00-00 00:00:00', 0, 0),
(1107, 1, 1107, '2019-05-17', '1', '', 4, 'Pass', '2019-05-17 00:00:00', 4, '0000-00-00 00:00:00', 0, 0),
(1108, 1, 1108, '2019-05-17', '1', '', 4, 'Pass', '2019-05-17 00:00:00', 4, '0000-00-00 00:00:00', 0, 0),
(1109, 1, 1109, '2019-05-17', '1', '', 4, 'Pass', '2019-05-17 00:00:00', 4, '0000-00-00 00:00:00', 0, 0),
(1110, 1, 1110, '2019-05-17', '1', '', 4, 'Pass', '2019-05-17 00:00:00', 4, '0000-00-00 00:00:00', 0, 0),
(1111, 1, 1111, '2019-05-17', '1', '', 4, 'Pass', '2019-05-17 00:00:00', 4, '0000-00-00 00:00:00', 0, 0),
(1112, 1, 1112, '2019-05-17', '1', '', 4, 'Pass', '2019-05-17 00:00:00', 4, '0000-00-00 00:00:00', 0, 0),
(1113, 1, 1113, '2019-05-17', '1', '', 4, 'Pass', '2019-05-17 00:00:00', 4, '0000-00-00 00:00:00', 0, 0),
(1114, 1, 1114, '2019-05-17', '1', '', 4, 'Pass', '2019-05-17 00:00:00', 4, '0000-00-00 00:00:00', 0, 0),
(1115, 1, 1115, '2019-05-17', '1', '', 4, 'Pass', '2019-05-17 00:00:00', 4, '0000-00-00 00:00:00', 0, 0),
(1116, 1, 1116, '2019-05-17', '1', '', 4, 'Pass', '2019-05-17 00:00:00', 4, '0000-00-00 00:00:00', 0, 0),
(1117, 1, 1117, '2019-05-17', '1', '', 4, 'Pass', '2019-05-17 00:00:00', 4, '0000-00-00 00:00:00', 0, 0),
(1118, 1, 1118, '2019-05-17', '1', '', 4, 'Pass', '2019-05-17 00:00:00', 4, '0000-00-00 00:00:00', 0, 0),
(1119, 1, 1119, '2019-05-17', '1', '', 4, 'Pass', '2019-05-17 00:00:00', 4, '0000-00-00 00:00:00', 0, 0),
(1120, 1, 1120, '2019-05-17', '1', '', 4, 'Pass', '2019-05-17 00:00:00', 4, '0000-00-00 00:00:00', 0, 0),
(1121, 1, 1121, '2019-05-17', '1', '', 4, 'Pass', '2019-05-17 00:00:00', 4, '0000-00-00 00:00:00', 0, 0),
(1122, 1, 1122, '2019-05-17', '1', '', 4, 'Pass', '2019-05-17 00:00:00', 4, '0000-00-00 00:00:00', 0, 0),
(1123, 1, 1123, '2019-05-17', '1', '', 4, 'Pass', '2019-05-17 00:00:00', 4, '0000-00-00 00:00:00', 0, 0),
(1124, 1, 1124, '2019-05-17', '1', '', 4, 'Pass', '2019-05-17 00:00:00', 4, '0000-00-00 00:00:00', 0, 0),
(1125, 1, 1125, '2019-05-17', '1', '', 4, 'Pass', '2019-05-17 00:00:00', 4, '0000-00-00 00:00:00', 0, 0),
(1126, 1, 1126, '2019-05-17', '1', '', 4, 'Pass', '2019-05-17 00:00:00', 4, '0000-00-00 00:00:00', 0, 0),
(1127, 1, 1127, '2019-05-17', '1', '', 4, 'Pass', '2019-05-17 00:00:00', 4, '0000-00-00 00:00:00', 0, 0),
(1128, 1, 1128, '2019-05-17', '1', '', 4, 'Pass', '2019-05-17 00:00:00', 4, '0000-00-00 00:00:00', 0, 0),
(1129, 1, 1129, '2019-05-17', '1', '', 4, 'Pass', '2019-05-17 00:00:00', 4, '0000-00-00 00:00:00', 0, 0),
(1130, 1, 1130, '2019-05-17', '1', '', 4, 'Pass', '2019-05-17 00:00:00', 4, '0000-00-00 00:00:00', 0, 0),
(1131, 1, 1131, '2019-05-17', '1', '', 4, 'Pass', '2019-05-17 00:00:00', 4, '0000-00-00 00:00:00', 0, 0),
(1132, 1, 1132, '2019-05-17', '1', '', 4, 'Pass', '2019-05-17 00:00:00', 4, '0000-00-00 00:00:00', 0, 0),
(1133, 1, 1133, '2019-05-17', '1', '', 4, 'Pass', '2019-05-17 00:00:00', 4, '0000-00-00 00:00:00', 0, 0),
(1134, 1, 1134, '2019-05-17', '1', '', 4, 'Pass', '2019-05-17 00:00:00', 4, '0000-00-00 00:00:00', 0, 0),
(1135, 1, 1135, '2019-05-17', '1', '', 4, 'Pass', '2019-05-17 00:00:00', 4, '0000-00-00 00:00:00', 0, 0),
(1136, 1, 1136, '2019-05-17', '1', '', 4, 'Pass', '2019-05-17 00:00:00', 4, '0000-00-00 00:00:00', 0, 0),
(1137, 1, 1137, '2019-05-17', '1', '', 4, 'Pass', '2019-05-17 00:00:00', 4, '0000-00-00 00:00:00', 0, 0),
(1138, 1, 1138, '2019-05-17', '1', '', 4, 'Pass', '2019-05-17 00:00:00', 4, '0000-00-00 00:00:00', 0, 0),
(1139, 1, 1139, '2019-05-17', '1', '', 4, 'Pass', '2019-05-17 00:00:00', 4, '0000-00-00 00:00:00', 0, 0),
(1140, 1, 1140, '2019-05-17', '1', '', 4, 'Pass', '2019-05-17 00:00:00', 4, '0000-00-00 00:00:00', 0, 0),
(1141, 1, 1141, '2019-05-17', '1', '', 4, 'Pass', '2019-05-17 00:00:00', 4, '0000-00-00 00:00:00', 0, 0),
(1142, 1, 1142, '2019-05-17', '1', '', 4, 'Pass', '2019-05-17 00:00:00', 4, '0000-00-00 00:00:00', 0, 0),
(1143, 1, 1143, '2019-05-17', '1', '', 4, 'Pass', '2019-05-17 00:00:00', 4, '0000-00-00 00:00:00', 0, 0),
(1144, 1, 1144, '2019-05-17', '1', '', 4, 'Pass', '2019-05-17 00:00:00', 4, '0000-00-00 00:00:00', 0, 0),
(1145, 1, 1145, '2019-05-17', '1', '', 4, 'Pass', '2019-05-17 00:00:00', 4, '0000-00-00 00:00:00', 0, 0),
(1146, 1, 1146, '2019-05-17', '1', '', 4, 'Pass', '2019-05-17 00:00:00', 4, '0000-00-00 00:00:00', 0, 0),
(1147, 1, 1147, '2019-05-17', '1', '', 4, 'Pass', '2019-05-17 00:00:00', 4, '0000-00-00 00:00:00', 0, 0),
(1148, 1, 1148, '2019-05-17', '1', '', 4, 'Pass', '2019-05-17 00:00:00', 4, '0000-00-00 00:00:00', 0, 0),
(1149, 1, 1149, '2019-05-17', '1', '', 4, 'Pass', '2019-05-17 00:00:00', 4, '0000-00-00 00:00:00', 0, 0),
(1150, 1, 1150, '2019-05-17', '1', '', 4, 'Pass', '2019-05-17 00:00:00', 4, '0000-00-00 00:00:00', 0, 0),
(1151, 1, 1151, '2019-05-17', '1', '', 4, 'Pass', '2019-05-17 00:00:00', 4, '0000-00-00 00:00:00', 0, 0),
(1152, 1, 1152, '2019-05-17', '1', '', 4, 'Pass', '2019-05-17 00:00:00', 4, '0000-00-00 00:00:00', 0, 0),
(1153, 1, 1153, '2019-05-17', '1', '', 4, 'Pass', '2019-05-17 00:00:00', 4, '0000-00-00 00:00:00', 0, 0),
(1154, 1, 1154, '2019-05-17', '1', '', 4, 'Pass', '2019-05-17 00:00:00', 4, '0000-00-00 00:00:00', 0, 0),
(1155, 1, 1155, '2019-05-17', '1', '', 4, 'Pass', '2019-05-17 00:00:00', 4, '0000-00-00 00:00:00', 0, 0),
(1156, 1, 1156, '2019-05-17', '1', '', 4, 'Pass', '2019-05-17 00:00:00', 4, '0000-00-00 00:00:00', 0, 0),
(1157, 1, 1157, '2019-05-17', '1', '', 4, 'Pass', '2019-05-17 00:00:00', 4, '0000-00-00 00:00:00', 0, 0),
(1158, 1, 1158, '2019-05-17', '1', '', 4, 'Pass', '2019-05-17 00:00:00', 4, '0000-00-00 00:00:00', 0, 0),
(1159, 1, 1159, '2019-05-17', '1', '', 4, 'Pass', '2019-05-17 00:00:00', 4, '0000-00-00 00:00:00', 0, 0),
(1160, 1, 1160, '2019-05-17', '1', '', 4, 'Pass', '2019-05-17 00:00:00', 4, '0000-00-00 00:00:00', 0, 0),
(1161, 1, 1161, '2019-05-17', '1', '', 4, 'Pass', '2019-05-17 00:00:00', 4, '0000-00-00 00:00:00', 0, 0),
(1162, 1, 1162, '2019-05-17', '1', '', 4, 'Pass', '2019-05-17 00:00:00', 4, '0000-00-00 00:00:00', 0, 0),
(1163, 1, 1163, '2019-05-17', '1', '', 4, 'Pass', '2019-05-17 00:00:00', 4, '0000-00-00 00:00:00', 0, 0),
(1164, 1, 1164, '2019-05-17', '1', '', 4, 'Pass', '2019-05-17 00:00:00', 4, '0000-00-00 00:00:00', 0, 0),
(1165, 1, 1165, '2019-05-17', '1', '', 4, 'Pass', '2019-05-17 00:00:00', 4, '0000-00-00 00:00:00', 0, 0),
(1166, 1, 1166, '2019-05-17', '1', '', 4, 'Pass', '2019-05-17 00:00:00', 4, '0000-00-00 00:00:00', 0, 0),
(1167, 1, 1167, '2019-05-17', '1', '', 4, 'Pass', '2019-05-17 00:00:00', 4, '0000-00-00 00:00:00', 0, 0),
(1168, 1, 1168, '2019-05-17', '1', '', 4, 'Pass', '2019-05-17 00:00:00', 4, '0000-00-00 00:00:00', 0, 0),
(1169, 1, 1169, '2019-05-17', '1', '', 4, 'Pass', '2019-05-17 00:00:00', 4, '0000-00-00 00:00:00', 0, 0),
(1170, 1, 1170, '2019-05-17', '1', '', 4, 'Pass', '2019-05-17 00:00:00', 4, '0000-00-00 00:00:00', 0, 0),
(1171, 1, 1171, '2019-05-17', '1', '', 4, 'Pass', '2019-05-17 00:00:00', 4, '0000-00-00 00:00:00', 0, 0),
(1172, 1, 1172, '2019-05-17', '1', '', 4, 'Pass', '2019-05-17 00:00:00', 4, '0000-00-00 00:00:00', 0, 0),
(1173, 1, 1173, '2019-05-17', '1', '', 4, 'Pass', '2019-05-17 00:00:00', 4, '0000-00-00 00:00:00', 0, 0),
(1174, 1, 1174, '2019-05-17', '1', '', 4, 'Pass', '2019-05-17 00:00:00', 4, '0000-00-00 00:00:00', 0, 0),
(1175, 1, 1175, '2019-05-17', '1', '', 4, 'Pass', '2019-05-17 00:00:00', 4, '0000-00-00 00:00:00', 0, 0),
(1176, 1, 1176, '2019-05-17', '1', '', 4, 'Pass', '2019-05-17 00:00:00', 4, '0000-00-00 00:00:00', 0, 0),
(1177, 1, 1177, '2019-05-17', '1', '', 4, 'Pass', '2019-05-17 00:00:00', 4, '0000-00-00 00:00:00', 0, 0),
(1178, 1, 1178, '2019-05-17', '1', '', 4, 'Pass', '2019-05-17 00:00:00', 4, '0000-00-00 00:00:00', 0, 0),
(1179, 1, 1179, '2019-05-17', '1', '', 4, 'Pass', '2019-05-17 00:00:00', 4, '0000-00-00 00:00:00', 0, 0),
(1180, 1, 1180, '2019-05-17', '1', '', 4, 'Pass', '2019-05-17 00:00:00', 4, '0000-00-00 00:00:00', 0, 0),
(1181, 1, 1181, '2019-05-17', '1', '', 4, 'Pass', '2019-05-17 00:00:00', 4, '0000-00-00 00:00:00', 0, 0),
(1182, 1, 1182, '2019-05-17', '1', '', 4, 'Pass', '2019-05-17 00:00:00', 4, '0000-00-00 00:00:00', 0, 0),
(1183, 1, 1183, '2019-05-17', '1', '', 4, 'Pass', '2019-05-17 00:00:00', 4, '0000-00-00 00:00:00', 0, 0),
(1184, 1, 1184, '2019-05-17', '1', '', 4, 'Pass', '2019-05-17 00:00:00', 4, '0000-00-00 00:00:00', 0, 0),
(1185, 1, 1185, '2019-05-17', '1', '', 4, 'Pass', '2019-05-17 00:00:00', 4, '0000-00-00 00:00:00', 0, 0),
(1186, 1, 1186, '2019-05-17', '1', '', 4, 'Pass', '2019-05-17 00:00:00', 4, '0000-00-00 00:00:00', 0, 0),
(1187, 1, 1187, '2019-05-17', '1', '', 4, 'Pass', '2019-05-17 00:00:00', 4, '0000-00-00 00:00:00', 0, 0),
(1188, 1, 1188, '2019-05-17', '1', '', 4, 'Pass', '2019-05-17 00:00:00', 4, '0000-00-00 00:00:00', 0, 0),
(1189, 1, 1189, '2019-05-17', '1', '', 4, 'Pass', '2019-05-17 00:00:00', 4, '0000-00-00 00:00:00', 0, 0),
(1190, 1, 1190, '2019-05-17', '1', '', 4, 'Pass', '2019-05-17 00:00:00', 4, '0000-00-00 00:00:00', 0, 0),
(1191, 1, 1191, '2019-05-17', '1', '', 4, 'Pass', '2019-05-17 00:00:00', 4, '0000-00-00 00:00:00', 0, 0),
(1192, 1, 1192, '2019-05-17', '1', '', 4, 'Pass', '2019-05-17 00:00:00', 4, '0000-00-00 00:00:00', 0, 0),
(1193, 1, 1193, '2019-05-17', '1', '', 4, 'Pass', '2019-05-17 00:00:00', 4, '0000-00-00 00:00:00', 0, 0),
(1194, 1, 1194, '2019-05-17', '1', '', 4, 'Pass', '2019-05-17 00:00:00', 4, '0000-00-00 00:00:00', 0, 0),
(1195, 1, 1195, '2019-05-17', '1', '', 4, 'Pass', '2019-05-17 00:00:00', 4, '0000-00-00 00:00:00', 0, 0),
(1196, 1, 1196, '2019-05-17', '1', '', 4, 'Pass', '2019-05-17 00:00:00', 4, '0000-00-00 00:00:00', 0, 0),
(1197, 1, 1197, '2019-05-17', '1', '', 4, 'Pass', '2019-05-17 00:00:00', 4, '0000-00-00 00:00:00', 0, 0),
(1198, 1, 1198, '2019-05-17', '1', '', 4, 'Pass', '2019-05-17 00:00:00', 4, '0000-00-00 00:00:00', 0, 0),
(1199, 1, 1199, '2019-05-17', '1', '', 4, 'Pass', '2019-05-17 00:00:00', 4, '0000-00-00 00:00:00', 0, 0),
(1200, 1, 1200, '2019-05-17', '1', '', 4, 'Pass', '2019-05-17 00:00:00', 4, '0000-00-00 00:00:00', 0, 0),
(1201, 1, 1201, '2019-05-17', '1', '', 4, 'Pass', '2019-05-17 00:00:00', 4, '0000-00-00 00:00:00', 0, 0),
(1202, 1, 1202, '2019-05-17', '1', '', 4, 'Pass', '2019-05-17 00:00:00', 4, '0000-00-00 00:00:00', 0, 0),
(1203, 1, 1203, '2019-05-17', '1', '', 4, 'Pass', '2019-05-17 00:00:00', 4, '0000-00-00 00:00:00', 0, 0),
(1204, 1, 1204, '2019-05-17', '1', '', 4, 'Pass', '2019-05-17 00:00:00', 4, '0000-00-00 00:00:00', 0, 0),
(1205, 1, 1205, '2019-05-17', '1', '', 4, 'Pass', '2019-05-17 00:00:00', 4, '0000-00-00 00:00:00', 0, 0),
(1206, 1, 1206, '2019-05-17', '1', '', 4, 'Pass', '2019-05-17 00:00:00', 4, '0000-00-00 00:00:00', 0, 0),
(1207, 1, 1207, '2019-05-17', '1', '', 4, 'Pass', '2019-05-17 00:00:00', 4, '0000-00-00 00:00:00', 0, 0),
(1208, 1, 1208, '2019-05-17', '1', '', 4, 'Pass', '2019-05-17 00:00:00', 4, '0000-00-00 00:00:00', 0, 0),
(1209, 1, 1209, '2019-05-17', '1', '', 4, 'Pass', '2019-05-17 00:00:00', 4, '0000-00-00 00:00:00', 0, 0),
(1210, 1, 1210, '2019-05-17', '1', '', 4, 'Pass', '2019-05-17 00:00:00', 4, '0000-00-00 00:00:00', 0, 0),
(1211, 1, 1211, '2019-05-17', '1', '', 4, 'Pass', '2019-05-17 00:00:00', 4, '0000-00-00 00:00:00', 0, 0),
(1212, 1, 1212, '2019-05-17', '1', '', 4, 'Pass', '2019-05-17 00:00:00', 4, '0000-00-00 00:00:00', 0, 0),
(1213, 1, 1213, '2019-05-17', '1', '', 4, 'Pass', '2019-05-17 00:00:00', 4, '0000-00-00 00:00:00', 0, 0),
(1214, 1, 1214, '2019-05-17', '1', '', 4, 'Pass', '2019-05-17 00:00:00', 4, '0000-00-00 00:00:00', 0, 0),
(1215, 1, 1215, '2019-05-17', '1', '', 4, 'Pass', '2019-05-17 00:00:00', 4, '0000-00-00 00:00:00', 0, 0),
(1216, 1, 1216, '2019-05-17', '1', '', 4, 'Pass', '2019-05-17 00:00:00', 4, '0000-00-00 00:00:00', 0, 0),
(1217, 1, 1217, '2019-05-17', '1', '', 4, 'Pass', '2019-05-17 00:00:00', 4, '0000-00-00 00:00:00', 0, 0),
(1218, 1, 1218, '2019-05-17', '1', '', 4, 'Pass', '2019-05-17 00:00:00', 4, '0000-00-00 00:00:00', 0, 0),
(1219, 1, 1219, '2019-05-17', '1', '', 4, 'Pass', '2019-05-17 00:00:00', 4, '0000-00-00 00:00:00', 0, 0),
(1220, 1, 1220, '2019-05-17', '1', '', 4, 'Pass', '2019-05-17 00:00:00', 4, '0000-00-00 00:00:00', 0, 0),
(1221, 1, 1221, '2019-05-17', '1', '', 4, 'Pass', '2019-05-17 00:00:00', 4, '0000-00-00 00:00:00', 0, 0),
(1222, 1, 1222, '2019-05-17', '1', '', 4, 'Pass', '2019-05-17 00:00:00', 4, '0000-00-00 00:00:00', 0, 0),
(1223, 1, 1223, '2019-05-17', '1', '', 4, 'Pass', '2019-05-17 00:00:00', 4, '0000-00-00 00:00:00', 0, 0),
(1224, 1, 1224, '2019-05-17', '1', '', 4, 'Pass', '2019-05-17 00:00:00', 4, '0000-00-00 00:00:00', 0, 0),
(1225, 1, 1225, '2019-05-17', '1', '', 4, 'Pass', '2019-05-17 00:00:00', 4, '0000-00-00 00:00:00', 0, 0),
(1226, 1, 1226, '2019-05-17', '1', '', 4, 'Pass', '2019-05-17 00:00:00', 4, '0000-00-00 00:00:00', 0, 0),
(1227, 1, 1227, '2019-05-17', '1', '', 4, 'Pass', '2019-05-17 00:00:00', 4, '0000-00-00 00:00:00', 0, 0),
(1228, 1, 1228, '2019-05-17', '1', '', 4, 'Pass', '2019-05-17 00:00:00', 4, '0000-00-00 00:00:00', 0, 0),
(1229, 1, 1229, '2019-05-17', '1', '', 4, 'Pass', '2019-05-17 00:00:00', 4, '0000-00-00 00:00:00', 0, 0),
(1230, 1, 1230, '2019-05-17', '1', '', 4, 'Pass', '2019-05-17 00:00:00', 4, '0000-00-00 00:00:00', 0, 0),
(1231, 1, 1231, '2019-05-17', '1', '', 4, 'Pass', '2019-05-17 00:00:00', 4, '0000-00-00 00:00:00', 0, 0),
(1232, 1, 1232, '2019-05-17', '1', '', 4, 'Pass', '2019-05-17 00:00:00', 4, '0000-00-00 00:00:00', 0, 0),
(1233, 1, 1233, '2019-05-17', '1', '', 4, 'Pass', '2019-05-17 00:00:00', 4, '0000-00-00 00:00:00', 0, 0),
(1234, 1, 1234, '2019-05-17', '1', '', 4, 'Pass', '2019-05-17 00:00:00', 4, '0000-00-00 00:00:00', 0, 0),
(1235, 1, 1235, '2019-05-17', '1', '', 4, 'Pass', '2019-05-17 00:00:00', 4, '0000-00-00 00:00:00', 0, 0),
(1236, 1, 1236, '2019-05-17', '1', '', 4, 'Pass', '2019-05-17 00:00:00', 4, '0000-00-00 00:00:00', 0, 0),
(1237, 1, 1237, '2019-05-17', '1', '', 4, 'Pass', '2019-05-17 00:00:00', 4, '0000-00-00 00:00:00', 0, 0),
(1238, 1, 1238, '2019-05-17', '1', '', 4, 'Pass', '2019-05-17 00:00:00', 4, '0000-00-00 00:00:00', 0, 0),
(1239, 1, 1239, '2019-05-17', '1', '', 4, 'Pass', '2019-05-17 00:00:00', 4, '0000-00-00 00:00:00', 0, 0),
(1240, 1, 1240, '2019-05-17', '1', '', 4, 'Pass', '2019-05-17 00:00:00', 4, '0000-00-00 00:00:00', 0, 0),
(1241, 1, 1241, '2019-05-17', '1', '', 4, 'Pass', '2019-05-17 00:00:00', 4, '0000-00-00 00:00:00', 0, 0),
(1242, 1, 1242, '2019-05-17', '1', '', 4, 'Pass', '2019-05-17 00:00:00', 4, '0000-00-00 00:00:00', 0, 0),
(1243, 1, 1243, '2019-05-17', '1', '', 4, 'Pass', '2019-05-17 00:00:00', 4, '0000-00-00 00:00:00', 0, 0),
(1244, 1, 1244, '2019-05-17', '1', '', 4, 'Pass', '2019-05-17 00:00:00', 4, '0000-00-00 00:00:00', 0, 0),
(1245, 1, 1245, '2019-05-17', '1', '', 4, 'Pass', '2019-05-17 00:00:00', 4, '0000-00-00 00:00:00', 0, 0),
(1246, 1, 1246, '2019-05-17', '1', '', 4, 'Pass', '2019-05-17 00:00:00', 4, '0000-00-00 00:00:00', 0, 0),
(1247, 1, 1247, '2019-05-17', '1', '', 4, 'Pass', '2019-05-17 00:00:00', 4, '0000-00-00 00:00:00', 0, 0),
(1248, 1, 1248, '2019-05-17', '1', '', 4, 'Pass', '2019-05-17 00:00:00', 4, '0000-00-00 00:00:00', 0, 0),
(1249, 1, 1249, '2019-05-17', '1', '', 4, 'Pass', '2019-05-17 00:00:00', 4, '0000-00-00 00:00:00', 0, 0),
(1250, 1, 1250, '2019-05-17', '1', '', 4, 'Pass', '2019-05-17 00:00:00', 4, '0000-00-00 00:00:00', 0, 0),
(1251, 1, 1251, '2019-05-17', '1', '', 4, 'Pass', '2019-05-17 00:00:00', 4, '0000-00-00 00:00:00', 0, 0),
(1252, 1, 1252, '2019-05-17', '1', '', 4, 'Pass', '2019-05-17 00:00:00', 4, '0000-00-00 00:00:00', 0, 0),
(1253, 1, 1253, '2019-05-17', '1', '', 4, 'Pass', '2019-05-17 00:00:00', 4, '0000-00-00 00:00:00', 0, 0),
(1254, 1, 1254, '2019-05-17', '1', '', 4, 'Pass', '2019-05-17 00:00:00', 4, '0000-00-00 00:00:00', 0, 0),
(1255, 1, 1255, '2019-05-17', '1', '', 4, 'Pass', '2019-05-17 00:00:00', 4, '0000-00-00 00:00:00', 0, 0),
(1256, 1, 1256, '2019-05-17', '1', '', 4, 'Pass', '2019-05-17 00:00:00', 4, '0000-00-00 00:00:00', 0, 0),
(1257, 1, 1257, '2019-05-17', '1', '', 4, 'Pass', '2019-05-17 00:00:00', 4, '0000-00-00 00:00:00', 0, 0),
(1258, 1, 1258, '2019-05-17', '1', '', 4, 'Pass', '2019-05-17 00:00:00', 4, '0000-00-00 00:00:00', 0, 0),
(1259, 1, 1259, '2019-05-17', '1', '', 4, 'Pass', '2019-05-17 00:00:00', 4, '0000-00-00 00:00:00', 0, 0),
(1260, 1, 1260, '2019-05-17', '1', '', 4, 'Pass', '2019-05-17 00:00:00', 4, '0000-00-00 00:00:00', 0, 0),
(1261, 1, 1261, '2019-05-17', '1', '', 4, 'Pass', '2019-05-17 00:00:00', 4, '0000-00-00 00:00:00', 0, 0),
(1262, 1, 1262, '2019-05-17', '1', '', 4, 'Pass', '2019-05-17 00:00:00', 4, '0000-00-00 00:00:00', 0, 0),
(1263, 1, 1263, '2019-05-17', '1', '', 4, 'Pass', '2019-05-17 00:00:00', 4, '0000-00-00 00:00:00', 0, 0),
(1264, 1, 1264, '2019-05-17', '1', '', 4, 'Pass', '2019-05-17 00:00:00', 4, '0000-00-00 00:00:00', 0, 0),
(1265, 1, 1265, '2019-05-17', '1', '', 4, 'Pass', '2019-05-17 00:00:00', 4, '0000-00-00 00:00:00', 0, 0),
(1266, 1, 1266, '2019-05-17', '1', '', 4, 'Pass', '2019-05-17 00:00:00', 4, '0000-00-00 00:00:00', 0, 0),
(1267, 1, 1267, '2019-05-17', '1', '', 4, 'Pass', '2019-05-17 00:00:00', 4, '0000-00-00 00:00:00', 0, 0),
(1268, 1, 1268, '2019-05-17', '1', '', 4, 'Pass', '2019-05-17 00:00:00', 4, '0000-00-00 00:00:00', 0, 0),
(1269, 1, 1269, '2019-05-17', '1', '', 4, 'Pass', '2019-05-17 00:00:00', 4, '0000-00-00 00:00:00', 0, 0),
(1270, 1, 1270, '2019-05-17', '1', '', 4, 'Pass', '2019-05-17 00:00:00', 4, '0000-00-00 00:00:00', 0, 0),
(1271, 1, 1271, '2019-05-17', '1', '', 4, 'Pass', '2019-05-17 00:00:00', 4, '0000-00-00 00:00:00', 0, 0),
(1272, 1, 1272, '2019-05-17', '1', '', 4, 'Pass', '2019-05-17 00:00:00', 4, '0000-00-00 00:00:00', 0, 0),
(1273, 1, 1273, '2019-05-17', '1', '', 4, 'Pass', '2019-05-17 00:00:00', 4, '0000-00-00 00:00:00', 0, 0),
(1274, 1, 1274, '2019-05-17', '1', '', 4, 'Pass', '2019-05-17 00:00:00', 4, '0000-00-00 00:00:00', 0, 0),
(1275, 1, 1275, '2019-05-17', '1', '', 4, 'Pass', '2019-05-17 00:00:00', 4, '0000-00-00 00:00:00', 0, 0),
(1276, 1, 1276, '2019-05-17', '1', '', 4, 'Pass', '2019-05-17 00:00:00', 4, '0000-00-00 00:00:00', 0, 0),
(1277, 1, 1277, '2019-05-17', '1', '', 4, 'Pass', '2019-05-17 00:00:00', 4, '0000-00-00 00:00:00', 0, 0),
(1278, 1, 1278, '2019-05-17', '1', '', 4, 'Pass', '2019-05-17 00:00:00', 4, '0000-00-00 00:00:00', 0, 0),
(1279, 1, 1279, '2019-05-17', '1', '', 4, 'Pass', '2019-05-17 00:00:00', 4, '0000-00-00 00:00:00', 0, 0),
(1280, 1, 1280, '2019-05-17', '1', '', 4, 'Pass', '2019-05-17 00:00:00', 4, '0000-00-00 00:00:00', 0, 0),
(1281, 1, 1281, '2019-05-17', '1', '', 4, 'Pass', '2019-05-17 00:00:00', 4, '0000-00-00 00:00:00', 0, 0),
(1282, 1, 1282, '2019-05-17', '1', '', 4, 'Pass', '2019-05-17 00:00:00', 4, '0000-00-00 00:00:00', 0, 0),
(1283, 1, 1283, '2019-05-17', '1', '', 4, 'Pass', '2019-05-17 00:00:00', 4, '0000-00-00 00:00:00', 0, 0),
(1284, 1, 1284, '2019-05-17', '1', '', 4, 'Pass', '2019-05-17 00:00:00', 4, '0000-00-00 00:00:00', 0, 0),
(1285, 1, 1285, '2019-05-17', '1', '', 4, 'Pass', '2019-05-17 00:00:00', 4, '0000-00-00 00:00:00', 0, 0),
(1286, 1, 1286, '2019-05-17', '1', '', 4, 'Pass', '2019-05-17 00:00:00', 4, '0000-00-00 00:00:00', 0, 0),
(1287, 1, 1287, '2019-05-17', '1', '', 4, 'Pass', '2019-05-17 00:00:00', 4, '0000-00-00 00:00:00', 0, 0),
(1288, 1, 1288, '2019-05-17', '1', '', 4, 'Pass', '2019-05-17 00:00:00', 4, '0000-00-00 00:00:00', 0, 0),
(1289, 1, 1289, '2019-05-17', '1', '', 4, 'Pass', '2019-05-17 00:00:00', 4, '0000-00-00 00:00:00', 0, 0),
(1290, 1, 1290, '2019-05-17', '1', '', 4, 'Pass', '2019-05-17 00:00:00', 4, '0000-00-00 00:00:00', 0, 0),
(1291, 1, 1291, '2019-05-17', '1', '', 4, 'Pass', '2019-05-17 00:00:00', 4, '0000-00-00 00:00:00', 0, 0),
(1292, 1, 1292, '2019-05-17', '1', '', 4, 'Pass', '2019-05-17 00:00:00', 4, '0000-00-00 00:00:00', 0, 0),
(1293, 1, 1293, '2019-05-17', '1', '', 4, 'Pass', '2019-05-17 00:00:00', 4, '0000-00-00 00:00:00', 0, 0),
(1294, 1, 1294, '2019-05-17', '1', '', 4, 'Pass', '2019-05-17 00:00:00', 4, '0000-00-00 00:00:00', 0, 0),
(1295, 1, 1295, '2019-05-17', '1', '', 4, 'Pass', '2019-05-17 00:00:00', 4, '0000-00-00 00:00:00', 0, 0),
(1296, 1, 1296, '2019-05-17', '1', '', 4, 'Pass', '2019-05-17 00:00:00', 4, '0000-00-00 00:00:00', 0, 0),
(1297, 1, 1297, '2019-05-17', '1', '', 4, 'Pass', '2019-05-17 00:00:00', 4, '0000-00-00 00:00:00', 0, 0),
(1298, 1, 1298, '2019-05-17', '1', '', 4, 'Pass', '2019-05-17 00:00:00', 4, '0000-00-00 00:00:00', 0, 0),
(1299, 1, 1299, '2019-05-17', '1', '', 4, 'Pass', '2019-05-17 00:00:00', 4, '0000-00-00 00:00:00', 0, 0),
(1300, 1, 1300, '2019-05-17', '1', '', 4, 'Pass', '2019-05-17 00:00:00', 4, '0000-00-00 00:00:00', 0, 0),
(1301, 1, 1301, '2019-05-17', '1', '', 4, 'Pass', '2019-05-17 00:00:00', 4, '0000-00-00 00:00:00', 0, 0),
(1302, 1, 1302, '2019-05-17', '1', '', 4, 'Pass', '2019-05-17 00:00:00', 4, '0000-00-00 00:00:00', 0, 0),
(1303, 1, 1303, '2019-05-17', '1', '', 4, 'Pass', '2019-05-17 00:00:00', 4, '0000-00-00 00:00:00', 0, 0),
(1304, 1, 1304, '2019-05-17', '1', '', 4, 'Pass', '2019-05-17 00:00:00', 4, '0000-00-00 00:00:00', 0, 0),
(1305, 1, 1305, '2019-05-17', '1', '', 4, 'Pass', '2019-05-17 00:00:00', 4, '0000-00-00 00:00:00', 0, 0),
(1306, 1, 1306, '2019-05-17', '1', '', 4, 'Pass', '2019-05-17 00:00:00', 4, '0000-00-00 00:00:00', 0, 0),
(1307, 1, 1307, '2019-05-17', '1', '', 4, 'Pass', '2019-05-17 00:00:00', 4, '0000-00-00 00:00:00', 0, 0),
(1308, 1, 1308, '2019-05-17', '1', '', 4, 'Pass', '2019-05-17 00:00:00', 4, '0000-00-00 00:00:00', 0, 0),
(1309, 1, 1309, '2019-05-17', '1', '', 4, 'Pass', '2019-05-17 00:00:00', 4, '0000-00-00 00:00:00', 0, 0),
(1310, 1, 1310, '2019-05-17', '1', '', 4, 'Pass', '2019-05-17 00:00:00', 4, '0000-00-00 00:00:00', 0, 0),
(1311, 1, 1311, '2019-05-17', '1', '', 4, 'Pass', '2019-05-17 00:00:00', 4, '0000-00-00 00:00:00', 0, 0),
(1312, 1, 1312, '2019-05-17', '1', '', 4, 'Pass', '2019-05-17 00:00:00', 4, '0000-00-00 00:00:00', 0, 0),
(1313, 1, 1313, '2019-05-17', '1', '', 4, 'Pass', '2019-05-17 00:00:00', 4, '0000-00-00 00:00:00', 0, 0),
(1314, 1, 1314, '2019-05-17', '1', '', 4, 'Pass', '2019-05-17 00:00:00', 4, '0000-00-00 00:00:00', 0, 0),
(1315, 1, 1315, '2019-05-17', '1', '', 4, 'Pass', '2019-05-17 00:00:00', 4, '0000-00-00 00:00:00', 0, 0),
(1316, 1, 1316, '2019-05-17', '1', '', 4, 'Pass', '2019-05-17 00:00:00', 4, '0000-00-00 00:00:00', 0, 0),
(1317, 1, 1317, '2019-05-17', '1', '', 4, 'Pass', '2019-05-17 00:00:00', 4, '0000-00-00 00:00:00', 0, 0),
(1318, 1, 1318, '2019-05-17', '1', '', 4, 'Pass', '2019-05-17 00:00:00', 4, '0000-00-00 00:00:00', 0, 0),
(1319, 1, 1319, '2019-05-17', '1', '', 4, 'Pass', '2019-05-17 00:00:00', 4, '0000-00-00 00:00:00', 0, 0),
(1320, 1, 1320, '2019-05-17', '1', '', 4, 'Pass', '2019-05-17 00:00:00', 4, '0000-00-00 00:00:00', 0, 0),
(1321, 1, 1321, '2019-05-17', '1', '', 4, 'Pass', '2019-05-17 00:00:00', 4, '0000-00-00 00:00:00', 0, 0),
(1322, 1, 1322, '2019-05-17', '1', '', 4, 'Pass', '2019-05-17 00:00:00', 4, '0000-00-00 00:00:00', 0, 0),
(1323, 1, 1323, '2019-05-17', '1', '', 4, 'Pass', '2019-05-17 00:00:00', 4, '0000-00-00 00:00:00', 0, 0),
(1324, 1, 1324, '2019-05-17', '1', '', 4, 'Pass', '2019-05-17 00:00:00', 4, '0000-00-00 00:00:00', 0, 0),
(1325, 1, 1325, '2019-05-17', '1', '', 4, 'Pass', '2019-05-17 00:00:00', 4, '0000-00-00 00:00:00', 0, 0),
(1326, 1, 1326, '2019-05-17', '1', '', 4, 'Pass', '2019-05-17 00:00:00', 4, '0000-00-00 00:00:00', 0, 0),
(1327, 1, 1327, '2019-05-17', '1', '', 4, 'Pass', '2019-05-17 00:00:00', 4, '0000-00-00 00:00:00', 0, 0),
(1328, 1, 1328, '2019-05-17', '1', '', 4, 'Pass', '2019-05-17 00:00:00', 4, '0000-00-00 00:00:00', 0, 0),
(1329, 1, 1329, '2019-05-17', '1', '', 4, 'Pass', '2019-05-17 00:00:00', 4, '0000-00-00 00:00:00', 0, 0),
(1330, 1, 1330, '2019-05-17', '1', '', 4, 'Pass', '2019-05-17 00:00:00', 4, '0000-00-00 00:00:00', 0, 0),
(1331, 1, 1331, '2019-05-17', '1', '', 4, 'Pass', '2019-05-17 00:00:00', 4, '0000-00-00 00:00:00', 0, 0),
(1332, 1, 1332, '2019-05-17', '1', '', 4, 'Pass', '2019-05-17 00:00:00', 4, '0000-00-00 00:00:00', 0, 0),
(1333, 1, 1333, '2019-05-17', '1', '', 4, 'Pass', '2019-05-17 00:00:00', 4, '0000-00-00 00:00:00', 0, 0),
(1334, 1, 1334, '2019-05-17', '1', '', 4, 'Pass', '2019-05-17 00:00:00', 4, '0000-00-00 00:00:00', 0, 0),
(1335, 1, 1335, '2019-05-17', '1', '', 4, 'Pass', '2019-05-17 00:00:00', 4, '0000-00-00 00:00:00', 0, 0),
(1336, 1, 1336, '2019-05-17', '1', '', 4, 'Pass', '2019-05-17 00:00:00', 4, '0000-00-00 00:00:00', 0, 0),
(1337, 1, 1337, '2019-05-17', '1', '', 4, 'Pass', '2019-05-17 00:00:00', 4, '0000-00-00 00:00:00', 0, 0),
(1338, 1, 1338, '2019-05-17', '1', '', 4, 'Pass', '2019-05-17 00:00:00', 4, '0000-00-00 00:00:00', 0, 0),
(1339, 1, 1339, '2019-05-17', '1', '', 4, 'Pass', '2019-05-17 00:00:00', 4, '0000-00-00 00:00:00', 0, 0),
(1340, 1, 1340, '2019-05-17', '1', '', 4, 'Pass', '2019-05-17 00:00:00', 4, '0000-00-00 00:00:00', 0, 0),
(1341, 1, 1341, '2019-05-17', '1', '', 4, 'Pass', '2019-05-17 00:00:00', 4, '0000-00-00 00:00:00', 0, 0),
(1342, 1, 1342, '2019-05-17', '1', '', 4, 'Pass', '2019-05-17 00:00:00', 4, '0000-00-00 00:00:00', 0, 0),
(1343, 1, 1343, '2019-05-17', '1', '', 4, 'Pass', '2019-05-17 00:00:00', 4, '0000-00-00 00:00:00', 0, 0),
(1344, 1, 1344, '2019-05-17', '1', '', 4, 'Pass', '2019-05-17 00:00:00', 4, '0000-00-00 00:00:00', 0, 0),
(1345, 1, 1345, '2019-05-17', '1', '', 4, 'Pass', '2019-05-17 00:00:00', 4, '0000-00-00 00:00:00', 0, 0),
(1346, 1, 1346, '2019-05-17', '1', '', 4, 'Pass', '2019-05-17 00:00:00', 4, '0000-00-00 00:00:00', 0, 0),
(1347, 1, 1347, '2019-05-17', '1', '', 4, 'Pass', '2019-05-17 00:00:00', 4, '0000-00-00 00:00:00', 0, 0),
(1348, 1, 1348, '2019-05-17', '1', '', 4, 'Pass', '2019-05-17 00:00:00', 4, '0000-00-00 00:00:00', 0, 0),
(1349, 1, 1349, '2019-05-17', '1', '', 4, 'Pass', '2019-05-17 00:00:00', 4, '0000-00-00 00:00:00', 0, 0),
(1350, 1, 1350, '2019-05-17', '1', '', 4, 'Pass', '2019-05-17 00:00:00', 4, '0000-00-00 00:00:00', 0, 0),
(1351, 1, 1351, '2019-05-17', '1', '', 4, 'Pass', '2019-05-17 00:00:00', 4, '0000-00-00 00:00:00', 0, 0),
(1352, 1, 1352, '2019-05-17', '1', '', 4, 'Pass', '2019-05-17 00:00:00', 4, '0000-00-00 00:00:00', 0, 0),
(1353, 1, 1353, '2019-05-17', '1', '', 4, 'Pass', '2019-05-17 00:00:00', 4, '0000-00-00 00:00:00', 0, 0),
(1354, 1, 1354, '2019-05-17', '1', '', 4, 'Pass', '2019-05-17 00:00:00', 4, '0000-00-00 00:00:00', 0, 0),
(1355, 1, 1355, '2019-05-17', '1', '', 4, 'Pass', '2019-05-17 00:00:00', 4, '0000-00-00 00:00:00', 0, 0),
(1356, 1, 1356, '2019-05-17', '1', '', 4, 'Pass', '2019-05-17 00:00:00', 4, '0000-00-00 00:00:00', 0, 0),
(1357, 1, 1357, '2019-05-17', '1', '', 4, 'Pass', '2019-05-17 00:00:00', 4, '0000-00-00 00:00:00', 0, 0),
(1358, 1, 1358, '2019-05-17', '1', '', 4, 'Pass', '2019-05-17 00:00:00', 4, '0000-00-00 00:00:00', 0, 0),
(1359, 1, 1359, '2019-05-17', '1', '', 4, 'Pass', '2019-05-17 00:00:00', 4, '0000-00-00 00:00:00', 0, 0),
(1360, 1, 1360, '2019-05-17', '1', '', 4, 'Pass', '2019-05-17 00:00:00', 4, '0000-00-00 00:00:00', 0, 0),
(1361, 1, 1361, '2019-05-17', '1', '', 4, 'Pass', '2019-05-17 00:00:00', 4, '0000-00-00 00:00:00', 0, 0),
(1362, 1, 1362, '2019-05-17', '1', '', 4, 'Pass', '2019-05-17 00:00:00', 4, '0000-00-00 00:00:00', 0, 0),
(1363, 1, 1363, '2019-05-17', '1', '', 4, 'Pass', '2019-05-17 00:00:00', 4, '0000-00-00 00:00:00', 0, 0),
(1364, 1, 1364, '2019-05-17', '1', '', 4, 'Pass', '2019-05-17 00:00:00', 4, '0000-00-00 00:00:00', 0, 0),
(1365, 1, 1365, '2019-05-17', '1', '', 4, 'Pass', '2019-05-17 00:00:00', 4, '0000-00-00 00:00:00', 0, 0),
(1366, 1, 1366, '2019-05-17', '1', '', 4, 'Pass', '2019-05-17 00:00:00', 4, '0000-00-00 00:00:00', 0, 0),
(1367, 1, 1367, '2019-05-17', '1', '', 4, 'Pass', '2019-05-17 00:00:00', 4, '0000-00-00 00:00:00', 0, 0),
(1368, 1, 1368, '2019-05-17', '1', '', 4, 'Pass', '2019-05-17 00:00:00', 4, '0000-00-00 00:00:00', 0, 0),
(1369, 1, 1369, '2019-05-17', '1', '', 4, 'Pass', '2019-05-17 00:00:00', 4, '0000-00-00 00:00:00', 0, 0),
(1370, 1, 1370, '2019-05-17', '1', '', 4, 'Pass', '2019-05-17 00:00:00', 4, '0000-00-00 00:00:00', 0, 0),
(1371, 1, 1371, '2019-05-17', '1', '', 4, 'Pass', '2019-05-17 00:00:00', 4, '0000-00-00 00:00:00', 0, 0),
(1372, 1, 1372, '2019-05-17', '1', '', 4, 'Pass', '2019-05-17 00:00:00', 4, '0000-00-00 00:00:00', 0, 0),
(1373, 1, 1373, '2019-05-17', '1', '', 4, 'Pass', '2019-05-17 00:00:00', 4, '0000-00-00 00:00:00', 0, 0),
(1374, 1, 1374, '2019-05-17', '1', '', 4, 'Pass', '2019-05-17 00:00:00', 4, '0000-00-00 00:00:00', 0, 0),
(1375, 1, 1375, '2019-05-17', '1', '', 4, 'Pass', '2019-05-17 00:00:00', 4, '0000-00-00 00:00:00', 0, 0),
(1376, 1, 1376, '2019-05-17', '1', '', 4, 'Pass', '2019-05-17 00:00:00', 4, '0000-00-00 00:00:00', 0, 0),
(1377, 1, 1377, '2019-05-17', '1', '', 4, 'Pass', '2019-05-17 00:00:00', 4, '0000-00-00 00:00:00', 0, 0),
(1378, 1, 1378, '2019-05-17', '1', '', 4, 'Pass', '2019-05-17 00:00:00', 4, '0000-00-00 00:00:00', 0, 0),
(1379, 1, 1379, '2019-05-17', '1', '', 4, 'Pass', '2019-05-17 00:00:00', 4, '0000-00-00 00:00:00', 0, 0),
(1380, 1, 1380, '2019-05-17', '1', '', 4, 'Pass', '2019-05-17 00:00:00', 4, '0000-00-00 00:00:00', 0, 0),
(1381, 1, 1381, '2019-05-17', '1', '', 4, 'Pass', '2019-05-17 00:00:00', 4, '0000-00-00 00:00:00', 0, 0),
(1382, 1, 1382, '2019-05-17', '1', '', 4, 'Pass', '2019-05-17 00:00:00', 4, '0000-00-00 00:00:00', 0, 0),
(1383, 1, 1383, '2019-05-17', '1', '', 4, 'Pass', '2019-05-17 00:00:00', 4, '0000-00-00 00:00:00', 0, 0),
(1384, 1, 1384, '2019-05-17', '1', '', 4, 'Pass', '2019-05-17 00:00:00', 4, '0000-00-00 00:00:00', 0, 0),
(1385, 1, 1385, '2019-05-17', '1', '', 4, 'Pass', '2019-05-17 00:00:00', 4, '0000-00-00 00:00:00', 0, 0),
(1386, 1, 1386, '2019-05-17', '1', '', 4, 'Pass', '2019-05-17 00:00:00', 4, '0000-00-00 00:00:00', 0, 0),
(1387, 1, 1387, '2019-05-17', '1', '', 4, 'Pass', '2019-05-17 00:00:00', 4, '0000-00-00 00:00:00', 0, 0),
(1388, 1, 1388, '2019-05-17', '1', '', 4, 'Pass', '2019-05-17 00:00:00', 4, '0000-00-00 00:00:00', 0, 0),
(1389, 1, 1389, '2019-05-17', '1', '', 4, 'Pass', '2019-05-17 00:00:00', 4, '0000-00-00 00:00:00', 0, 0),
(1390, 1, 1390, '2019-05-17', '1', '', 4, 'Pass', '2019-05-17 00:00:00', 4, '0000-00-00 00:00:00', 0, 0),
(1391, 1, 1391, '2019-05-17', '1', '', 4, 'Pass', '2019-05-17 00:00:00', 4, '0000-00-00 00:00:00', 0, 0),
(1392, 1, 1392, '2019-05-17', '1', '', 4, 'Pass', '2019-05-17 00:00:00', 4, '0000-00-00 00:00:00', 0, 0),
(1393, 1, 1393, '2019-05-17', '1', '', 4, 'Pass', '2019-05-17 00:00:00', 4, '0000-00-00 00:00:00', 0, 0),
(1394, 1, 1394, '2019-05-17', '1', '', 4, 'Pass', '2019-05-17 00:00:00', 4, '0000-00-00 00:00:00', 0, 0),
(1395, 1, 1395, '2019-05-17', '1', '', 4, 'Pass', '2019-05-17 00:00:00', 4, '0000-00-00 00:00:00', 0, 0),
(1396, 1, 1396, '2019-05-17', '1', '', 4, 'Pass', '2019-05-17 00:00:00', 4, '0000-00-00 00:00:00', 0, 0),
(1397, 1, 1397, '2019-05-17', '1', '', 4, 'Pass', '2019-05-17 00:00:00', 4, '0000-00-00 00:00:00', 0, 0),
(1398, 1, 1398, '2019-05-17', '1', '', 4, 'Pass', '2019-05-17 00:00:00', 4, '0000-00-00 00:00:00', 0, 0),
(1399, 1, 1399, '2019-05-17', '1', '', 4, 'Pass', '2019-05-17 00:00:00', 4, '0000-00-00 00:00:00', 0, 0),
(1400, 1, 1400, '2019-05-17', '1', '', 4, 'Pass', '2019-05-17 00:00:00', 4, '0000-00-00 00:00:00', 0, 0),
(1401, 1, 1401, '2019-05-17', '1', '', 4, 'Pass', '2019-05-17 00:00:00', 4, '0000-00-00 00:00:00', 0, 0),
(1402, 1, 1402, '2019-05-17', '1', '', 4, 'Pass', '2019-05-17 00:00:00', 4, '0000-00-00 00:00:00', 0, 0),
(1403, 1, 1403, '2019-05-17', '1', '', 4, 'Pass', '2019-05-17 00:00:00', 4, '0000-00-00 00:00:00', 0, 0),
(1404, 1, 1404, '2019-05-17', '1', '', 4, 'Pass', '2019-05-17 00:00:00', 4, '0000-00-00 00:00:00', 0, 0),
(1405, 1, 1405, '2019-05-17', '1', '', 4, 'Pass', '2019-05-17 00:00:00', 4, '0000-00-00 00:00:00', 0, 0),
(1406, 1, 1406, '2019-05-17', '1', '', 4, 'Pass', '2019-05-17 00:00:00', 4, '0000-00-00 00:00:00', 0, 0),
(1407, 1, 1407, '2019-05-17', '1', '', 4, 'Pass', '2019-05-17 00:00:00', 4, '0000-00-00 00:00:00', 0, 0),
(1408, 1, 1408, '2019-05-17', '1', '', 4, 'Pass', '2019-05-17 00:00:00', 4, '0000-00-00 00:00:00', 0, 0),
(1409, 1, 1409, '2019-05-17', '1', '', 4, 'Pass', '2019-05-17 00:00:00', 4, '0000-00-00 00:00:00', 0, 0),
(1410, 1, 1410, '2019-05-17', '1', '', 4, 'Pass', '2019-05-17 00:00:00', 4, '0000-00-00 00:00:00', 0, 0),
(1411, 1, 1411, '2019-05-17', '1', '', 4, 'Pass', '2019-05-17 00:00:00', 4, '0000-00-00 00:00:00', 0, 0),
(1412, 1, 1412, '2019-05-17', '1', '', 4, 'Pass', '2019-05-17 00:00:00', 4, '0000-00-00 00:00:00', 0, 0),
(1413, 1, 1413, '2019-05-17', '1', '', 4, 'Pass', '2019-05-17 00:00:00', 4, '0000-00-00 00:00:00', 0, 0),
(1414, 1, 1414, '2019-05-17', '1', '', 4, 'Pass', '2019-05-17 00:00:00', 4, '0000-00-00 00:00:00', 0, 0),
(1415, 1, 1415, '2019-05-17', '1', '', 4, 'Pass', '2019-05-17 00:00:00', 4, '0000-00-00 00:00:00', 0, 0),
(1416, 1, 1416, '2019-05-17', '1', '', 4, 'Pass', '2019-05-17 00:00:00', 4, '0000-00-00 00:00:00', 0, 0),
(1417, 1, 1417, '2019-05-17', '1', '', 4, 'Pass', '2019-05-17 00:00:00', 4, '0000-00-00 00:00:00', 0, 0),
(1418, 1, 1418, '2019-05-17', '1', '', 4, 'Pass', '2019-05-17 00:00:00', 4, '0000-00-00 00:00:00', 0, 0),
(1419, 1, 1419, '2019-05-17', '1', '', 4, 'Pass', '2019-05-17 00:00:00', 4, '0000-00-00 00:00:00', 0, 0),
(1420, 1, 1420, '2019-05-17', '1', '', 4, 'Pass', '2019-05-17 00:00:00', 4, '0000-00-00 00:00:00', 0, 0),
(1421, 1, 1421, '2019-05-17', '1', '', 4, 'Pass', '2019-05-17 00:00:00', 4, '0000-00-00 00:00:00', 0, 0),
(1422, 1, 1422, '2019-05-17', '1', '', 4, 'Pass', '2019-05-17 00:00:00', 4, '0000-00-00 00:00:00', 0, 0),
(1423, 1, 1423, '2019-05-17', '1', '', 4, 'Pass', '2019-05-17 00:00:00', 4, '0000-00-00 00:00:00', 0, 0),
(1424, 1, 1424, '2019-05-17', '1', '', 4, 'Pass', '2019-05-17 00:00:00', 4, '0000-00-00 00:00:00', 0, 0),
(1425, 1, 1425, '2019-05-17', '1', '', 4, 'Pass', '2019-05-17 00:00:00', 4, '0000-00-00 00:00:00', 0, 0),
(1426, 1, 1426, '2019-05-17', '1', '', 4, 'Pass', '2019-05-17 00:00:00', 4, '0000-00-00 00:00:00', 0, 0),
(1427, 1, 1427, '2019-05-17', '1', '', 4, 'Pass', '2019-05-17 00:00:00', 4, '0000-00-00 00:00:00', 0, 0),
(1428, 1, 1428, '2019-05-17', '1', '', 4, 'Pass', '2019-05-17 00:00:00', 4, '0000-00-00 00:00:00', 0, 0),
(1429, 1, 1429, '2019-05-17', '1', '', 4, 'Pass', '2019-05-17 00:00:00', 4, '0000-00-00 00:00:00', 0, 0),
(1430, 1, 1430, '2019-05-17', '1', '', 4, 'Pass', '2019-05-17 00:00:00', 4, '0000-00-00 00:00:00', 0, 0),
(1431, 1, 1431, '2019-05-17', '1', '', 4, 'Pass', '2019-05-17 00:00:00', 4, '0000-00-00 00:00:00', 0, 0),
(1432, 1, 1432, '2019-05-17', '1', '', 4, 'Pass', '2019-05-17 00:00:00', 4, '0000-00-00 00:00:00', 0, 0),
(1433, 1, 1433, '2019-05-17', '1', '', 4, 'Pass', '2019-05-17 00:00:00', 4, '0000-00-00 00:00:00', 0, 0),
(1434, 1, 1434, '2019-05-17', '1', '', 4, 'Pass', '2019-05-17 00:00:00', 4, '0000-00-00 00:00:00', 0, 0),
(1435, 1, 1435, '2019-05-17', '1', '', 4, 'Pass', '2019-05-17 00:00:00', 4, '0000-00-00 00:00:00', 0, 0),
(1436, 1, 1436, '2019-05-17', '1', '', 4, 'Pass', '2019-05-17 00:00:00', 4, '0000-00-00 00:00:00', 0, 0),
(1437, 1, 1437, '2019-05-17', '1', '', 4, 'Pass', '2019-05-17 00:00:00', 4, '0000-00-00 00:00:00', 0, 0),
(1438, 1, 1438, '2019-05-17', '1', '', 4, 'Pass', '2019-05-17 00:00:00', 4, '0000-00-00 00:00:00', 0, 0),
(1439, 1, 1439, '2019-05-17', '1', '', 4, 'Pass', '2019-05-17 00:00:00', 4, '0000-00-00 00:00:00', 0, 0),
(1440, 1, 1440, '2019-05-17', '1', '', 4, 'Pass', '2019-05-17 00:00:00', 4, '0000-00-00 00:00:00', 0, 0),
(1441, 1, 1441, '2019-05-17', '1', '', 4, 'Pass', '2019-05-17 00:00:00', 4, '0000-00-00 00:00:00', 0, 0),
(1442, 1, 1442, '2019-05-17', '1', '', 4, 'Pass', '2019-05-17 00:00:00', 4, '0000-00-00 00:00:00', 0, 0),
(1443, 1, 1443, '2019-05-17', '1', '', 4, 'Pass', '2019-05-17 00:00:00', 4, '0000-00-00 00:00:00', 0, 0),
(1444, 1, 1444, '2019-05-17', '1', '', 4, 'Pass', '2019-05-17 00:00:00', 4, '0000-00-00 00:00:00', 0, 0),
(1445, 1, 1445, '2019-05-17', '1', '', 4, 'Pass', '2019-05-17 00:00:00', 4, '0000-00-00 00:00:00', 0, 0),
(1446, 1, 1446, '2019-05-17', '1', '', 4, 'Pass', '2019-05-17 00:00:00', 4, '0000-00-00 00:00:00', 0, 0),
(1447, 1, 1447, '2019-05-17', '1', '', 4, 'Pass', '2019-05-17 00:00:00', 4, '0000-00-00 00:00:00', 0, 0),
(1448, 1, 1448, '2019-05-17', '1', '', 4, 'Pass', '2019-05-17 00:00:00', 4, '0000-00-00 00:00:00', 0, 0),
(1449, 1, 1449, '2019-05-17', '1', '', 4, 'Pass', '2019-05-17 00:00:00', 4, '0000-00-00 00:00:00', 0, 0),
(1450, 1, 1450, '2019-05-17', '1', '', 4, 'Pass', '2019-05-17 00:00:00', 4, '0000-00-00 00:00:00', 0, 0),
(1451, 1, 1451, '2019-05-17', '1', '', 4, 'Pass', '2019-05-17 00:00:00', 4, '0000-00-00 00:00:00', 0, 0),
(1452, 1, 1452, '2019-05-17', '1', '', 4, 'Pass', '2019-05-17 00:00:00', 4, '0000-00-00 00:00:00', 0, 0),
(1453, 1, 1453, '2019-05-17', '1', '', 4, 'Pass', '2019-05-17 00:00:00', 4, '0000-00-00 00:00:00', 0, 0),
(1454, 1, 1454, '2019-05-17', '1', '', 4, 'Pass', '2019-05-17 00:00:00', 4, '0000-00-00 00:00:00', 0, 0),
(1455, 1, 1455, '2019-05-17', '1', '', 4, 'Pass', '2019-05-17 00:00:00', 4, '0000-00-00 00:00:00', 0, 0),
(1456, 1, 1456, '2019-05-17', '1', '', 4, 'Pass', '2019-05-17 00:00:00', 4, '0000-00-00 00:00:00', 0, 0);
INSERT INTO `good_receive_notes` (`id`, `voucher_no`, `purchase_order_id`, `transaction_date`, `bill_no`, `transport`, `inspection_by`, `inspection_remark`, `created_on`, `created_by`, `edited_on`, `edited_by`, `is_deleted`) VALUES
(1457, 1, 1457, '2019-05-17', '1', '', 4, 'Pass', '2019-05-17 00:00:00', 4, '0000-00-00 00:00:00', 0, 0),
(1458, 1, 1458, '2019-05-17', '1', '', 4, 'Pass', '2019-05-17 00:00:00', 4, '0000-00-00 00:00:00', 0, 0),
(1459, 1, 1459, '2019-05-17', '1', '', 4, 'Pass', '2019-05-17 00:00:00', 4, '0000-00-00 00:00:00', 0, 0),
(1460, 1, 1460, '2019-05-17', '1', '', 4, 'Pass', '2019-05-17 00:00:00', 4, '0000-00-00 00:00:00', 0, 0),
(1461, 1, 1461, '2019-05-17', '1', '', 4, 'Pass', '2019-05-17 00:00:00', 4, '0000-00-00 00:00:00', 0, 0),
(1462, 1, 1462, '2019-05-17', '1', '', 4, 'Pass', '2019-05-17 00:00:00', 4, '0000-00-00 00:00:00', 0, 0),
(1463, 1, 1463, '2019-05-17', '1', '', 4, 'Pass', '2019-05-17 00:00:00', 4, '0000-00-00 00:00:00', 0, 0),
(1464, 1, 1464, '2019-05-17', '1', '', 4, 'Pass', '2019-05-17 00:00:00', 4, '0000-00-00 00:00:00', 0, 0),
(1465, 1, 1465, '2019-05-17', '1', '', 4, 'Pass', '2019-05-17 00:00:00', 4, '0000-00-00 00:00:00', 0, 0),
(1466, 1, 1466, '2019-05-17', '1', '', 4, 'Pass', '2019-05-17 00:00:00', 4, '0000-00-00 00:00:00', 0, 0),
(1467, 1, 1467, '2019-05-17', '1', '', 4, 'Pass', '2019-05-17 00:00:00', 4, '0000-00-00 00:00:00', 0, 0),
(1468, 1, 1468, '2019-05-17', '1', '', 4, 'Pass', '2019-05-17 00:00:00', 4, '0000-00-00 00:00:00', 0, 0),
(1469, 1, 1469, '2019-05-17', '1', '', 4, 'Pass', '2019-05-17 00:00:00', 4, '0000-00-00 00:00:00', 0, 0),
(1470, 1, 1470, '2019-05-17', '1', '', 4, 'Pass', '2019-05-17 00:00:00', 4, '0000-00-00 00:00:00', 0, 0),
(1471, 1, 1471, '2019-05-17', '1', '', 4, 'Pass', '2019-05-17 00:00:00', 4, '0000-00-00 00:00:00', 0, 0),
(1472, 1, 1472, '2019-05-17', '1', '', 4, 'Pass', '2019-05-17 00:00:00', 4, '0000-00-00 00:00:00', 0, 0),
(1473, 1, 1473, '2019-05-17', '1', '', 4, 'Pass', '2019-05-17 00:00:00', 4, '0000-00-00 00:00:00', 0, 0),
(1474, 1, 1474, '2019-05-17', '1', '', 4, 'Pass', '2019-05-17 00:00:00', 4, '0000-00-00 00:00:00', 0, 0),
(1475, 1, 1475, '2019-05-17', '1', '', 4, 'Pass', '2019-05-17 00:00:00', 4, '0000-00-00 00:00:00', 0, 0),
(1476, 1, 1476, '2019-05-17', '1', '', 4, 'Pass', '2019-05-17 00:00:00', 4, '0000-00-00 00:00:00', 0, 0),
(1477, 1, 1477, '2019-05-17', '1', '', 4, 'Pass', '2019-05-17 00:00:00', 4, '0000-00-00 00:00:00', 0, 0),
(1478, 1, 1478, '2019-05-17', '1', '', 4, 'Pass', '2019-05-17 00:00:00', 4, '0000-00-00 00:00:00', 0, 0),
(1479, 1, 1479, '2019-05-17', '1', '', 4, 'Pass', '2019-05-17 00:00:00', 4, '0000-00-00 00:00:00', 0, 0),
(1480, 1, 1480, '2019-05-17', '1', '', 4, 'Pass', '2019-05-17 00:00:00', 4, '0000-00-00 00:00:00', 0, 0),
(1481, 1, 1481, '2019-05-17', '1', '', 4, 'Pass', '2019-05-17 00:00:00', 4, '0000-00-00 00:00:00', 0, 0),
(1482, 1, 1482, '2019-05-17', '1', '', 4, 'Pass', '2019-05-17 00:00:00', 4, '0000-00-00 00:00:00', 0, 0),
(1483, 1, 1483, '2019-05-17', '1', '', 4, 'Pass', '2019-05-17 00:00:00', 4, '0000-00-00 00:00:00', 0, 0),
(1484, 1, 1484, '2019-05-17', '1', '', 4, 'Pass', '2019-05-17 00:00:00', 4, '0000-00-00 00:00:00', 0, 0),
(1485, 1, 1485, '2019-05-17', '1', '', 4, 'Pass', '2019-05-17 00:00:00', 4, '0000-00-00 00:00:00', 0, 0),
(1486, 1, 1486, '2019-05-17', '1', '', 4, 'Pass', '2019-05-17 00:00:00', 4, '0000-00-00 00:00:00', 0, 0),
(1487, 1, 1487, '2019-05-17', '1', '', 4, 'Pass', '2019-05-17 00:00:00', 4, '0000-00-00 00:00:00', 0, 0),
(1488, 1, 1488, '2019-05-17', '1', '', 4, 'Pass', '2019-05-17 00:00:00', 4, '0000-00-00 00:00:00', 0, 0),
(1489, 1, 1489, '2019-05-17', '1', '', 4, 'Pass', '2019-05-17 00:00:00', 4, '0000-00-00 00:00:00', 0, 0),
(1490, 1, 1490, '2019-05-17', '1', '', 4, 'Pass', '2019-05-17 00:00:00', 4, '0000-00-00 00:00:00', 0, 0),
(1491, 1, 1491, '2019-05-17', '1', '', 4, 'Pass', '2019-05-17 00:00:00', 4, '0000-00-00 00:00:00', 0, 0),
(1492, 1, 1492, '2019-05-17', '1', '', 4, 'Pass', '2019-05-17 00:00:00', 4, '0000-00-00 00:00:00', 0, 0),
(1493, 1, 1493, '2019-05-17', '1', '', 4, 'Pass', '2019-05-17 00:00:00', 4, '0000-00-00 00:00:00', 0, 0),
(1494, 1, 1494, '2019-05-17', '1', '', 4, 'Pass', '2019-05-17 00:00:00', 4, '0000-00-00 00:00:00', 0, 0),
(1495, 1, 1495, '2019-05-17', '1', '', 4, 'Pass', '2019-05-17 00:00:00', 4, '0000-00-00 00:00:00', 0, 0),
(1496, 1, 1496, '2019-05-17', '1', '', 4, 'Pass', '2019-05-17 00:00:00', 4, '0000-00-00 00:00:00', 0, 0),
(1497, 1, 1497, '2019-05-17', '1', '', 4, 'Pass', '2019-05-17 00:00:00', 4, '0000-00-00 00:00:00', 0, 0),
(1498, 1, 1498, '2019-05-17', '1', '', 4, 'Pass', '2019-05-17 00:00:00', 4, '0000-00-00 00:00:00', 0, 0),
(1499, 1, 1499, '2019-05-17', '1', '', 4, 'Pass', '2019-05-17 00:00:00', 4, '0000-00-00 00:00:00', 0, 0),
(1500, 1, 1500, '2019-05-17', '1', '', 4, 'Pass', '2019-05-17 00:00:00', 4, '0000-00-00 00:00:00', 0, 0),
(1501, 1, 1501, '2019-05-17', '1', '', 4, 'Pass', '2019-05-17 00:00:00', 4, '0000-00-00 00:00:00', 0, 0),
(1502, 1, 1502, '2019-05-17', '1', '', 4, 'Pass', '2019-05-17 00:00:00', 4, '0000-00-00 00:00:00', 0, 0),
(1503, 1, 1503, '2019-05-17', '1', '', 4, 'Pass', '2019-05-17 00:00:00', 4, '0000-00-00 00:00:00', 0, 0),
(1504, 1, 1504, '2019-05-17', '1', '', 4, 'Pass', '2019-05-17 00:00:00', 4, '0000-00-00 00:00:00', 0, 0),
(1505, 1, 1505, '2019-05-17', '1', '', 4, 'Pass', '2019-05-17 00:00:00', 4, '0000-00-00 00:00:00', 0, 0),
(1506, 1, 1506, '2019-05-17', '1', '', 4, 'Pass', '2019-05-17 00:00:00', 4, '0000-00-00 00:00:00', 0, 0),
(1507, 1, 1507, '2019-05-17', '1', '', 4, 'Pass', '2019-05-17 00:00:00', 4, '0000-00-00 00:00:00', 0, 0),
(1508, 1, 1508, '2019-05-17', '1', '', 4, 'Pass', '2019-05-17 00:00:00', 4, '0000-00-00 00:00:00', 0, 0),
(1509, 1, 1509, '2019-05-17', '1', '', 4, 'Pass', '2019-05-17 00:00:00', 4, '0000-00-00 00:00:00', 0, 0),
(1510, 1, 1510, '2019-05-17', '1', '', 4, 'Pass', '2019-05-17 00:00:00', 4, '0000-00-00 00:00:00', 0, 0),
(1511, 1, 1511, '2019-05-17', '1', '', 4, 'Pass', '2019-05-17 00:00:00', 4, '0000-00-00 00:00:00', 0, 0),
(1512, 1, 1512, '2019-05-17', '1', '', 4, 'Pass', '2019-05-17 00:00:00', 4, '0000-00-00 00:00:00', 0, 0),
(1513, 1, 1513, '2019-05-17', '1', '', 4, 'Pass', '2019-05-17 00:00:00', 4, '0000-00-00 00:00:00', 0, 0),
(1514, 1, 1514, '2019-05-17', '1', '', 4, 'Pass', '2019-05-17 00:00:00', 4, '0000-00-00 00:00:00', 0, 0),
(1515, 1, 1515, '2019-05-17', '1', '', 4, 'Pass', '2019-05-17 00:00:00', 4, '0000-00-00 00:00:00', 0, 0),
(1516, 1, 1516, '2019-05-17', '1', '', 4, 'Pass', '2019-05-17 00:00:00', 4, '0000-00-00 00:00:00', 0, 0),
(1517, 1, 1517, '2019-05-17', '1', '', 4, 'Pass', '2019-05-17 00:00:00', 4, '0000-00-00 00:00:00', 0, 0),
(1518, 1, 1518, '2019-05-17', '1', '', 4, 'Pass', '2019-05-17 00:00:00', 4, '0000-00-00 00:00:00', 0, 0),
(1519, 1, 1519, '2019-05-17', '1', '', 4, 'Pass', '2019-05-17 00:00:00', 4, '0000-00-00 00:00:00', 0, 0),
(1520, 1, 1520, '2019-05-17', '1', '', 4, 'Pass', '2019-05-17 00:00:00', 4, '0000-00-00 00:00:00', 0, 0),
(1521, 1, 1521, '2019-05-17', '1', '', 4, 'Pass', '2019-05-17 00:00:00', 4, '0000-00-00 00:00:00', 0, 0),
(1522, 1, 1522, '2019-05-17', '1', '', 4, 'Pass', '2019-05-17 00:00:00', 4, '0000-00-00 00:00:00', 0, 0),
(1523, 1, 1523, '2019-05-17', '1', '', 4, 'Pass', '2019-05-17 00:00:00', 4, '0000-00-00 00:00:00', 0, 0),
(1524, 1, 1524, '2019-05-17', '1', '', 4, 'Pass', '2019-05-17 00:00:00', 4, '0000-00-00 00:00:00', 0, 0),
(1525, 1, 1525, '2019-05-17', '1', '', 4, 'Pass', '2019-05-17 00:00:00', 4, '0000-00-00 00:00:00', 0, 0),
(1526, 1, 1526, '2019-05-17', '1', '', 4, 'Pass', '2019-05-17 00:00:00', 4, '0000-00-00 00:00:00', 0, 0),
(1527, 1, 1527, '2019-05-17', '1', '', 4, 'Pass', '2019-05-17 00:00:00', 4, '0000-00-00 00:00:00', 0, 0),
(1528, 1, 1528, '2019-05-17', '1', '', 4, 'Pass', '2019-05-17 00:00:00', 4, '0000-00-00 00:00:00', 0, 0),
(1529, 1, 1529, '2019-05-17', '1', '', 4, 'Pass', '2019-05-17 00:00:00', 4, '0000-00-00 00:00:00', 0, 0),
(1530, 1, 1530, '2019-05-17', '1', '', 4, 'Pass', '2019-05-17 00:00:00', 4, '0000-00-00 00:00:00', 0, 0),
(1531, 1, 1531, '2019-05-17', '1', '', 4, 'Pass', '2019-05-17 00:00:00', 4, '0000-00-00 00:00:00', 0, 0),
(1532, 1, 1532, '2019-05-17', '1', '', 4, 'Pass', '2019-05-17 00:00:00', 4, '0000-00-00 00:00:00', 0, 0),
(1533, 1, 1533, '2019-05-17', '1', '', 4, 'Pass', '2019-05-17 00:00:00', 4, '0000-00-00 00:00:00', 0, 0),
(1534, 1, 1534, '2019-05-17', '1', '', 4, 'Pass', '2019-05-17 00:00:00', 4, '0000-00-00 00:00:00', 0, 0),
(1535, 1, 1535, '2019-05-17', '1', '', 4, 'Pass', '2019-05-17 00:00:00', 4, '0000-00-00 00:00:00', 0, 0),
(1536, 1, 1536, '2019-05-17', '1', '', 4, 'Pass', '2019-05-17 00:00:00', 4, '0000-00-00 00:00:00', 0, 0),
(1537, 1, 1537, '2019-05-17', '1', '', 4, 'Pass', '2019-05-17 00:00:00', 4, '0000-00-00 00:00:00', 0, 0),
(1538, 1, 1538, '2019-05-17', '1', '', 4, 'Pass', '2019-05-17 00:00:00', 4, '0000-00-00 00:00:00', 0, 0),
(1539, 1, 1539, '2019-05-17', '1', '', 4, 'Pass', '2019-05-17 00:00:00', 4, '0000-00-00 00:00:00', 0, 0),
(1540, 1, 1540, '2019-05-17', '1', '', 4, 'Pass', '2019-05-17 00:00:00', 4, '0000-00-00 00:00:00', 0, 0),
(1541, 1, 1541, '2019-05-17', '1', '', 4, 'Pass', '2019-05-17 00:00:00', 4, '0000-00-00 00:00:00', 0, 0),
(1542, 1, 1542, '2019-05-17', '1', '', 4, 'Pass', '2019-05-17 00:00:00', 4, '0000-00-00 00:00:00', 0, 0),
(1543, 1, 1543, '2019-05-17', '1', '', 4, 'Pass', '2019-05-17 00:00:00', 4, '0000-00-00 00:00:00', 0, 0),
(1544, 1, 1544, '2019-05-17', '1', '', 4, 'Pass', '2019-05-17 00:00:00', 4, '0000-00-00 00:00:00', 0, 0),
(1545, 1, 1545, '2019-05-17', '1', '', 4, 'Pass', '2019-05-17 00:00:00', 4, '0000-00-00 00:00:00', 0, 0),
(1546, 1, 1546, '2019-05-17', '1', '', 4, 'Pass', '2019-05-17 00:00:00', 4, '0000-00-00 00:00:00', 0, 0),
(1547, 1, 1547, '2019-05-17', '1', '', 4, 'Pass', '2019-05-17 00:00:00', 4, '0000-00-00 00:00:00', 0, 0),
(1548, 1, 1548, '2019-05-17', '1', '', 4, 'Pass', '2019-05-17 00:00:00', 4, '0000-00-00 00:00:00', 0, 0),
(1549, 1, 1549, '2019-05-17', '1', '', 4, 'Pass', '2019-05-17 00:00:00', 4, '0000-00-00 00:00:00', 0, 0),
(1550, 1, 1550, '2019-05-17', '1', '', 4, 'Pass', '2019-05-17 00:00:00', 4, '0000-00-00 00:00:00', 0, 0),
(1551, 1, 1551, '2019-05-17', '1', '', 4, 'Pass', '2019-05-17 00:00:00', 4, '0000-00-00 00:00:00', 0, 0),
(1552, 1, 1552, '2019-05-17', '1', '', 4, 'Pass', '2019-05-17 00:00:00', 4, '0000-00-00 00:00:00', 0, 0),
(1553, 1, 1553, '2019-05-17', '1', '', 4, 'Pass', '2019-05-17 00:00:00', 4, '0000-00-00 00:00:00', 0, 0),
(1554, 1, 1554, '2019-05-17', '1', '', 4, 'Pass', '2019-05-17 00:00:00', 4, '0000-00-00 00:00:00', 0, 0),
(1555, 1, 1555, '2019-05-17', '1', '', 4, 'Pass', '2019-05-17 00:00:00', 4, '0000-00-00 00:00:00', 0, 0),
(1556, 1, 1556, '2019-05-17', '1', '', 4, 'Pass', '2019-05-17 00:00:00', 4, '0000-00-00 00:00:00', 0, 0),
(1557, 1, 1557, '2019-05-17', '1', '', 4, 'Pass', '2019-05-17 00:00:00', 4, '0000-00-00 00:00:00', 0, 0),
(1558, 1, 1558, '2019-05-17', '1', '', 4, 'Pass', '2019-05-17 00:00:00', 4, '0000-00-00 00:00:00', 0, 0),
(1559, 1, 1559, '2019-05-17', '1', '', 4, 'Pass', '2019-05-17 00:00:00', 4, '0000-00-00 00:00:00', 0, 0),
(1560, 1, 1560, '2019-05-17', '1', '', 4, 'Pass', '2019-05-17 00:00:00', 4, '0000-00-00 00:00:00', 0, 0),
(1561, 1, 1561, '2019-05-17', '1', '', 4, 'Pass', '2019-05-17 00:00:00', 4, '0000-00-00 00:00:00', 0, 0),
(1562, 1, 1562, '2019-05-17', '1', '', 4, 'Pass', '2019-05-17 00:00:00', 4, '0000-00-00 00:00:00', 0, 0),
(1563, 1, 1563, '2019-05-17', '1', '', 4, 'Pass', '2019-05-17 00:00:00', 4, '0000-00-00 00:00:00', 0, 0),
(1564, 1, 1564, '2019-05-17', '1', '', 4, 'Pass', '2019-05-17 00:00:00', 4, '0000-00-00 00:00:00', 0, 0),
(1565, 1, 1565, '2019-05-17', '1', '', 4, 'Pass', '2019-05-17 00:00:00', 4, '0000-00-00 00:00:00', 0, 0),
(1566, 1, 1566, '2019-05-17', '1', '', 4, 'Pass', '2019-05-17 00:00:00', 4, '0000-00-00 00:00:00', 0, 0),
(1567, 1, 1567, '2019-05-17', '1', '', 4, 'Pass', '2019-05-17 00:00:00', 4, '0000-00-00 00:00:00', 0, 0),
(1568, 1, 1568, '2019-05-17', '1', '', 4, 'Pass', '2019-05-17 00:00:00', 4, '0000-00-00 00:00:00', 0, 0),
(1569, 1, 1569, '2019-05-17', '1', '', 4, 'Pass', '2019-05-17 00:00:00', 4, '0000-00-00 00:00:00', 0, 0),
(1570, 1, 1570, '2019-05-17', '1', '', 4, 'Pass', '2019-05-17 00:00:00', 4, '0000-00-00 00:00:00', 0, 0),
(1571, 1, 1571, '2019-05-17', '1', '', 4, 'Pass', '2019-05-17 00:00:00', 4, '0000-00-00 00:00:00', 0, 0),
(1572, 1, 1572, '2019-05-17', '1', '', 4, 'Pass', '2019-05-17 00:00:00', 4, '0000-00-00 00:00:00', 0, 0),
(1573, 1, 1573, '2019-05-17', '1', '', 4, 'Pass', '2019-05-17 00:00:00', 4, '0000-00-00 00:00:00', 0, 0),
(1574, 1, 1574, '2019-05-17', '1', '', 4, 'Pass', '2019-05-17 00:00:00', 4, '0000-00-00 00:00:00', 0, 0),
(1575, 1, 1575, '2019-05-17', '1', '', 4, 'Pass', '2019-05-17 00:00:00', 4, '0000-00-00 00:00:00', 0, 0),
(1576, 1, 1576, '2019-05-17', '1', '', 4, 'Pass', '2019-05-17 00:00:00', 4, '0000-00-00 00:00:00', 0, 0),
(1577, 1, 1577, '2019-05-17', '1', '', 4, 'Pass', '2019-05-17 00:00:00', 4, '0000-00-00 00:00:00', 0, 0),
(1578, 1, 1578, '2019-05-17', '1', '', 4, 'Pass', '2019-05-17 00:00:00', 4, '0000-00-00 00:00:00', 0, 0),
(1579, 1, 1579, '2019-05-17', '1', '', 4, 'Pass', '2019-05-17 00:00:00', 4, '0000-00-00 00:00:00', 0, 0),
(1580, 1, 1580, '2019-05-17', '1', '', 4, 'Pass', '2019-05-17 00:00:00', 4, '0000-00-00 00:00:00', 0, 0),
(1581, 1, 1581, '2019-05-17', '1', '', 4, 'Pass', '2019-05-17 00:00:00', 4, '0000-00-00 00:00:00', 0, 0),
(1582, 1, 1582, '2019-05-17', '1', '', 4, 'Pass', '2019-05-17 00:00:00', 4, '0000-00-00 00:00:00', 0, 0),
(1583, 1, 1583, '2019-05-17', '1', '', 4, 'Pass', '2019-05-17 00:00:00', 4, '0000-00-00 00:00:00', 0, 0),
(1584, 1, 1584, '2019-05-17', '1', '', 4, 'Pass', '2019-05-17 00:00:00', 4, '0000-00-00 00:00:00', 0, 0),
(1585, 1, 1585, '2019-05-17', '1', '', 4, 'Pass', '2019-05-17 00:00:00', 4, '0000-00-00 00:00:00', 0, 0),
(1586, 1, 1586, '2019-05-17', '1', '', 4, 'Pass', '2019-05-17 00:00:00', 4, '0000-00-00 00:00:00', 0, 0),
(1587, 1, 1587, '2019-05-17', '1', '', 4, 'Pass', '2019-05-17 00:00:00', 4, '0000-00-00 00:00:00', 0, 0),
(1588, 1, 1588, '2019-05-17', '1', '', 4, 'Pass', '2019-05-17 00:00:00', 4, '0000-00-00 00:00:00', 0, 0),
(1589, 1, 1589, '2019-05-17', '1', '', 4, 'Pass', '2019-05-17 00:00:00', 4, '0000-00-00 00:00:00', 0, 0),
(1590, 1, 1590, '2019-05-17', '1', '', 4, 'Pass', '2019-05-17 00:00:00', 4, '0000-00-00 00:00:00', 0, 0),
(1591, 1, 1591, '2019-05-17', '1', '', 4, 'Pass', '2019-05-17 00:00:00', 4, '0000-00-00 00:00:00', 0, 0),
(1592, 1, 1592, '2019-05-17', '1', '', 4, 'Pass', '2019-05-17 00:00:00', 4, '0000-00-00 00:00:00', 0, 0),
(1593, 1, 1593, '2019-05-17', '1', '', 4, 'Pass', '2019-05-17 00:00:00', 4, '0000-00-00 00:00:00', 0, 0),
(1594, 1, 1594, '2019-05-17', '1', '', 4, 'Pass', '2019-05-17 00:00:00', 4, '0000-00-00 00:00:00', 0, 0),
(1595, 1, 1595, '2019-05-17', '1', '', 4, 'Pass', '2019-05-17 00:00:00', 4, '0000-00-00 00:00:00', 0, 0),
(1596, 1, 1596, '2019-05-17', '1', '', 4, 'Pass', '2019-05-17 00:00:00', 4, '0000-00-00 00:00:00', 0, 0),
(1597, 1, 1597, '2019-05-17', '1', '', 4, 'Pass', '2019-05-17 00:00:00', 4, '0000-00-00 00:00:00', 0, 0),
(1598, 1, 1598, '2019-05-17', '1', '', 4, 'Pass', '2019-05-17 00:00:00', 4, '0000-00-00 00:00:00', 0, 0),
(1599, 1, 1599, '2019-05-17', '1', '', 4, 'Pass', '2019-05-17 00:00:00', 4, '0000-00-00 00:00:00', 0, 0),
(1600, 1, 1600, '2019-05-17', '1', '', 4, 'Pass', '2019-05-17 00:00:00', 4, '0000-00-00 00:00:00', 0, 0),
(1601, 1, 1601, '2019-05-17', '1', '', 4, 'Pass', '2019-05-17 00:00:00', 4, '0000-00-00 00:00:00', 0, 0),
(1602, 1, 1602, '2019-05-17', '1', '', 4, 'Pass', '2019-05-17 00:00:00', 4, '0000-00-00 00:00:00', 0, 0),
(1603, 1, 1603, '2019-05-17', '1', '', 4, 'Pass', '2019-05-17 00:00:00', 4, '0000-00-00 00:00:00', 0, 0),
(1604, 1, 1604, '2019-05-17', '1', '', 4, 'Pass', '2019-05-17 00:00:00', 4, '0000-00-00 00:00:00', 0, 0),
(1605, 1, 1605, '2019-05-17', '1', '', 4, 'Pass', '2019-05-17 00:00:00', 4, '0000-00-00 00:00:00', 0, 0),
(1606, 1, 1606, '2019-05-17', '1', '', 4, 'Pass', '2019-05-17 00:00:00', 4, '0000-00-00 00:00:00', 0, 0),
(1607, 1, 1607, '2019-05-17', '1', '', 4, 'Pass', '2019-05-17 00:00:00', 4, '0000-00-00 00:00:00', 0, 0),
(1608, 1, 1608, '2019-05-17', '1', '', 4, 'Pass', '2019-05-17 00:00:00', 4, '0000-00-00 00:00:00', 0, 0),
(1609, 1, 1609, '2019-05-17', '1', '', 4, 'Pass', '2019-05-17 00:00:00', 4, '0000-00-00 00:00:00', 0, 0),
(1610, 1, 1610, '2019-05-17', '1', '', 4, 'Pass', '2019-05-17 00:00:00', 4, '0000-00-00 00:00:00', 0, 0),
(1611, 1, 1611, '2019-05-17', '1', '', 4, 'Pass', '2019-05-17 00:00:00', 4, '0000-00-00 00:00:00', 0, 0),
(1612, 1, 1612, '2019-05-17', '1', '', 4, 'Pass', '2019-05-17 00:00:00', 4, '0000-00-00 00:00:00', 0, 0),
(1613, 1, 1613, '2019-05-17', '1', '', 4, 'Pass', '2019-05-17 00:00:00', 4, '0000-00-00 00:00:00', 0, 0),
(1614, 1, 1614, '2019-05-17', '1', '', 4, 'Pass', '2019-05-17 00:00:00', 4, '0000-00-00 00:00:00', 0, 0),
(1615, 1, 1615, '2019-05-17', '1', '', 4, 'Pass', '2019-05-17 00:00:00', 4, '0000-00-00 00:00:00', 0, 0),
(1616, 1, 1616, '2019-05-17', '1', '', 4, 'Pass', '2019-05-17 00:00:00', 4, '0000-00-00 00:00:00', 0, 0),
(1617, 1, 1617, '2019-05-17', '1', '', 4, 'Pass', '2019-05-17 00:00:00', 4, '0000-00-00 00:00:00', 0, 0),
(1618, 1, 1618, '2019-05-17', '1', '', 4, 'Pass', '2019-05-17 00:00:00', 4, '0000-00-00 00:00:00', 0, 0),
(1619, 1, 1619, '2019-05-17', '1', '', 4, 'Pass', '2019-05-17 00:00:00', 4, '0000-00-00 00:00:00', 0, 0),
(1620, 1, 1620, '2019-05-17', '1', '', 4, 'Pass', '2019-05-17 00:00:00', 4, '0000-00-00 00:00:00', 0, 0),
(1621, 1, 1621, '2019-05-17', '1', '', 4, 'Pass', '2019-05-17 00:00:00', 4, '0000-00-00 00:00:00', 0, 0),
(1622, 1, 1622, '2019-05-17', '1', '', 4, 'Pass', '2019-05-17 00:00:00', 4, '0000-00-00 00:00:00', 0, 0),
(1623, 1, 1623, '2019-05-17', '1', '', 4, 'Pass', '2019-05-17 00:00:00', 4, '0000-00-00 00:00:00', 0, 0),
(1624, 1, 1624, '2019-05-17', '1', '', 4, 'Pass', '2019-05-17 00:00:00', 4, '0000-00-00 00:00:00', 0, 0),
(1625, 1, 1625, '2019-05-17', '1', '', 4, 'Pass', '2019-05-17 00:00:00', 4, '0000-00-00 00:00:00', 0, 0),
(1626, 1, 1626, '2019-05-17', '1', '', 4, 'Pass', '2019-05-17 00:00:00', 4, '0000-00-00 00:00:00', 0, 0),
(1627, 1, 1627, '2019-05-17', '1', '', 4, 'Pass', '2019-05-17 00:00:00', 4, '0000-00-00 00:00:00', 0, 0),
(1628, 1, 1628, '2019-05-17', '1', '', 4, 'Pass', '2019-05-17 00:00:00', 4, '0000-00-00 00:00:00', 0, 0),
(1629, 1, 1629, '2019-05-17', '1', '', 4, 'Pass', '2019-05-17 00:00:00', 4, '0000-00-00 00:00:00', 0, 0),
(1630, 1, 1630, '2019-05-17', '1', '', 4, 'Pass', '2019-05-17 00:00:00', 4, '0000-00-00 00:00:00', 0, 0),
(1631, 1, 1631, '2019-05-17', '1', '', 4, 'Pass', '2019-05-17 00:00:00', 4, '0000-00-00 00:00:00', 0, 0),
(1632, 1, 1632, '2019-05-17', '1', '', 4, 'Pass', '2019-05-17 00:00:00', 4, '0000-00-00 00:00:00', 0, 0),
(1633, 1, 1633, '2019-05-17', '1', '', 4, 'Pass', '2019-05-17 00:00:00', 4, '0000-00-00 00:00:00', 0, 0),
(1634, 1, 1634, '2019-05-17', '1', '', 4, 'Pass', '2019-05-17 00:00:00', 4, '0000-00-00 00:00:00', 0, 0),
(1635, 1, 1635, '2019-05-17', '1', '', 4, 'Pass', '2019-05-17 00:00:00', 4, '0000-00-00 00:00:00', 0, 0),
(1636, 1, 1636, '2019-05-17', '1', '', 4, 'Pass', '2019-05-17 00:00:00', 4, '0000-00-00 00:00:00', 0, 0),
(1637, 1, 1637, '2019-05-17', '1', '', 4, 'Pass', '2019-05-17 00:00:00', 4, '0000-00-00 00:00:00', 0, 0),
(1638, 1, 1638, '2019-05-17', '1', '', 4, 'Pass', '2019-05-17 00:00:00', 4, '0000-00-00 00:00:00', 0, 0),
(1639, 1, 1639, '2019-05-17', '1', '', 4, 'Pass', '2019-05-17 00:00:00', 4, '0000-00-00 00:00:00', 0, 0),
(1641, 3, 1, '2019-07-22', '', '', 4, '', '2019-07-22 05:35:47', 4, '0000-00-00 00:00:00', 0, 0),
(1642, 4, 2, '2019-07-22', '', '', 4, '', '2019-07-22 05:44:38', 4, '0000-00-00 00:00:00', 0, 0),
(1643, 5, 2, '2019-07-22', '', '', 4, '', '2019-07-22 05:45:06', 4, '0000-00-00 00:00:00', 0, 0),
(1644, 6, 3, '2019-07-22', '123', '', 4, '', '2019-07-22 06:09:27', 4, '0000-00-00 00:00:00', 0, 0);

-- --------------------------------------------------------

--
-- Table structure for table `good_receive_note_rows`
--

CREATE TABLE IF NOT EXISTS `good_receive_note_rows` (
  `id` int(20) NOT NULL,
  `good_receive_note_id` int(20) NOT NULL,
  `purchase_order_row_id` int(20) NOT NULL,
  `row_material_id` int(20) NOT NULL,
  `quantity` decimal(10,0) DEFAULT NULL,
  `rate` decimal(10,2) DEFAULT NULL,
  `amount` decimal(10,2) DEFAULT NULL
) ENGINE=InnoDB AUTO_INCREMENT=1645 DEFAULT CHARSET=latin1;

--
-- Dumping data for table `good_receive_note_rows`
--

INSERT INTO `good_receive_note_rows` (`id`, `good_receive_note_id`, `purchase_order_row_id`, `row_material_id`, `quantity`, `rate`, `amount`) VALUES
(2, 2, 2, 2, '2', '0.00', '0.00'),
(3, 3, 3, 3, '1', '0.00', '0.00'),
(4, 4, 4, 4, '3', '0.00', '0.00'),
(5, 5, 5, 5, '1', '0.00', '0.00'),
(6, 6, 6, 6, '1', '0.00', '0.00'),
(7, 7, 7, 7, '1', '0.00', '0.00'),
(8, 8, 8, 8, '0', '0.00', '0.00'),
(9, 9, 9, 9, '0', '0.00', '0.00'),
(10, 10, 10, 10, '0', '0.00', '0.00'),
(11, 11, 11, 11, '1', '0.00', '0.00'),
(12, 12, 12, 12, '1', '0.00', '0.00'),
(13, 13, 13, 13, '0', '0.00', '0.00'),
(14, 14, 14, 14, '1', '0.00', '0.00'),
(15, 15, 15, 15, '2', '0.00', '0.00'),
(16, 16, 16, 16, '1', '0.00', '0.00'),
(17, 17, 17, 17, '1', '0.00', '0.00'),
(18, 18, 18, 18, '1', '0.00', '0.00'),
(19, 19, 19, 19, '1', '0.00', '0.00'),
(20, 20, 20, 20, '1', '0.00', '0.00'),
(21, 21, 21, 21, '1', '0.00', '0.00'),
(22, 22, 22, 22, '1', '0.00', '0.00'),
(23, 23, 23, 23, '1', '0.00', '0.00'),
(24, 24, 24, 24, '1', '0.00', '0.00'),
(25, 25, 25, 25, '1', '0.00', '0.00'),
(26, 26, 26, 26, '1', '0.00', '0.00'),
(27, 27, 27, 27, '1', '0.00', '0.00'),
(28, 28, 28, 28, '1', '0.00', '0.00'),
(29, 29, 29, 29, '1', '0.00', '0.00'),
(30, 30, 30, 30, '1', '0.00', '0.00'),
(31, 31, 31, 31, '1', '0.00', '0.00'),
(32, 32, 32, 32, '1', '0.00', '0.00'),
(33, 33, 33, 33, '2', '0.00', '0.00'),
(34, 34, 34, 34, '1', '0.00', '0.00'),
(35, 35, 35, 35, '1', '0.00', '0.00'),
(36, 36, 36, 36, '1', '0.00', '0.00'),
(37, 37, 37, 37, '1', '0.00', '0.00'),
(38, 38, 38, 38, '1', '0.00', '0.00'),
(39, 39, 39, 39, '1', '0.00', '0.00'),
(40, 40, 40, 40, '2', '0.00', '0.00'),
(41, 41, 41, 41, '1', '0.00', '0.00'),
(42, 42, 42, 42, '0', '0.00', '0.00'),
(43, 43, 43, 43, '2', '0.00', '0.00'),
(44, 44, 44, 44, '2', '0.00', '0.00'),
(45, 45, 45, 45, '30', '0.00', '0.00'),
(46, 46, 46, 46, '2', '0.00', '0.00'),
(47, 47, 47, 47, '1', '0.00', '0.00'),
(48, 48, 48, 48, '1', '0.00', '0.00'),
(49, 49, 49, 49, '20', '0.00', '0.00'),
(50, 50, 50, 50, '1', '0.00', '0.00'),
(51, 51, 51, 51, '1', '0.00', '0.00'),
(52, 52, 52, 52, '1', '0.00', '0.00'),
(53, 53, 53, 53, '1', '0.00', '0.00'),
(54, 54, 54, 54, '1', '0.00', '0.00'),
(55, 55, 55, 55, '1', '0.00', '0.00'),
(56, 56, 56, 56, '0', '0.00', '0.00'),
(57, 57, 57, 57, '3', '0.00', '0.00'),
(58, 58, 58, 58, '4', '0.00', '0.00'),
(59, 59, 59, 59, '1', '0.00', '0.00'),
(60, 60, 60, 60, '1', '0.00', '0.00'),
(61, 61, 61, 61, '2', '0.00', '0.00'),
(62, 62, 62, 62, '1', '0.00', '0.00'),
(63, 63, 63, 63, '2', '0.00', '0.00'),
(64, 64, 64, 64, '1', '0.00', '0.00'),
(65, 65, 65, 65, '0', '0.00', '0.00'),
(66, 66, 66, 66, '3', '0.00', '0.00'),
(67, 67, 67, 67, '1', '0.00', '0.00'),
(68, 68, 68, 68, '2', '0.00', '0.00'),
(69, 69, 69, 69, '2', '0.00', '0.00'),
(70, 70, 70, 70, '45', '0.00', '0.00'),
(71, 71, 71, 71, '8', '0.00', '0.00'),
(72, 72, 72, 72, '7', '0.00', '0.00'),
(73, 73, 73, 73, '1', '0.00', '0.00'),
(74, 74, 74, 74, '1', '0.00', '0.00'),
(75, 75, 75, 75, '2', '0.00', '0.00'),
(76, 76, 76, 76, '1', '0.00', '0.00'),
(77, 77, 77, 77, '1', '0.00', '0.00'),
(78, 78, 78, 78, '1', '0.00', '0.00'),
(79, 79, 79, 79, '2', '0.00', '0.00'),
(80, 80, 80, 80, '1', '0.00', '0.00'),
(81, 81, 81, 81, '1', '0.00', '0.00'),
(82, 82, 82, 82, '9', '0.00', '0.00'),
(83, 83, 83, 83, '1', '0.00', '0.00'),
(84, 84, 84, 84, '1', '0.00', '0.00'),
(85, 85, 85, 85, '7', '0.00', '0.00'),
(86, 86, 86, 86, '4', '0.00', '0.00'),
(87, 87, 87, 87, '1', '0.00', '0.00'),
(88, 88, 88, 88, '1', '0.00', '0.00'),
(89, 89, 89, 89, '1', '0.00', '0.00'),
(90, 90, 90, 90, '1', '0.00', '0.00'),
(91, 91, 91, 91, '0', '0.00', '0.00'),
(92, 92, 92, 92, '1', '0.00', '0.00'),
(93, 93, 93, 93, '1', '0.00', '0.00'),
(94, 94, 94, 94, '2', '0.00', '0.00'),
(95, 95, 95, 95, '2', '0.00', '0.00'),
(96, 96, 96, 96, '3', '0.00', '0.00'),
(97, 97, 97, 97, '1', '0.00', '0.00'),
(98, 98, 98, 98, '1', '0.00', '0.00'),
(99, 99, 99, 99, '1', '0.00', '0.00'),
(100, 100, 100, 100, '1', '0.00', '0.00'),
(101, 101, 101, 101, '1', '0.00', '0.00'),
(102, 102, 102, 102, '1', '0.00', '0.00'),
(103, 103, 103, 103, '3', '0.00', '0.00'),
(104, 104, 104, 104, '1', '0.00', '0.00'),
(105, 105, 105, 105, '69', '0.00', '0.00'),
(106, 106, 106, 106, '2', '0.00', '0.00'),
(107, 107, 107, 107, '1', '0.00', '0.00'),
(108, 108, 108, 108, '4', '0.00', '0.00'),
(109, 109, 109, 109, '0', '0.00', '0.00'),
(110, 110, 110, 110, '3', '0.00', '0.00'),
(111, 111, 111, 111, '4', '0.00', '0.00'),
(112, 112, 112, 112, '0', '0.00', '0.00'),
(113, 113, 113, 113, '11', '0.00', '0.00'),
(114, 114, 114, 114, '1', '0.00', '0.00'),
(115, 115, 115, 115, '1', '0.00', '0.00'),
(116, 116, 116, 116, '1', '0.00', '0.00'),
(117, 117, 117, 117, '4', '0.00', '0.00'),
(118, 118, 118, 118, '4', '0.00', '0.00'),
(119, 119, 119, 119, '2', '0.00', '0.00'),
(120, 120, 120, 120, '1', '0.00', '0.00'),
(121, 121, 121, 121, '1', '0.00', '0.00'),
(122, 122, 122, 122, '1', '0.00', '0.00'),
(123, 123, 123, 123, '16', '0.00', '0.00'),
(124, 124, 124, 124, '1', '0.00', '0.00'),
(125, 125, 125, 125, '30', '0.00', '0.00'),
(126, 126, 126, 126, '100', '0.00', '0.00'),
(127, 127, 127, 127, '226', '0.00', '0.00'),
(128, 128, 128, 128, '1', '0.00', '0.00'),
(129, 129, 129, 129, '1', '0.00', '0.00'),
(130, 130, 130, 130, '8', '0.00', '0.00'),
(131, 131, 131, 131, '4', '0.00', '0.00'),
(132, 132, 132, 132, '4', '0.00', '0.00'),
(133, 133, 133, 133, '4', '0.00', '0.00'),
(134, 134, 134, 134, '8', '0.00', '0.00'),
(135, 135, 135, 135, '1', '0.00', '0.00'),
(136, 136, 136, 136, '4', '0.00', '0.00'),
(137, 137, 137, 137, '2', '0.00', '0.00'),
(138, 138, 138, 138, '1', '0.00', '0.00'),
(139, 139, 139, 139, '1', '0.00', '0.00'),
(140, 140, 140, 140, '2', '0.00', '0.00'),
(141, 141, 141, 141, '3', '0.00', '0.00'),
(142, 142, 142, 142, '1', '0.00', '0.00'),
(143, 143, 143, 143, '1', '0.00', '0.00'),
(144, 144, 144, 144, '1', '0.00', '0.00'),
(145, 145, 145, 145, '1', '0.00', '0.00'),
(146, 146, 146, 146, '1', '0.00', '0.00'),
(147, 147, 147, 147, '2', '0.00', '0.00'),
(148, 148, 148, 148, '5', '0.00', '0.00'),
(149, 149, 149, 149, '1', '0.00', '0.00'),
(150, 150, 150, 150, '14', '0.00', '0.00'),
(151, 151, 151, 151, '11', '0.00', '0.00'),
(152, 152, 152, 152, '12', '0.00', '0.00'),
(153, 153, 153, 153, '1', '0.00', '0.00'),
(154, 154, 154, 154, '1', '0.00', '0.00'),
(155, 155, 155, 155, '1', '0.00', '0.00'),
(156, 156, 156, 156, '1', '0.00', '0.00'),
(157, 157, 157, 157, '0', '0.00', '0.00'),
(158, 158, 158, 158, '1', '0.00', '0.00'),
(159, 159, 159, 159, '1', '0.00', '0.00'),
(160, 160, 160, 160, '1', '0.00', '0.00'),
(161, 161, 161, 161, '1', '0.00', '0.00'),
(162, 162, 162, 162, '10', '0.00', '0.00'),
(163, 163, 163, 163, '1', '0.00', '0.00'),
(164, 164, 164, 164, '8', '0.00', '0.00'),
(165, 165, 165, 165, '1', '0.00', '0.00'),
(166, 166, 166, 166, '1', '0.00', '0.00'),
(167, 167, 167, 167, '1', '0.00', '0.00'),
(168, 168, 168, 168, '2', '0.00', '0.00'),
(169, 169, 169, 169, '2', '0.00', '0.00'),
(170, 170, 170, 170, '1', '0.00', '0.00'),
(171, 171, 171, 171, '2', '0.00', '0.00'),
(172, 172, 172, 172, '1', '0.00', '0.00'),
(173, 173, 173, 173, '6', '0.00', '0.00'),
(174, 174, 174, 174, '2', '0.00', '0.00'),
(175, 175, 175, 175, '1', '0.00', '0.00'),
(176, 176, 176, 176, '6', '0.00', '0.00'),
(177, 177, 177, 177, '2', '0.00', '0.00'),
(178, 178, 178, 178, '6', '0.00', '0.00'),
(179, 179, 179, 179, '4', '0.00', '0.00'),
(180, 180, 180, 180, '6', '0.00', '0.00'),
(181, 181, 181, 181, '6', '0.00', '0.00'),
(182, 182, 182, 182, '6', '0.00', '0.00'),
(183, 183, 183, 183, '1', '0.00', '0.00'),
(184, 184, 184, 184, '1', '0.00', '0.00'),
(185, 185, 185, 185, '1', '0.00', '0.00'),
(186, 186, 186, 186, '2', '0.00', '0.00'),
(187, 187, 187, 187, '12', '0.00', '0.00'),
(188, 188, 188, 188, '72', '0.00', '0.00'),
(189, 189, 189, 189, '55', '0.00', '0.00'),
(190, 190, 190, 190, '0', '0.00', '0.00'),
(191, 191, 191, 191, '4', '0.00', '0.00'),
(192, 192, 192, 192, '1', '0.00', '0.00'),
(193, 193, 193, 193, '1', '0.00', '0.00'),
(194, 194, 194, 194, '1', '0.00', '0.00'),
(195, 195, 195, 195, '1', '0.00', '0.00'),
(196, 196, 196, 196, '12', '0.00', '0.00'),
(197, 197, 197, 197, '8', '0.00', '0.00'),
(198, 198, 198, 198, '1', '0.00', '0.00'),
(199, 199, 199, 199, '8', '0.00', '0.00'),
(200, 200, 200, 200, '12', '0.00', '0.00'),
(201, 201, 201, 201, '1', '0.00', '0.00'),
(202, 202, 202, 202, '2', '0.00', '0.00'),
(203, 203, 203, 203, '4', '0.00', '0.00'),
(204, 204, 204, 204, '2', '0.00', '0.00'),
(205, 205, 205, 205, '1', '0.00', '0.00'),
(206, 206, 206, 206, '1', '0.00', '0.00'),
(207, 207, 207, 207, '1', '0.00', '0.00'),
(208, 208, 208, 208, '1', '0.00', '0.00'),
(209, 209, 209, 209, '1', '0.00', '0.00'),
(210, 210, 210, 210, '6', '0.00', '0.00'),
(211, 211, 211, 211, '7', '0.00', '0.00'),
(212, 212, 212, 212, '38', '0.00', '0.00'),
(213, 213, 213, 213, '1', '0.00', '0.00'),
(214, 214, 214, 214, '1', '0.00', '0.00'),
(215, 215, 215, 215, '14', '0.00', '0.00'),
(216, 216, 216, 216, '3', '0.00', '0.00'),
(217, 217, 217, 217, '1', '0.00', '0.00'),
(218, 218, 218, 218, '3', '0.00', '0.00'),
(219, 219, 219, 219, '2', '0.00', '0.00'),
(220, 220, 220, 220, '1', '0.00', '0.00'),
(221, 221, 221, 221, '1', '0.00', '0.00'),
(222, 222, 222, 222, '2', '0.00', '0.00'),
(223, 223, 223, 223, '2', '0.00', '0.00'),
(224, 224, 224, 224, '1', '0.00', '0.00'),
(225, 225, 225, 225, '1', '0.00', '0.00'),
(226, 226, 226, 226, '15', '0.00', '0.00'),
(227, 227, 227, 227, '2', '0.00', '0.00'),
(228, 228, 228, 228, '4', '0.00', '0.00'),
(229, 229, 229, 229, '4', '0.00', '0.00'),
(230, 230, 230, 230, '1', '0.00', '0.00'),
(231, 231, 231, 231, '11', '0.00', '0.00'),
(232, 232, 232, 232, '1', '0.00', '0.00'),
(233, 233, 233, 233, '11', '0.00', '0.00'),
(234, 234, 234, 234, '4', '0.00', '0.00'),
(235, 235, 235, 235, '46', '0.00', '0.00'),
(236, 236, 236, 236, '122', '0.00', '0.00'),
(237, 237, 237, 237, '63', '0.00', '0.00'),
(238, 238, 238, 238, '1', '0.00', '0.00'),
(239, 239, 239, 239, '1', '0.00', '0.00'),
(240, 240, 240, 240, '1', '0.00', '0.00'),
(241, 241, 241, 241, '1', '0.00', '0.00'),
(242, 242, 242, 242, '2', '0.00', '0.00'),
(243, 243, 243, 243, '1', '0.00', '0.00'),
(244, 244, 244, 244, '69', '0.00', '0.00'),
(245, 245, 245, 245, '6', '0.00', '0.00'),
(246, 246, 246, 246, '6', '0.00', '0.00'),
(247, 247, 247, 247, '4', '0.00', '0.00'),
(248, 248, 248, 248, '2', '0.00', '0.00'),
(249, 249, 249, 249, '2', '0.00', '0.00'),
(250, 250, 250, 250, '5', '0.00', '0.00'),
(251, 251, 251, 251, '1', '0.00', '0.00'),
(252, 252, 252, 252, '1', '0.00', '0.00'),
(253, 253, 253, 253, '24', '0.00', '0.00'),
(254, 254, 254, 254, '25', '0.00', '0.00'),
(255, 255, 255, 255, '15', '0.00', '0.00'),
(256, 256, 256, 256, '6', '0.00', '0.00'),
(257, 257, 257, 257, '153', '0.00', '0.00'),
(258, 258, 258, 258, '2', '0.00', '0.00'),
(259, 259, 259, 259, '65', '0.00', '0.00'),
(260, 260, 260, 260, '1', '0.00', '0.00'),
(261, 261, 261, 261, '2', '0.00', '0.00'),
(262, 262, 262, 262, '1', '0.00', '0.00'),
(263, 263, 263, 263, '1', '0.00', '0.00'),
(264, 264, 264, 264, '0', '0.00', '0.00'),
(265, 265, 265, 265, '4', '0.00', '0.00'),
(266, 266, 266, 266, '4', '0.00', '0.00'),
(267, 267, 267, 267, '4', '0.00', '0.00'),
(268, 268, 268, 268, '3', '0.00', '0.00'),
(269, 269, 269, 269, '7', '0.00', '0.00'),
(270, 270, 270, 270, '25', '0.00', '0.00'),
(271, 271, 271, 271, '7', '0.00', '0.00'),
(272, 272, 272, 272, '2', '0.00', '0.00'),
(273, 273, 273, 273, '4', '0.00', '0.00'),
(274, 274, 274, 274, '271', '0.00', '0.00'),
(275, 275, 275, 275, '123', '0.00', '0.00'),
(276, 276, 276, 276, '1', '0.00', '0.00'),
(277, 277, 277, 277, '4', '0.00', '0.00'),
(278, 278, 278, 278, '1', '0.00', '0.00'),
(279, 279, 279, 279, '2', '0.00', '0.00'),
(280, 280, 280, 280, '2', '0.00', '0.00'),
(281, 281, 281, 281, '1', '0.00', '0.00'),
(282, 282, 282, 282, '2', '0.00', '0.00'),
(283, 283, 283, 283, '1', '0.00', '0.00'),
(284, 284, 284, 284, '3', '0.00', '0.00'),
(285, 285, 285, 285, '2', '0.00', '0.00'),
(286, 286, 286, 286, '1', '0.00', '0.00'),
(287, 287, 287, 287, '3', '0.00', '0.00'),
(288, 288, 288, 288, '44', '0.00', '0.00'),
(289, 289, 289, 289, '4', '0.00', '0.00'),
(290, 290, 290, 290, '1', '0.00', '0.00'),
(291, 291, 291, 291, '2', '0.00', '0.00'),
(292, 292, 292, 292, '2', '0.00', '0.00'),
(293, 293, 293, 293, '1', '0.00', '0.00'),
(294, 294, 294, 294, '0', '0.00', '0.00'),
(295, 295, 295, 295, '2', '0.00', '0.00'),
(296, 296, 296, 296, '8', '0.00', '0.00'),
(297, 297, 297, 297, '1', '0.00', '0.00'),
(298, 298, 298, 298, '40', '0.00', '0.00'),
(299, 299, 299, 299, '50', '0.00', '0.00'),
(300, 300, 300, 300, '10', '0.00', '0.00'),
(301, 301, 301, 301, '6', '0.00', '0.00'),
(302, 302, 302, 302, '1', '0.00', '0.00'),
(303, 303, 303, 303, '1', '0.00', '0.00'),
(304, 304, 304, 304, '21', '0.00', '0.00'),
(305, 305, 305, 305, '22', '0.00', '0.00'),
(306, 306, 306, 306, '1', '0.00', '0.00'),
(307, 307, 307, 307, '1', '0.00', '0.00'),
(308, 308, 308, 308, '1', '0.00', '0.00'),
(309, 309, 309, 309, '1', '0.00', '0.00'),
(310, 310, 310, 310, '1', '0.00', '0.00'),
(311, 311, 311, 311, '1', '0.00', '0.00'),
(312, 312, 312, 312, '13', '0.00', '0.00'),
(313, 313, 313, 313, '2', '0.00', '0.00'),
(314, 314, 314, 314, '1', '0.00', '0.00'),
(315, 315, 315, 315, '10', '0.00', '0.00'),
(316, 316, 316, 316, '4', '0.00', '0.00'),
(317, 317, 317, 317, '99', '0.00', '0.00'),
(318, 318, 318, 318, '20', '0.00', '0.00'),
(319, 319, 319, 319, '1', '0.00', '0.00'),
(320, 320, 320, 320, '1', '0.00', '0.00'),
(321, 321, 321, 321, '2', '0.00', '0.00'),
(322, 322, 322, 322, '6', '0.00', '0.00'),
(323, 323, 323, 323, '1', '0.00', '0.00'),
(324, 324, 324, 324, '1', '0.00', '0.00'),
(325, 325, 325, 325, '1', '0.00', '0.00'),
(326, 326, 326, 326, '2', '0.00', '0.00'),
(327, 327, 327, 327, '1', '0.00', '0.00'),
(328, 328, 328, 328, '2', '0.00', '0.00'),
(329, 329, 329, 329, '1', '0.00', '0.00'),
(330, 330, 330, 330, '1', '0.00', '0.00'),
(331, 331, 331, 331, '1', '0.00', '0.00'),
(332, 332, 332, 332, '2', '0.00', '0.00'),
(333, 333, 333, 333, '0', '0.00', '0.00'),
(334, 334, 334, 334, '1', '0.00', '0.00'),
(335, 335, 335, 335, '0', '0.00', '0.00'),
(336, 336, 336, 336, '1', '0.00', '0.00'),
(337, 337, 337, 337, '1', '0.00', '0.00'),
(338, 338, 338, 338, '4', '0.00', '0.00'),
(339, 339, 339, 339, '1', '0.00', '0.00'),
(340, 340, 340, 340, '1', '0.00', '0.00'),
(341, 341, 341, 341, '1', '0.00', '0.00'),
(342, 342, 342, 342, '1', '0.00', '0.00'),
(343, 343, 343, 343, '1', '0.00', '0.00'),
(344, 344, 344, 344, '1', '0.00', '0.00'),
(345, 345, 345, 345, '1', '0.00', '0.00'),
(346, 346, 346, 346, '2', '0.00', '0.00'),
(347, 347, 347, 347, '2', '0.00', '0.00'),
(348, 348, 348, 348, '1', '0.00', '0.00'),
(349, 349, 349, 349, '0', '0.00', '0.00'),
(350, 350, 350, 350, '1', '0.00', '0.00'),
(351, 351, 351, 351, '1', '0.00', '0.00'),
(352, 352, 352, 352, '2', '0.00', '0.00'),
(353, 353, 353, 353, '4', '0.00', '0.00'),
(354, 354, 354, 354, '2', '0.00', '0.00'),
(355, 355, 355, 355, '1', '0.00', '0.00'),
(356, 356, 356, 356, '1', '0.00', '0.00'),
(357, 357, 357, 357, '2', '0.00', '0.00'),
(358, 358, 358, 358, '1', '0.00', '0.00'),
(359, 359, 359, 359, '1', '0.00', '0.00'),
(360, 360, 360, 360, '5', '0.00', '0.00'),
(361, 361, 361, 361, '2', '0.00', '0.00'),
(362, 362, 362, 362, '1', '0.00', '0.00'),
(363, 363, 363, 363, '1', '0.00', '0.00'),
(364, 364, 364, 364, '1', '0.00', '0.00'),
(365, 365, 365, 365, '2', '0.00', '0.00'),
(366, 366, 366, 366, '4', '0.00', '0.00'),
(367, 367, 367, 367, '2', '0.00', '0.00'),
(368, 368, 368, 368, '1', '0.00', '0.00'),
(369, 369, 369, 369, '1', '0.00', '0.00'),
(370, 370, 370, 370, '1', '0.00', '0.00'),
(371, 371, 371, 371, '4', '0.00', '0.00'),
(372, 372, 372, 372, '2', '0.00', '0.00'),
(373, 373, 373, 373, '2', '0.00', '0.00'),
(374, 374, 374, 374, '88', '0.00', '0.00'),
(375, 375, 375, 375, '2', '0.00', '0.00'),
(376, 376, 376, 376, '2', '0.00', '0.00'),
(377, 377, 377, 377, '2', '0.00', '0.00'),
(378, 378, 378, 378, '1', '0.00', '0.00'),
(379, 379, 379, 379, '1', '0.00', '0.00'),
(380, 380, 380, 380, '2', '0.00', '0.00'),
(381, 381, 381, 381, '2', '0.00', '0.00'),
(382, 382, 382, 382, '1', '0.00', '0.00'),
(383, 383, 383, 383, '2', '0.00', '0.00'),
(384, 384, 384, 384, '3', '0.00', '0.00'),
(385, 385, 385, 385, '1', '0.00', '0.00'),
(386, 386, 386, 386, '1', '0.00', '0.00'),
(387, 387, 387, 387, '1', '0.00', '0.00'),
(388, 388, 388, 388, '2', '0.00', '0.00'),
(389, 389, 389, 389, '10', '0.00', '0.00'),
(390, 390, 390, 390, '2', '0.00', '0.00'),
(391, 391, 391, 391, '2', '0.00', '0.00'),
(392, 392, 392, 392, '2', '0.00', '0.00'),
(393, 393, 393, 393, '2', '0.00', '0.00'),
(394, 394, 394, 394, '2', '0.00', '0.00'),
(395, 395, 395, 395, '1', '0.00', '0.00'),
(396, 396, 396, 396, '1', '0.00', '0.00'),
(397, 397, 397, 397, '3', '0.00', '0.00'),
(398, 398, 398, 398, '1', '0.00', '0.00'),
(399, 399, 399, 399, '1', '0.00', '0.00'),
(400, 400, 400, 400, '1', '0.00', '0.00'),
(401, 401, 401, 401, '56', '0.00', '0.00'),
(402, 402, 402, 402, '47', '0.00', '0.00'),
(403, 403, 403, 403, '1', '0.00', '0.00'),
(404, 404, 404, 404, '2', '0.00', '0.00'),
(405, 405, 405, 405, '1', '0.00', '0.00'),
(406, 406, 406, 406, '1', '0.00', '0.00'),
(407, 407, 407, 407, '1', '0.00', '0.00'),
(408, 408, 408, 408, '1', '0.00', '0.00'),
(409, 409, 409, 409, '1', '0.00', '0.00'),
(410, 410, 410, 410, '4', '0.00', '0.00'),
(411, 411, 411, 411, '1', '0.00', '0.00'),
(412, 412, 412, 412, '1', '0.00', '0.00'),
(413, 413, 413, 413, '1', '0.00', '0.00'),
(414, 414, 414, 414, '1', '0.00', '0.00'),
(415, 415, 415, 415, '2', '0.00', '0.00'),
(416, 416, 416, 416, '1', '0.00', '0.00'),
(417, 417, 417, 417, '2', '0.00', '0.00'),
(418, 418, 418, 418, '1', '0.00', '0.00'),
(419, 419, 419, 419, '1', '0.00', '0.00'),
(420, 420, 420, 420, '1', '0.00', '0.00'),
(421, 421, 421, 421, '1', '0.00', '0.00'),
(422, 422, 422, 422, '181', '0.00', '0.00'),
(423, 423, 423, 423, '6', '0.00', '0.00'),
(424, 424, 424, 424, '65', '0.00', '0.00'),
(425, 425, 425, 425, '2', '0.00', '0.00'),
(426, 426, 426, 426, '1', '0.00', '0.00'),
(427, 427, 427, 427, '126', '0.00', '0.00'),
(428, 428, 428, 428, '1', '0.00', '0.00'),
(429, 429, 429, 429, '1', '0.00', '0.00'),
(430, 430, 430, 430, '50', '0.00', '0.00'),
(431, 431, 431, 431, '7', '0.00', '0.00'),
(432, 432, 432, 432, '40', '0.00', '0.00'),
(433, 433, 433, 433, '26', '0.00', '0.00'),
(434, 434, 434, 434, '2', '0.00', '0.00'),
(435, 435, 435, 435, '1', '0.00', '0.00'),
(436, 436, 436, 436, '4', '0.00', '0.00'),
(437, 437, 437, 437, '4', '0.00', '0.00'),
(438, 438, 438, 438, '4', '0.00', '0.00'),
(439, 439, 439, 439, '1', '0.00', '0.00'),
(440, 440, 440, 440, '1', '0.00', '0.00'),
(441, 441, 441, 441, '1', '0.00', '0.00'),
(442, 442, 442, 442, '1', '0.00', '0.00'),
(443, 443, 443, 443, '2', '0.00', '0.00'),
(444, 444, 444, 444, '1', '0.00', '0.00'),
(445, 445, 445, 445, '1', '0.00', '0.00'),
(446, 446, 446, 446, '2', '0.00', '0.00'),
(447, 447, 447, 447, '1', '0.00', '0.00'),
(448, 448, 448, 448, '1', '0.00', '0.00'),
(449, 449, 449, 449, '1', '0.00', '0.00'),
(450, 450, 450, 450, '1', '0.00', '0.00'),
(451, 451, 451, 451, '1', '0.00', '0.00'),
(452, 452, 452, 452, '2', '0.00', '0.00'),
(453, 453, 453, 453, '2', '0.00', '0.00'),
(454, 454, 454, 454, '1', '0.00', '0.00'),
(455, 455, 455, 455, '2', '0.00', '0.00'),
(456, 456, 456, 456, '0', '0.00', '0.00'),
(457, 457, 457, 457, '2', '0.00', '0.00'),
(458, 458, 458, 458, '2', '0.00', '0.00'),
(459, 459, 459, 459, '20', '0.00', '0.00'),
(460, 460, 460, 460, '0', '0.00', '0.00'),
(461, 461, 461, 461, '1', '0.00', '0.00'),
(462, 462, 462, 462, '2', '0.00', '0.00'),
(463, 463, 463, 463, '2', '0.00', '0.00'),
(464, 464, 464, 464, '1', '0.00', '0.00'),
(465, 465, 465, 465, '50', '0.00', '0.00'),
(466, 466, 466, 466, '10', '0.00', '0.00'),
(467, 467, 467, 467, '2', '0.00', '0.00'),
(468, 468, 468, 468, '1', '0.00', '0.00'),
(469, 469, 469, 469, '12', '0.00', '0.00'),
(470, 470, 470, 470, '1', '0.00', '0.00'),
(471, 471, 471, 471, '2', '0.00', '0.00'),
(472, 472, 472, 472, '2', '0.00', '0.00'),
(473, 473, 473, 473, '1', '0.00', '0.00'),
(474, 474, 474, 474, '1', '0.00', '0.00'),
(475, 475, 475, 475, '1', '0.00', '0.00'),
(476, 476, 476, 476, '2', '0.00', '0.00'),
(477, 477, 477, 477, '2', '0.00', '0.00'),
(478, 478, 478, 478, '2', '0.00', '0.00'),
(479, 479, 479, 479, '2', '0.00', '0.00'),
(480, 480, 480, 480, '1', '0.00', '0.00'),
(481, 481, 481, 481, '2', '0.00', '0.00'),
(482, 482, 482, 482, '2', '0.00', '0.00'),
(483, 483, 483, 483, '2', '0.00', '0.00'),
(484, 484, 484, 484, '1', '0.00', '0.00'),
(485, 485, 485, 485, '21', '0.00', '0.00'),
(486, 486, 486, 486, '21', '0.00', '0.00'),
(487, 487, 487, 487, '40', '0.00', '0.00'),
(488, 488, 488, 488, '24', '0.00', '0.00'),
(489, 489, 489, 489, '42', '0.00', '0.00'),
(490, 490, 490, 490, '25', '0.00', '0.00'),
(491, 491, 491, 491, '50', '0.00', '0.00'),
(492, 492, 492, 492, '14', '0.00', '0.00'),
(493, 493, 493, 493, '2', '0.00', '0.00'),
(494, 494, 494, 494, '5', '0.00', '0.00'),
(495, 495, 495, 495, '42', '0.00', '0.00'),
(496, 496, 496, 496, '2', '0.00', '0.00'),
(497, 497, 497, 497, '4', '0.00', '0.00'),
(498, 498, 498, 498, '1', '0.00', '0.00'),
(499, 499, 499, 499, '2', '0.00', '0.00'),
(500, 500, 500, 500, '1', '0.00', '0.00'),
(501, 501, 501, 501, '11', '0.00', '0.00'),
(502, 502, 502, 502, '0', '0.00', '0.00'),
(503, 503, 503, 503, '1', '0.00', '0.00'),
(504, 504, 504, 504, '2', '0.00', '0.00'),
(505, 505, 505, 505, '4', '0.00', '0.00'),
(506, 506, 506, 506, '1', '0.00', '0.00'),
(507, 507, 507, 507, '43', '0.00', '0.00'),
(508, 508, 508, 508, '1', '0.00', '0.00'),
(509, 509, 509, 509, '1', '0.00', '0.00'),
(510, 510, 510, 510, '2', '0.00', '0.00'),
(511, 511, 511, 511, '2', '0.00', '0.00'),
(512, 512, 512, 512, '4', '0.00', '0.00'),
(513, 513, 513, 513, '4', '0.00', '0.00'),
(514, 514, 514, 514, '1', '0.00', '0.00'),
(515, 515, 515, 515, '8', '0.00', '0.00'),
(516, 516, 516, 516, '10', '0.00', '0.00'),
(517, 517, 517, 517, '10', '0.00', '0.00'),
(518, 518, 518, 518, '10', '0.00', '0.00'),
(519, 519, 519, 519, '10', '0.00', '0.00'),
(520, 520, 520, 520, '10', '0.00', '0.00'),
(521, 521, 521, 521, '10', '0.00', '0.00'),
(522, 522, 522, 522, '10', '0.00', '0.00'),
(523, 523, 523, 523, '6', '0.00', '0.00'),
(524, 524, 524, 524, '8', '0.00', '0.00'),
(525, 525, 525, 525, '4', '0.00', '0.00'),
(526, 526, 526, 526, '33', '0.00', '0.00'),
(527, 527, 527, 527, '8', '0.00', '0.00'),
(528, 528, 528, 528, '8', '0.00', '0.00'),
(529, 529, 529, 529, '4', '0.00', '0.00'),
(530, 530, 530, 530, '4', '0.00', '0.00'),
(531, 531, 531, 531, '224', '0.00', '0.00'),
(532, 532, 532, 532, '15', '0.00', '0.00'),
(533, 533, 533, 533, '16', '0.00', '0.00'),
(534, 534, 534, 534, '63', '0.00', '0.00'),
(535, 535, 535, 535, '4', '0.00', '0.00'),
(536, 536, 536, 536, '4', '0.00', '0.00'),
(537, 537, 537, 537, '3', '0.00', '0.00'),
(538, 538, 538, 538, '1', '0.00', '0.00'),
(539, 539, 539, 539, '4', '0.00', '0.00'),
(540, 540, 540, 540, '1', '0.00', '0.00'),
(541, 541, 541, 541, '14', '0.00', '0.00'),
(542, 542, 542, 542, '4', '0.00', '0.00'),
(543, 543, 543, 543, '3', '0.00', '0.00'),
(544, 544, 544, 544, '1', '0.00', '0.00'),
(545, 545, 545, 545, '5', '0.00', '0.00'),
(546, 546, 546, 546, '2', '0.00', '0.00'),
(547, 547, 547, 547, '2', '0.00', '0.00'),
(548, 548, 548, 548, '2', '0.00', '0.00'),
(549, 549, 549, 549, '1', '0.00', '0.00'),
(550, 550, 550, 550, '4', '0.00', '0.00'),
(551, 551, 551, 551, '17', '0.00', '0.00'),
(552, 552, 552, 552, '20', '0.00', '0.00'),
(553, 553, 553, 553, '65', '0.00', '0.00'),
(554, 554, 554, 554, '2', '0.00', '0.00'),
(555, 555, 555, 555, '120', '0.00', '0.00'),
(556, 556, 556, 556, '2', '0.00', '0.00'),
(557, 557, 557, 557, '5', '0.00', '0.00'),
(558, 558, 558, 558, '1', '0.00', '0.00'),
(559, 559, 559, 559, '1', '0.00', '0.00'),
(560, 560, 560, 560, '16', '0.00', '0.00'),
(561, 561, 561, 561, '7', '0.00', '0.00'),
(562, 562, 562, 562, '5', '0.00', '0.00'),
(563, 563, 563, 563, '4', '0.00', '0.00'),
(564, 564, 564, 564, '17', '0.00', '0.00'),
(565, 565, 565, 565, '4', '0.00', '0.00'),
(566, 566, 566, 566, '4', '0.00', '0.00'),
(567, 567, 567, 567, '4', '0.00', '0.00'),
(568, 568, 568, 568, '9', '0.00', '0.00'),
(569, 569, 569, 569, '5', '0.00', '0.00'),
(570, 570, 570, 570, '8', '0.00', '0.00'),
(571, 571, 571, 571, '6', '0.00', '0.00'),
(572, 572, 572, 572, '4', '0.00', '0.00'),
(573, 573, 573, 573, '9', '0.00', '0.00'),
(574, 574, 574, 574, '16', '0.00', '0.00'),
(575, 575, 575, 575, '9', '0.00', '0.00'),
(576, 576, 576, 576, '4', '0.00', '0.00'),
(577, 577, 577, 577, '4', '0.00', '0.00'),
(578, 578, 578, 578, '4', '0.00', '0.00'),
(579, 579, 579, 579, '4', '0.00', '0.00'),
(580, 580, 580, 580, '2', '0.00', '0.00'),
(581, 581, 581, 581, '1', '0.00', '0.00'),
(582, 582, 582, 582, '1', '0.00', '0.00'),
(583, 583, 583, 583, '1', '0.00', '0.00'),
(584, 584, 584, 584, '1', '0.00', '0.00'),
(585, 585, 585, 585, '2', '0.00', '0.00'),
(586, 586, 586, 586, '11', '0.00', '0.00'),
(587, 587, 587, 587, '8', '0.00', '0.00'),
(588, 588, 588, 588, '2', '0.00', '0.00'),
(589, 589, 589, 589, '4', '0.00', '0.00'),
(590, 590, 590, 590, '3', '0.00', '0.00'),
(591, 591, 591, 591, '1', '0.00', '0.00'),
(592, 592, 592, 592, '1', '0.00', '0.00'),
(593, 593, 593, 593, '1', '0.00', '0.00'),
(594, 594, 594, 594, '2', '0.00', '0.00'),
(595, 595, 595, 595, '1', '0.00', '0.00'),
(596, 596, 596, 596, '4', '0.00', '0.00'),
(597, 597, 597, 597, '4', '0.00', '0.00'),
(598, 598, 598, 598, '1', '0.00', '0.00'),
(599, 599, 599, 599, '4', '0.00', '0.00'),
(600, 600, 600, 600, '4', '0.00', '0.00'),
(601, 601, 601, 601, '64', '0.00', '0.00'),
(602, 602, 602, 602, '36', '0.00', '0.00'),
(603, 603, 603, 603, '4', '0.00', '0.00'),
(604, 604, 604, 604, '17', '0.00', '0.00'),
(605, 605, 605, 605, '5', '0.00', '0.00'),
(606, 606, 606, 606, '1', '0.00', '0.00'),
(607, 607, 607, 607, '2', '0.00', '0.00'),
(608, 608, 608, 608, '1', '0.00', '0.00'),
(609, 609, 609, 609, '8', '0.00', '0.00'),
(610, 610, 610, 610, '2', '0.00', '0.00'),
(611, 611, 611, 611, '2', '0.00', '0.00'),
(612, 612, 612, 612, '1', '0.00', '0.00'),
(613, 613, 613, 613, '4', '0.00', '0.00'),
(614, 614, 614, 614, '2', '0.00', '0.00'),
(615, 615, 615, 615, '1', '0.00', '0.00'),
(616, 616, 616, 616, '2', '0.00', '0.00'),
(617, 617, 617, 617, '1', '0.00', '0.00'),
(618, 618, 618, 618, '2', '0.00', '0.00'),
(619, 619, 619, 619, '1', '0.00', '0.00'),
(620, 620, 620, 620, '2', '0.00', '0.00'),
(621, 621, 621, 621, '5', '0.00', '0.00'),
(622, 622, 622, 622, '1', '0.00', '0.00'),
(623, 623, 623, 623, '1', '0.00', '0.00'),
(624, 624, 624, 624, '0', '0.00', '0.00'),
(625, 625, 625, 625, '7', '0.00', '0.00'),
(626, 626, 626, 626, '4', '0.00', '0.00'),
(627, 627, 627, 627, '4', '0.00', '0.00'),
(628, 628, 628, 628, '1', '0.00', '0.00'),
(629, 629, 629, 629, '6', '0.00', '0.00'),
(630, 630, 630, 630, '35', '0.00', '0.00'),
(631, 631, 631, 631, '1', '0.00', '0.00'),
(632, 632, 632, 632, '2', '0.00', '0.00'),
(633, 633, 633, 633, '2', '0.00', '0.00'),
(634, 634, 634, 634, '1', '0.00', '0.00'),
(635, 635, 635, 635, '5', '0.00', '0.00'),
(636, 636, 636, 636, '2', '0.00', '0.00'),
(637, 637, 637, 637, '2', '0.00', '0.00'),
(638, 638, 638, 638, '3', '0.00', '0.00'),
(639, 639, 639, 639, '8', '0.00', '0.00'),
(640, 640, 640, 640, '2', '0.00', '0.00'),
(641, 641, 641, 641, '1', '0.00', '0.00'),
(642, 642, 642, 642, '1', '0.00', '0.00'),
(643, 643, 643, 643, '1', '0.00', '0.00'),
(644, 644, 644, 644, '1', '0.00', '0.00'),
(645, 645, 645, 645, '1', '0.00', '0.00'),
(646, 646, 646, 646, '2', '0.00', '0.00'),
(647, 647, 647, 647, '2', '0.00', '0.00'),
(648, 648, 648, 648, '121', '0.00', '0.00'),
(649, 649, 649, 649, '7', '0.00', '0.00'),
(650, 650, 650, 650, '2', '0.00', '0.00'),
(651, 651, 651, 651, '1', '0.00', '0.00'),
(652, 652, 652, 652, '4', '0.00', '0.00'),
(653, 653, 653, 653, '50', '0.00', '0.00'),
(654, 654, 654, 654, '2', '0.00', '0.00'),
(655, 655, 655, 655, '1', '0.00', '0.00'),
(656, 656, 656, 656, '1', '0.00', '0.00'),
(657, 657, 657, 657, '2', '0.00', '0.00'),
(658, 658, 658, 658, '2', '0.00', '0.00'),
(659, 659, 659, 659, '1', '0.00', '0.00'),
(660, 660, 660, 660, '1', '0.00', '0.00'),
(661, 661, 661, 661, '2', '0.00', '0.00'),
(662, 662, 662, 662, '1', '0.00', '0.00'),
(663, 663, 663, 663, '1', '0.00', '0.00'),
(664, 664, 664, 664, '3', '0.00', '0.00'),
(665, 665, 665, 665, '1', '0.00', '0.00'),
(666, 666, 666, 666, '1', '0.00', '0.00'),
(667, 667, 667, 667, '1', '0.00', '0.00'),
(668, 668, 668, 668, '8', '0.00', '0.00'),
(669, 669, 669, 669, '2', '0.00', '0.00'),
(670, 670, 670, 670, '67', '0.00', '0.00'),
(671, 671, 671, 671, '9', '0.00', '0.00'),
(672, 672, 672, 672, '6', '0.00', '0.00'),
(673, 673, 673, 673, '10', '0.00', '0.00'),
(674, 674, 674, 674, '120', '0.00', '0.00'),
(675, 675, 675, 675, '2', '0.00', '0.00'),
(676, 676, 676, 676, '43', '0.00', '0.00'),
(677, 677, 677, 677, '49', '0.00', '0.00'),
(678, 678, 678, 678, '17', '0.00', '0.00'),
(679, 679, 679, 679, '35', '0.00', '0.00'),
(680, 680, 680, 680, '7', '0.00', '0.00'),
(681, 681, 681, 681, '80', '0.00', '0.00'),
(682, 682, 682, 682, '15', '0.00', '0.00'),
(683, 683, 683, 683, '110', '0.00', '0.00'),
(684, 684, 684, 684, '83', '0.00', '0.00'),
(685, 685, 685, 685, '1', '0.00', '0.00'),
(686, 686, 686, 686, '1', '0.00', '0.00'),
(687, 687, 687, 687, '9', '0.00', '0.00'),
(688, 688, 688, 688, '1', '0.00', '0.00'),
(689, 689, 689, 689, '2', '0.00', '0.00'),
(690, 690, 690, 690, '52', '0.00', '0.00'),
(691, 691, 691, 691, '5', '0.00', '0.00'),
(692, 692, 692, 692, '4', '0.00', '0.00'),
(693, 693, 693, 693, '1', '0.00', '0.00'),
(694, 694, 694, 694, '5', '0.00', '0.00'),
(695, 695, 695, 695, '1', '0.00', '0.00'),
(696, 696, 696, 696, '1', '0.00', '0.00'),
(697, 697, 697, 697, '4', '0.00', '0.00'),
(698, 698, 698, 698, '1', '0.00', '0.00'),
(699, 699, 699, 699, '3', '0.00', '0.00'),
(700, 700, 700, 700, '21', '0.00', '0.00'),
(701, 701, 701, 701, '21', '0.00', '0.00'),
(702, 702, 702, 702, '1', '0.00', '0.00'),
(703, 703, 703, 703, '1', '0.00', '0.00'),
(704, 704, 704, 704, '1', '0.00', '0.00'),
(705, 705, 705, 705, '4', '0.00', '0.00'),
(706, 706, 706, 706, '1', '0.00', '0.00'),
(707, 707, 707, 707, '1', '0.00', '0.00'),
(708, 708, 708, 708, '1', '0.00', '0.00'),
(709, 709, 709, 709, '1', '0.00', '0.00'),
(710, 710, 710, 710, '4', '0.00', '0.00'),
(711, 711, 711, 711, '2', '0.00', '0.00'),
(712, 712, 712, 712, '2', '0.00', '0.00'),
(713, 713, 713, 713, '2', '0.00', '0.00'),
(714, 714, 714, 714, '2', '0.00', '0.00'),
(715, 715, 715, 715, '1', '0.00', '0.00'),
(716, 716, 716, 716, '5', '0.00', '0.00'),
(717, 717, 717, 717, '0', '0.00', '0.00'),
(718, 718, 718, 718, '2', '0.00', '0.00'),
(719, 719, 719, 719, '4', '0.00', '0.00'),
(720, 720, 720, 720, '4', '0.00', '0.00'),
(721, 721, 721, 721, '2', '0.00', '0.00'),
(722, 722, 722, 722, '2', '0.00', '0.00'),
(723, 723, 723, 723, '44', '0.00', '0.00'),
(724, 724, 724, 724, '1', '0.00', '0.00'),
(725, 725, 725, 725, '1', '0.00', '0.00'),
(726, 726, 726, 726, '4', '0.00', '0.00'),
(727, 727, 727, 727, '6', '0.00', '0.00'),
(728, 728, 728, 728, '2', '0.00', '0.00'),
(729, 729, 729, 729, '15', '0.00', '0.00'),
(730, 730, 730, 730, '1', '0.00', '0.00'),
(731, 731, 731, 731, '27', '0.00', '0.00'),
(732, 732, 732, 732, '130', '0.00', '0.00'),
(733, 733, 733, 733, '10', '0.00', '0.00'),
(734, 734, 734, 734, '1', '0.00', '0.00'),
(735, 735, 735, 735, '2', '0.00', '0.00'),
(736, 736, 736, 736, '1', '0.00', '0.00'),
(737, 737, 737, 737, '2', '0.00', '0.00'),
(738, 738, 738, 738, '2', '0.00', '0.00'),
(739, 739, 739, 739, '1', '0.00', '0.00'),
(740, 740, 740, 740, '1', '0.00', '0.00'),
(741, 741, 741, 741, '1', '0.00', '0.00'),
(742, 742, 742, 742, '1', '0.00', '0.00'),
(743, 743, 743, 743, '11', '0.00', '0.00'),
(744, 744, 744, 744, '42', '0.00', '0.00'),
(745, 745, 745, 745, '2', '0.00', '0.00'),
(746, 746, 746, 746, '2', '0.00', '0.00'),
(747, 747, 747, 747, '1', '0.00', '0.00'),
(748, 748, 748, 748, '1', '0.00', '0.00'),
(749, 749, 749, 749, '2', '0.00', '0.00'),
(750, 750, 750, 750, '1', '0.00', '0.00'),
(751, 751, 751, 751, '1', '0.00', '0.00'),
(752, 752, 752, 752, '1', '0.00', '0.00'),
(753, 753, 753, 753, '1', '0.00', '0.00'),
(754, 754, 754, 754, '4', '0.00', '0.00'),
(755, 755, 755, 755, '4', '0.00', '0.00'),
(756, 756, 756, 756, '0', '0.00', '0.00'),
(757, 757, 757, 757, '1', '0.00', '0.00'),
(758, 758, 758, 758, '0', '0.00', '0.00'),
(759, 759, 759, 759, '2', '0.00', '0.00'),
(760, 760, 760, 760, '2', '0.00', '0.00'),
(761, 761, 761, 761, '1', '0.00', '0.00'),
(762, 762, 762, 762, '1', '0.00', '0.00'),
(763, 763, 763, 763, '0', '0.00', '0.00'),
(764, 764, 764, 764, '16', '0.00', '0.00'),
(765, 765, 765, 765, '12', '0.00', '0.00'),
(766, 766, 766, 766, '2', '0.00', '0.00'),
(767, 767, 767, 767, '1', '0.00', '0.00'),
(768, 768, 768, 768, '9', '0.00', '0.00'),
(769, 769, 769, 769, '2', '0.00', '0.00'),
(770, 770, 770, 770, '4', '0.00', '0.00'),
(771, 771, 771, 771, '141', '0.00', '0.00'),
(772, 772, 772, 772, '17', '0.00', '0.00'),
(773, 773, 773, 773, '34', '0.00', '0.00'),
(774, 774, 774, 774, '4', '0.00', '0.00'),
(775, 775, 775, 775, '1', '0.00', '0.00'),
(776, 776, 776, 776, '10', '0.00', '0.00'),
(777, 777, 777, 777, '4', '0.00', '0.00'),
(778, 778, 778, 778, '141', '0.00', '0.00'),
(779, 779, 779, 779, '103', '0.00', '0.00'),
(780, 780, 780, 780, '15', '0.00', '0.00'),
(781, 781, 781, 781, '62', '0.00', '0.00'),
(782, 782, 782, 782, '4', '0.00', '0.00'),
(783, 783, 783, 783, '25', '0.00', '0.00'),
(784, 784, 784, 784, '14', '0.00', '0.00'),
(785, 785, 785, 785, '3', '0.00', '0.00'),
(786, 786, 786, 786, '1', '0.00', '0.00'),
(787, 787, 787, 787, '6', '0.00', '0.00'),
(788, 788, 788, 788, '2', '0.00', '0.00'),
(789, 789, 789, 789, '1', '0.00', '0.00'),
(790, 790, 790, 790, '1', '0.00', '0.00'),
(791, 791, 791, 791, '1', '0.00', '0.00'),
(792, 792, 792, 792, '1', '0.00', '0.00'),
(793, 793, 793, 793, '2', '0.00', '0.00'),
(794, 794, 794, 794, '2', '0.00', '0.00'),
(795, 795, 795, 795, '4', '0.00', '0.00'),
(796, 796, 796, 796, '1', '0.00', '0.00'),
(797, 797, 797, 797, '2', '0.00', '0.00'),
(798, 798, 798, 798, '1', '0.00', '0.00'),
(799, 799, 799, 799, '1', '0.00', '0.00'),
(800, 800, 800, 800, '55', '0.00', '0.00'),
(801, 801, 801, 801, '21', '0.00', '0.00'),
(802, 802, 802, 802, '6', '0.00', '0.00'),
(803, 803, 803, 803, '4', '0.00', '0.00'),
(804, 804, 804, 804, '21', '0.00', '0.00'),
(805, 805, 805, 805, '6', '0.00', '0.00'),
(806, 806, 806, 806, '6', '0.00', '0.00'),
(807, 807, 807, 807, '6', '0.00', '0.00'),
(808, 808, 808, 808, '4', '0.00', '0.00'),
(809, 809, 809, 809, '21', '0.00', '0.00'),
(810, 810, 810, 810, '3', '0.00', '0.00'),
(811, 811, 811, 811, '3', '0.00', '0.00'),
(812, 812, 812, 812, '7', '0.00', '0.00'),
(813, 813, 813, 813, '9', '0.00', '0.00'),
(814, 814, 814, 814, '2', '0.00', '0.00'),
(815, 815, 815, 815, '2', '0.00', '0.00'),
(816, 816, 816, 816, '1', '0.00', '0.00'),
(817, 817, 817, 817, '5', '0.00', '0.00'),
(818, 818, 818, 818, '10', '0.00', '0.00'),
(819, 819, 819, 819, '2', '0.00', '0.00'),
(820, 820, 820, 820, '1', '0.00', '0.00'),
(821, 821, 821, 821, '14', '0.00', '0.00'),
(822, 822, 822, 822, '14', '0.00', '0.00'),
(823, 823, 823, 823, '14', '0.00', '0.00'),
(824, 824, 824, 824, '3', '0.00', '0.00'),
(825, 825, 825, 825, '6', '0.00', '0.00'),
(826, 826, 826, 826, '4', '0.00', '0.00'),
(827, 827, 827, 827, '1', '0.00', '0.00'),
(828, 828, 828, 828, '1', '0.00', '0.00'),
(829, 829, 829, 829, '1', '0.00', '0.00'),
(830, 830, 830, 830, '2', '0.00', '0.00'),
(831, 831, 831, 831, '3', '0.00', '0.00'),
(832, 832, 832, 832, '2', '0.00', '0.00'),
(833, 833, 833, 833, '2', '0.00', '0.00'),
(834, 834, 834, 834, '1', '0.00', '0.00'),
(835, 835, 835, 835, '36', '0.00', '0.00'),
(836, 836, 836, 836, '90', '0.00', '0.00'),
(837, 837, 837, 837, '26', '0.00', '0.00'),
(838, 838, 838, 838, '1', '0.00', '0.00'),
(839, 839, 839, 839, '2', '0.00', '0.00'),
(840, 840, 840, 840, '0', '0.00', '0.00'),
(841, 841, 841, 841, '26', '0.00', '0.00'),
(842, 842, 842, 842, '1', '0.00', '0.00'),
(843, 843, 843, 843, '2', '0.00', '0.00'),
(844, 844, 844, 844, '1', '0.00', '0.00'),
(845, 845, 845, 845, '1', '0.00', '0.00'),
(846, 846, 846, 846, '1', '0.00', '0.00'),
(847, 847, 847, 847, '2', '0.00', '0.00'),
(848, 848, 848, 848, '3', '0.00', '0.00'),
(849, 849, 849, 849, '2', '0.00', '0.00'),
(850, 850, 850, 850, '0', '0.00', '0.00'),
(851, 851, 851, 851, '3', '0.00', '0.00'),
(852, 852, 852, 852, '6', '0.00', '0.00'),
(853, 853, 853, 853, '2', '0.00', '0.00'),
(854, 854, 854, 854, '7', '0.00', '0.00'),
(855, 855, 855, 855, '4', '0.00', '0.00'),
(856, 856, 856, 856, '1', '0.00', '0.00'),
(857, 857, 857, 857, '1', '0.00', '0.00'),
(858, 858, 858, 858, '3', '0.00', '0.00'),
(859, 859, 859, 859, '43', '0.00', '0.00'),
(860, 860, 860, 860, '1', '0.00', '0.00'),
(861, 861, 861, 861, '30', '0.00', '0.00'),
(862, 862, 862, 862, '12', '0.00', '0.00'),
(863, 863, 863, 863, '3', '0.00', '0.00'),
(864, 864, 864, 864, '27', '0.00', '0.00'),
(865, 865, 865, 865, '1', '0.00', '0.00'),
(866, 866, 866, 866, '1', '0.00', '0.00'),
(867, 867, 867, 867, '1', '0.00', '0.00'),
(868, 868, 868, 868, '2', '0.00', '0.00'),
(869, 869, 869, 869, '1', '0.00', '0.00'),
(870, 870, 870, 870, '2', '0.00', '0.00'),
(871, 871, 871, 871, '1', '0.00', '0.00'),
(872, 872, 872, 872, '1', '0.00', '0.00'),
(873, 873, 873, 873, '1', '0.00', '0.00'),
(874, 874, 874, 874, '1', '0.00', '0.00'),
(875, 875, 875, 875, '3', '0.00', '0.00'),
(876, 876, 876, 876, '2', '0.00', '0.00'),
(877, 877, 877, 877, '7', '0.00', '0.00'),
(878, 878, 878, 878, '1', '0.00', '0.00'),
(879, 879, 879, 879, '7', '0.00', '0.00'),
(880, 880, 880, 880, '8', '0.00', '0.00'),
(881, 881, 881, 881, '1', '0.00', '0.00'),
(882, 882, 882, 882, '2', '0.00', '0.00'),
(883, 883, 883, 883, '4', '0.00', '0.00'),
(884, 884, 884, 884, '1', '0.00', '0.00'),
(885, 885, 885, 885, '1', '0.00', '0.00'),
(886, 886, 886, 886, '8', '0.00', '0.00'),
(887, 887, 887, 887, '8', '0.00', '0.00'),
(888, 888, 888, 888, '8', '0.00', '0.00'),
(889, 889, 889, 889, '1', '0.00', '0.00'),
(890, 890, 890, 890, '2', '0.00', '0.00'),
(891, 891, 891, 891, '4', '0.00', '0.00'),
(892, 892, 892, 892, '1', '0.00', '0.00'),
(893, 893, 893, 893, '1', '0.00', '0.00'),
(894, 894, 894, 894, '3', '0.00', '0.00'),
(895, 895, 895, 895, '2', '0.00', '0.00'),
(896, 896, 896, 896, '2', '0.00', '0.00'),
(897, 897, 897, 897, '6', '0.00', '0.00'),
(898, 898, 898, 898, '1', '0.00', '0.00'),
(899, 899, 899, 899, '1', '0.00', '0.00'),
(900, 900, 900, 900, '1', '0.00', '0.00'),
(901, 901, 901, 901, '9', '0.00', '0.00'),
(902, 902, 902, 902, '16', '0.00', '0.00'),
(903, 903, 903, 903, '1', '0.00', '0.00'),
(904, 904, 904, 904, '1', '0.00', '0.00'),
(905, 905, 905, 905, '8', '0.00', '0.00'),
(906, 906, 906, 906, '4', '0.00', '0.00'),
(907, 907, 907, 907, '1', '0.00', '0.00'),
(908, 908, 908, 908, '9', '0.00', '0.00'),
(909, 909, 909, 909, '14', '0.00', '0.00'),
(910, 910, 910, 910, '1', '0.00', '0.00'),
(911, 911, 911, 911, '1', '0.00', '0.00'),
(912, 912, 912, 912, '1', '0.00', '0.00'),
(913, 913, 913, 913, '2', '0.00', '0.00'),
(914, 914, 914, 914, '4', '0.00', '0.00'),
(915, 915, 915, 915, '52', '0.00', '0.00'),
(916, 916, 916, 916, '1', '0.00', '0.00'),
(917, 917, 917, 917, '1', '0.00', '0.00'),
(918, 918, 918, 918, '1', '0.00', '0.00'),
(919, 919, 919, 919, '1', '0.00', '0.00'),
(920, 920, 920, 920, '35', '0.00', '0.00'),
(921, 921, 921, 921, '1', '0.00', '0.00'),
(922, 922, 922, 922, '1', '0.00', '0.00'),
(923, 923, 923, 923, '1', '0.00', '0.00'),
(924, 924, 924, 924, '1', '0.00', '0.00'),
(925, 925, 925, 925, '1', '0.00', '0.00'),
(926, 926, 926, 926, '0', '0.00', '0.00'),
(927, 927, 927, 927, '1', '0.00', '0.00'),
(928, 928, 928, 928, '4', '0.00', '0.00'),
(929, 929, 929, 929, '1', '0.00', '0.00'),
(930, 930, 930, 930, '1', '0.00', '0.00'),
(931, 931, 931, 931, '1', '0.00', '0.00'),
(932, 932, 932, 932, '1', '0.00', '0.00'),
(933, 933, 933, 933, '1', '0.00', '0.00'),
(934, 934, 934, 934, '7', '0.00', '0.00'),
(935, 935, 935, 935, '1', '0.00', '0.00'),
(936, 936, 936, 936, '1', '0.00', '0.00'),
(937, 937, 937, 937, '1', '0.00', '0.00'),
(938, 938, 938, 938, '5', '0.00', '0.00'),
(939, 939, 939, 939, '1', '0.00', '0.00'),
(940, 940, 940, 940, '11', '0.00', '0.00'),
(941, 941, 941, 941, '2', '0.00', '0.00'),
(942, 942, 942, 942, '2', '0.00', '0.00'),
(943, 943, 943, 943, '26', '0.00', '0.00'),
(944, 944, 944, 944, '4', '0.00', '0.00'),
(945, 945, 945, 945, '1', '0.00', '0.00'),
(946, 946, 946, 946, '4', '0.00', '0.00'),
(947, 947, 947, 947, '2', '0.00', '0.00'),
(948, 948, 948, 948, '1', '0.00', '0.00'),
(949, 949, 949, 949, '12', '0.00', '0.00'),
(950, 950, 950, 950, '2', '0.00', '0.00'),
(951, 951, 951, 951, '63', '0.00', '0.00'),
(952, 952, 952, 952, '51', '0.00', '0.00'),
(953, 953, 953, 953, '35', '0.00', '0.00'),
(954, 954, 954, 954, '66', '0.00', '0.00'),
(955, 955, 955, 955, '1', '0.00', '0.00'),
(956, 956, 956, 956, '2', '0.00', '0.00'),
(957, 957, 957, 957, '1', '0.00', '0.00'),
(958, 958, 958, 958, '92', '0.00', '0.00'),
(959, 959, 959, 959, '1', '0.00', '0.00'),
(960, 960, 960, 960, '1', '0.00', '0.00'),
(961, 961, 961, 961, '2', '0.00', '0.00'),
(962, 962, 962, 962, '1', '0.00', '0.00'),
(963, 963, 963, 963, '1', '0.00', '0.00'),
(964, 964, 964, 964, '1', '0.00', '0.00'),
(965, 965, 965, 965, '2', '0.00', '0.00'),
(966, 966, 966, 966, '2', '0.00', '0.00'),
(967, 967, 967, 967, '2', '0.00', '0.00'),
(968, 968, 968, 968, '2', '0.00', '0.00'),
(969, 969, 969, 969, '2', '0.00', '0.00'),
(970, 970, 970, 970, '2', '0.00', '0.00'),
(971, 971, 971, 971, '2', '0.00', '0.00'),
(972, 972, 972, 972, '2', '0.00', '0.00'),
(973, 973, 973, 973, '4', '0.00', '0.00'),
(974, 974, 974, 974, '2', '0.00', '0.00'),
(975, 975, 975, 975, '4', '0.00', '0.00'),
(976, 976, 976, 976, '1', '0.00', '0.00'),
(977, 977, 977, 977, '2', '0.00', '0.00'),
(978, 978, 978, 978, '2', '0.00', '0.00'),
(979, 979, 979, 979, '8', '0.00', '0.00'),
(980, 980, 980, 980, '2', '0.00', '0.00'),
(981, 981, 981, 981, '2', '0.00', '0.00'),
(982, 982, 982, 982, '1', '0.00', '0.00'),
(983, 983, 983, 983, '1', '0.00', '0.00'),
(984, 984, 984, 984, '1', '0.00', '0.00'),
(985, 985, 985, 985, '1', '0.00', '0.00'),
(986, 986, 986, 986, '1', '0.00', '0.00'),
(987, 987, 987, 987, '20', '0.00', '0.00'),
(988, 988, 988, 988, '4', '0.00', '0.00'),
(989, 989, 989, 989, '2', '0.00', '0.00'),
(990, 990, 990, 990, '1', '0.00', '0.00'),
(991, 991, 991, 991, '1', '0.00', '0.00'),
(992, 992, 992, 992, '1', '0.00', '0.00'),
(993, 993, 993, 993, '1', '0.00', '0.00'),
(994, 994, 994, 994, '1', '0.00', '0.00'),
(995, 995, 995, 995, '1', '0.00', '0.00'),
(996, 996, 996, 996, '1', '0.00', '0.00'),
(997, 997, 997, 997, '1', '0.00', '0.00'),
(998, 998, 998, 998, '2', '0.00', '0.00'),
(999, 999, 999, 999, '2', '0.00', '0.00'),
(1000, 1000, 1000, 1000, '1', '0.00', '0.00'),
(1001, 1001, 1001, 1001, '2', '0.00', '0.00'),
(1002, 1002, 1002, 1002, '2', '0.00', '0.00'),
(1003, 1003, 1003, 1003, '2', '0.00', '0.00'),
(1004, 1004, 1004, 1004, '3', '0.00', '0.00'),
(1005, 1005, 1005, 1005, '1', '0.00', '0.00'),
(1006, 1006, 1006, 1006, '1', '0.00', '0.00'),
(1007, 1007, 1007, 1007, '1', '0.00', '0.00'),
(1008, 1008, 1008, 1008, '2', '0.00', '0.00'),
(1009, 1009, 1009, 1009, '1', '0.00', '0.00'),
(1010, 1010, 1010, 1010, '1', '0.00', '0.00'),
(1011, 1011, 1011, 1011, '1', '0.00', '0.00'),
(1012, 1012, 1012, 1012, '2', '0.00', '0.00'),
(1013, 1013, 1013, 1013, '5', '0.00', '0.00'),
(1014, 1014, 1014, 1014, '0', '0.00', '0.00'),
(1015, 1015, 1015, 1015, '1', '0.00', '0.00'),
(1016, 1016, 1016, 1016, '1', '0.00', '0.00'),
(1017, 1017, 1017, 1017, '2', '0.00', '0.00'),
(1018, 1018, 1018, 1018, '1', '0.00', '0.00'),
(1019, 1019, 1019, 1019, '1', '0.00', '0.00'),
(1020, 1020, 1020, 1020, '2', '0.00', '0.00'),
(1021, 1021, 1021, 1021, '2', '0.00', '0.00'),
(1022, 1022, 1022, 1022, '4', '0.00', '0.00'),
(1023, 1023, 1023, 1023, '1', '0.00', '0.00'),
(1024, 1024, 1024, 1024, '1', '0.00', '0.00'),
(1025, 1025, 1025, 1025, '1', '0.00', '0.00'),
(1026, 1026, 1026, 1026, '1', '0.00', '0.00'),
(1027, 1027, 1027, 1027, '1', '0.00', '0.00'),
(1028, 1028, 1028, 1028, '5', '0.00', '0.00'),
(1029, 1029, 1029, 1029, '12', '0.00', '0.00'),
(1030, 1030, 1030, 1030, '9', '0.00', '0.00'),
(1031, 1031, 1031, 1031, '1', '0.00', '0.00'),
(1032, 1032, 1032, 1032, '1', '0.00', '0.00'),
(1033, 1033, 1033, 1033, '2', '0.00', '0.00'),
(1034, 1034, 1034, 1034, '1', '0.00', '0.00'),
(1035, 1035, 1035, 1035, '1', '0.00', '0.00'),
(1036, 1036, 1036, 1036, '36', '0.00', '0.00'),
(1037, 1037, 1037, 1037, '1', '0.00', '0.00'),
(1038, 1038, 1038, 1038, '1', '0.00', '0.00'),
(1039, 1039, 1039, 1039, '8', '0.00', '0.00'),
(1040, 1040, 1040, 1040, '2', '0.00', '0.00'),
(1041, 1041, 1041, 1041, '2', '0.00', '0.00'),
(1042, 1042, 1042, 1042, '2', '0.00', '0.00'),
(1043, 1043, 1043, 1043, '35', '0.00', '0.00'),
(1044, 1044, 1044, 1044, '116', '0.00', '0.00'),
(1045, 1045, 1045, 1045, '2', '0.00', '0.00'),
(1046, 1046, 1046, 1046, '1', '0.00', '0.00'),
(1047, 1047, 1047, 1047, '2', '0.00', '0.00'),
(1048, 1048, 1048, 1048, '2', '0.00', '0.00'),
(1049, 1049, 1049, 1049, '1', '0.00', '0.00'),
(1050, 1050, 1050, 1050, '1', '0.00', '0.00'),
(1051, 1051, 1051, 1051, '5', '0.00', '0.00'),
(1052, 1052, 1052, 1052, '1', '0.00', '0.00'),
(1053, 1053, 1053, 1053, '4', '0.00', '0.00'),
(1054, 1054, 1054, 1054, '4', '0.00', '0.00'),
(1055, 1055, 1055, 1055, '6', '0.00', '0.00'),
(1056, 1056, 1056, 1056, '1', '0.00', '0.00'),
(1057, 1057, 1057, 1057, '4', '0.00', '0.00'),
(1058, 1058, 1058, 1058, '1', '0.00', '0.00'),
(1059, 1059, 1059, 1059, '2', '0.00', '0.00'),
(1060, 1060, 1060, 1060, '7', '0.00', '0.00'),
(1061, 1061, 1061, 1061, '2', '0.00', '0.00'),
(1062, 1062, 1062, 1062, '1', '0.00', '0.00'),
(1063, 1063, 1063, 1063, '1', '0.00', '0.00'),
(1064, 1064, 1064, 1064, '6', '0.00', '0.00'),
(1065, 1065, 1065, 1065, '4', '0.00', '0.00'),
(1066, 1066, 1066, 1066, '34', '0.00', '0.00'),
(1067, 1067, 1067, 1067, '1', '0.00', '0.00'),
(1068, 1068, 1068, 1068, '1', '0.00', '0.00'),
(1069, 1069, 1069, 1069, '1', '0.00', '0.00'),
(1070, 1070, 1070, 1070, '3', '0.00', '0.00'),
(1071, 1071, 1071, 1071, '1', '0.00', '0.00'),
(1072, 1072, 1072, 1072, '4', '0.00', '0.00'),
(1073, 1073, 1073, 1073, '42', '0.00', '0.00'),
(1074, 1074, 1074, 1074, '4', '0.00', '0.00'),
(1075, 1075, 1075, 1075, '40', '0.00', '0.00'),
(1076, 1076, 1076, 1076, '2', '0.00', '0.00'),
(1077, 1077, 1077, 1077, '2', '0.00', '0.00'),
(1078, 1078, 1078, 1078, '5', '0.00', '0.00'),
(1079, 1079, 1079, 1079, '2', '0.00', '0.00'),
(1080, 1080, 1080, 1080, '2', '0.00', '0.00'),
(1081, 1081, 1081, 1081, '1', '0.00', '0.00'),
(1082, 1082, 1082, 1082, '1', '0.00', '0.00'),
(1083, 1083, 1083, 1083, '0', '0.00', '0.00'),
(1084, 1084, 1084, 1084, '6', '0.00', '0.00'),
(1085, 1085, 1085, 1085, '4', '0.00', '0.00'),
(1086, 1086, 1086, 1086, '2', '0.00', '0.00'),
(1087, 1087, 1087, 1087, '1', '0.00', '0.00'),
(1088, 1088, 1088, 1088, '1', '0.00', '0.00'),
(1089, 1089, 1089, 1089, '3', '0.00', '0.00'),
(1090, 1090, 1090, 1090, '3', '0.00', '0.00'),
(1091, 1091, 1091, 1091, '4', '0.00', '0.00'),
(1092, 1092, 1092, 1092, '1', '0.00', '0.00'),
(1093, 1093, 1093, 1093, '2', '0.00', '0.00'),
(1094, 1094, 1094, 1094, '3', '0.00', '0.00'),
(1095, 1095, 1095, 1095, '1', '0.00', '0.00'),
(1096, 1096, 1096, 1096, '1', '0.00', '0.00'),
(1097, 1097, 1097, 1097, '1', '0.00', '0.00'),
(1098, 1098, 1098, 1098, '2', '0.00', '0.00'),
(1099, 1099, 1099, 1099, '1', '0.00', '0.00'),
(1100, 1100, 1100, 1100, '1', '0.00', '0.00'),
(1101, 1101, 1101, 1101, '1', '0.00', '0.00'),
(1102, 1102, 1102, 1102, '2', '0.00', '0.00'),
(1103, 1103, 1103, 1103, '2', '0.00', '0.00'),
(1104, 1104, 1104, 1104, '1', '0.00', '0.00'),
(1105, 1105, 1105, 1105, '4', '0.00', '0.00'),
(1106, 1106, 1106, 1106, '4', '0.00', '0.00'),
(1107, 1107, 1107, 1107, '3', '0.00', '0.00'),
(1108, 1108, 1108, 1108, '4', '0.00', '0.00'),
(1109, 1109, 1109, 1109, '1', '0.00', '0.00'),
(1110, 1110, 1110, 1110, '2', '0.00', '0.00'),
(1111, 1111, 1111, 1111, '4', '0.00', '0.00'),
(1112, 1112, 1112, 1112, '1', '0.00', '0.00'),
(1113, 1113, 1113, 1113, '1', '0.00', '0.00'),
(1114, 1114, 1114, 1114, '6', '0.00', '0.00'),
(1115, 1115, 1115, 1115, '141', '0.00', '0.00'),
(1116, 1116, 1116, 1116, '8', '0.00', '0.00'),
(1117, 1117, 1117, 1117, '4', '0.00', '0.00'),
(1118, 1118, 1118, 1118, '4', '0.00', '0.00'),
(1119, 1119, 1119, 1119, '2', '0.00', '0.00'),
(1120, 1120, 1120, 1120, '2', '0.00', '0.00'),
(1121, 1121, 1121, 1121, '2', '0.00', '0.00'),
(1122, 1122, 1122, 1122, '6', '0.00', '0.00'),
(1123, 1123, 1123, 1123, '4', '0.00', '0.00'),
(1124, 1124, 1124, 1124, '2', '0.00', '0.00'),
(1125, 1125, 1125, 1125, '5', '0.00', '0.00'),
(1126, 1126, 1126, 1126, '16', '0.00', '0.00'),
(1127, 1127, 1127, 1127, '2', '0.00', '0.00'),
(1128, 1128, 1128, 1128, '1', '0.00', '0.00'),
(1129, 1129, 1129, 1129, '0', '0.00', '0.00'),
(1130, 1130, 1130, 1130, '0', '0.00', '0.00'),
(1131, 1131, 1131, 1131, '2', '0.00', '0.00'),
(1132, 1132, 1132, 1132, '3', '0.00', '0.00'),
(1133, 1133, 1133, 1133, '2', '0.00', '0.00'),
(1134, 1134, 1134, 1134, '1', '0.00', '0.00'),
(1135, 1135, 1135, 1135, '3', '0.00', '0.00'),
(1136, 1136, 1136, 1136, '1', '0.00', '0.00'),
(1137, 1137, 1137, 1137, '1', '0.00', '0.00'),
(1138, 1138, 1138, 1138, '2', '0.00', '0.00'),
(1139, 1139, 1139, 1139, '1', '0.00', '0.00'),
(1140, 1140, 1140, 1140, '2', '0.00', '0.00'),
(1141, 1141, 1141, 1141, '1', '0.00', '0.00'),
(1142, 1142, 1142, 1142, '1', '0.00', '0.00'),
(1143, 1143, 1143, 1143, '2', '0.00', '0.00'),
(1144, 1144, 1144, 1144, '8', '0.00', '0.00'),
(1145, 1145, 1145, 1145, '1', '0.00', '0.00'),
(1146, 1146, 1146, 1146, '1', '0.00', '0.00'),
(1147, 1147, 1147, 1147, '1', '0.00', '0.00'),
(1148, 1148, 1148, 1148, '2', '0.00', '0.00'),
(1149, 1149, 1149, 1149, '4', '0.00', '0.00'),
(1150, 1150, 1150, 1150, '1', '0.00', '0.00'),
(1151, 1151, 1151, 1151, '1', '0.00', '0.00'),
(1152, 1152, 1152, 1152, '1', '0.00', '0.00'),
(1153, 1153, 1153, 1153, '1', '0.00', '0.00'),
(1154, 1154, 1154, 1154, '21', '0.00', '0.00'),
(1155, 1155, 1155, 1155, '1', '0.00', '0.00'),
(1156, 1156, 1156, 1156, '1', '0.00', '0.00'),
(1157, 1157, 1157, 1157, '1', '0.00', '0.00'),
(1158, 1158, 1158, 1158, '1', '0.00', '0.00'),
(1159, 1159, 1159, 1159, '3', '0.00', '0.00'),
(1160, 1160, 1160, 1160, '0', '0.00', '0.00'),
(1161, 1161, 1161, 1161, '1', '0.00', '0.00'),
(1162, 1162, 1162, 1162, '2', '0.00', '0.00'),
(1163, 1163, 1163, 1163, '5', '0.00', '0.00'),
(1164, 1164, 1164, 1164, '20', '0.00', '0.00'),
(1165, 1165, 1165, 1165, '1', '0.00', '0.00'),
(1166, 1166, 1166, 1166, '4', '0.00', '0.00'),
(1167, 1167, 1167, 1167, '6', '0.00', '0.00'),
(1168, 1168, 1168, 1168, '1', '0.00', '0.00'),
(1169, 1169, 1169, 1169, '1', '0.00', '0.00'),
(1170, 1170, 1170, 1170, '1', '0.00', '0.00'),
(1171, 1171, 1171, 1171, '1', '0.00', '0.00'),
(1172, 1172, 1172, 1172, '2', '0.00', '0.00'),
(1173, 1173, 1173, 1173, '6', '0.00', '0.00'),
(1174, 1174, 1174, 1174, '1', '0.00', '0.00'),
(1175, 1175, 1175, 1175, '36', '0.00', '0.00'),
(1176, 1176, 1176, 1176, '2', '0.00', '0.00'),
(1177, 1177, 1177, 1177, '3', '0.00', '0.00'),
(1178, 1178, 1178, 1178, '10', '0.00', '0.00'),
(1179, 1179, 1179, 1179, '1', '0.00', '0.00'),
(1180, 1180, 1180, 1180, '10', '0.00', '0.00'),
(1181, 1181, 1181, 1181, '10', '0.00', '0.00'),
(1182, 1182, 1182, 1182, '50', '0.00', '0.00'),
(1183, 1183, 1183, 1183, '6', '0.00', '0.00'),
(1184, 1184, 1184, 1184, '23', '0.00', '0.00'),
(1185, 1185, 1185, 1185, '50', '0.00', '0.00'),
(1186, 1186, 1186, 1186, '10', '0.00', '0.00'),
(1187, 1187, 1187, 1187, '2', '0.00', '0.00'),
(1188, 1188, 1188, 1188, '14', '0.00', '0.00'),
(1189, 1189, 1189, 1189, '24', '0.00', '0.00'),
(1190, 1190, 1190, 1190, '222', '0.00', '0.00'),
(1191, 1191, 1191, 1191, '50', '0.00', '0.00'),
(1192, 1192, 1192, 1192, '23', '0.00', '0.00'),
(1193, 1193, 1193, 1193, '1', '0.00', '0.00'),
(1194, 1194, 1194, 1194, '1', '0.00', '0.00'),
(1195, 1195, 1195, 1195, '2', '0.00', '0.00'),
(1196, 1196, 1196, 1196, '3', '0.00', '0.00'),
(1197, 1197, 1197, 1197, '1', '0.00', '0.00'),
(1198, 1198, 1198, 1198, '4', '0.00', '0.00'),
(1199, 1199, 1199, 1199, '2', '0.00', '0.00'),
(1200, 1200, 1200, 1200, '2', '0.00', '0.00'),
(1201, 1201, 1201, 1201, '2', '0.00', '0.00'),
(1202, 1202, 1202, 1202, '1', '0.00', '0.00');
INSERT INTO `good_receive_note_rows` (`id`, `good_receive_note_id`, `purchase_order_row_id`, `row_material_id`, `quantity`, `rate`, `amount`) VALUES
(1203, 1203, 1203, 1203, '16', '0.00', '0.00'),
(1204, 1204, 1204, 1204, '1', '0.00', '0.00'),
(1205, 1205, 1205, 1205, '15', '0.00', '0.00'),
(1206, 1206, 1206, 1206, '1', '0.00', '0.00'),
(1207, 1207, 1207, 1207, '16', '0.00', '0.00'),
(1208, 1208, 1208, 1208, '2', '0.00', '0.00'),
(1209, 1209, 1209, 1209, '2', '0.00', '0.00'),
(1210, 1210, 1210, 1210, '4', '0.00', '0.00'),
(1211, 1211, 1211, 1211, '133', '0.00', '0.00'),
(1212, 1212, 1212, 1212, '46', '0.00', '0.00'),
(1213, 1213, 1213, 1213, '46', '0.00', '0.00'),
(1214, 1214, 1214, 1214, '4', '0.00', '0.00'),
(1215, 1215, 1215, 1215, '90', '0.00', '0.00'),
(1216, 1216, 1216, 1216, '38', '0.00', '0.00'),
(1217, 1217, 1217, 1217, '4', '0.00', '0.00'),
(1218, 1218, 1218, 1218, '13', '0.00', '0.00'),
(1219, 1219, 1219, 1219, '3', '0.00', '0.00'),
(1220, 1220, 1220, 1220, '21', '0.00', '0.00'),
(1221, 1221, 1221, 1221, '21', '0.00', '0.00'),
(1222, 1222, 1222, 1222, '2', '0.00', '0.00'),
(1223, 1223, 1223, 1223, '1', '0.00', '0.00'),
(1224, 1224, 1224, 1224, '2', '0.00', '0.00'),
(1225, 1225, 1225, 1225, '6', '0.00', '0.00'),
(1226, 1226, 1226, 1226, '48', '0.00', '0.00'),
(1227, 1227, 1227, 1227, '2', '0.00', '0.00'),
(1228, 1228, 1228, 1228, '16', '0.00', '0.00'),
(1229, 1229, 1229, 1229, '21', '0.00', '0.00'),
(1230, 1230, 1230, 1230, '42', '0.00', '0.00'),
(1231, 1231, 1231, 1231, '65', '0.00', '0.00'),
(1232, 1232, 1232, 1232, '6', '0.00', '0.00'),
(1233, 1233, 1233, 1233, '1', '0.00', '0.00'),
(1234, 1234, 1234, 1234, '48', '0.00', '0.00'),
(1235, 1235, 1235, 1235, '18', '0.00', '0.00'),
(1236, 1236, 1236, 1236, '2', '0.00', '0.00'),
(1237, 1237, 1237, 1237, '1', '0.00', '0.00'),
(1238, 1238, 1238, 1238, '2', '0.00', '0.00'),
(1239, 1239, 1239, 1239, '52', '0.00', '0.00'),
(1240, 1240, 1240, 1240, '52', '0.00', '0.00'),
(1241, 1241, 1241, 1241, '2', '0.00', '0.00'),
(1242, 1242, 1242, 1242, '14', '0.00', '0.00'),
(1243, 1243, 1243, 1243, '2', '0.00', '0.00'),
(1244, 1244, 1244, 1244, '2', '0.00', '0.00'),
(1245, 1245, 1245, 1245, '1', '0.00', '0.00'),
(1246, 1246, 1246, 1246, '1', '0.00', '0.00'),
(1247, 1247, 1247, 1247, '0', '0.00', '0.00'),
(1248, 1248, 1248, 1248, '1', '0.00', '0.00'),
(1249, 1249, 1249, 1249, '0', '0.00', '0.00'),
(1250, 1250, 1250, 1250, '1', '0.00', '0.00'),
(1251, 1251, 1251, 1251, '4', '0.00', '0.00'),
(1252, 1252, 1252, 1252, '42', '0.00', '0.00'),
(1253, 1253, 1253, 1253, '132', '0.00', '0.00'),
(1254, 1254, 1254, 1254, '8', '0.00', '0.00'),
(1255, 1255, 1255, 1255, '1', '0.00', '0.00'),
(1256, 1256, 1256, 1256, '1', '0.00', '0.00'),
(1257, 1257, 1257, 1257, '1', '0.00', '0.00'),
(1258, 1258, 1258, 1258, '2', '0.00', '0.00'),
(1259, 1259, 1259, 1259, '20', '0.00', '0.00'),
(1260, 1260, 1260, 1260, '5', '0.00', '0.00'),
(1261, 1261, 1261, 1261, '3', '0.00', '0.00'),
(1262, 1262, 1262, 1262, '1', '0.00', '0.00'),
(1263, 1263, 1263, 1263, '3', '0.00', '0.00'),
(1264, 1264, 1264, 1264, '2', '0.00', '0.00'),
(1265, 1265, 1265, 1265, '1', '0.00', '0.00'),
(1266, 1266, 1266, 1266, '1', '0.00', '0.00'),
(1267, 1267, 1267, 1267, '1', '0.00', '0.00'),
(1268, 1268, 1268, 1268, '4', '0.00', '0.00'),
(1269, 1269, 1269, 1269, '2', '0.00', '0.00'),
(1270, 1270, 1270, 1270, '1', '0.00', '0.00'),
(1271, 1271, 1271, 1271, '2', '0.00', '0.00'),
(1272, 1272, 1272, 1272, '2', '0.00', '0.00'),
(1273, 1273, 1273, 1273, '4', '0.00', '0.00'),
(1274, 1274, 1274, 1274, '2', '0.00', '0.00'),
(1275, 1275, 1275, 1275, '3', '0.00', '0.00'),
(1276, 1276, 1276, 1276, '10', '0.00', '0.00'),
(1277, 1277, 1277, 1277, '1', '0.00', '0.00'),
(1278, 1278, 1278, 1278, '2', '0.00', '0.00'),
(1279, 1279, 1279, 1279, '4', '0.00', '0.00'),
(1280, 1280, 1280, 1280, '2', '0.00', '0.00'),
(1281, 1281, 1281, 1281, '2', '0.00', '0.00'),
(1282, 1282, 1282, 1282, '4', '0.00', '0.00'),
(1283, 1283, 1283, 1283, '4', '0.00', '0.00'),
(1284, 1284, 1284, 1284, '2', '0.00', '0.00'),
(1285, 1285, 1285, 1285, '2', '0.00', '0.00'),
(1286, 1286, 1286, 1286, '2', '0.00', '0.00'),
(1287, 1287, 1287, 1287, '1', '0.00', '0.00'),
(1288, 1288, 1288, 1288, '1', '0.00', '0.00'),
(1289, 1289, 1289, 1289, '6', '0.00', '0.00'),
(1290, 1290, 1290, 1290, '8', '0.00', '0.00'),
(1291, 1291, 1291, 1291, '2', '0.00', '0.00'),
(1292, 1292, 1292, 1292, '8', '0.00', '0.00'),
(1293, 1293, 1293, 1293, '3', '0.00', '0.00'),
(1294, 1294, 1294, 1294, '3', '0.00', '0.00'),
(1295, 1295, 1295, 1295, '6', '0.00', '0.00'),
(1296, 1296, 1296, 1296, '1', '0.00', '0.00'),
(1297, 1297, 1297, 1297, '2', '0.00', '0.00'),
(1298, 1298, 1298, 1298, '74', '0.00', '0.00'),
(1299, 1299, 1299, 1299, '6', '0.00', '0.00'),
(1300, 1300, 1300, 1300, '19', '0.00', '0.00'),
(1301, 1301, 1301, 1301, '10', '0.00', '0.00'),
(1302, 1302, 1302, 1302, '26', '0.00', '0.00'),
(1303, 1303, 1303, 1303, '4', '0.00', '0.00'),
(1304, 1304, 1304, 1304, '44', '0.00', '0.00'),
(1305, 1305, 1305, 1305, '16', '0.00', '0.00'),
(1306, 1306, 1306, 1306, '2', '0.00', '0.00'),
(1307, 1307, 1307, 1307, '0', '0.00', '0.00'),
(1308, 1308, 1308, 1308, '2', '0.00', '0.00'),
(1309, 1309, 1309, 1309, '4', '0.00', '0.00'),
(1310, 1310, 1310, 1310, '3', '0.00', '0.00'),
(1311, 1311, 1311, 1311, '4', '0.00', '0.00'),
(1312, 1312, 1312, 1312, '3', '0.00', '0.00'),
(1313, 1313, 1313, 1313, '16', '0.00', '0.00'),
(1314, 1314, 1314, 1314, '2', '0.00', '0.00'),
(1315, 1315, 1315, 1315, '44', '0.00', '0.00'),
(1316, 1316, 1316, 1316, '13', '0.00', '0.00'),
(1317, 1317, 1317, 1317, '2', '0.00', '0.00'),
(1318, 1318, 1318, 1318, '2', '0.00', '0.00'),
(1319, 1319, 1319, 1319, '42', '0.00', '0.00'),
(1320, 1320, 1320, 1320, '4', '0.00', '0.00'),
(1321, 1321, 1321, 1321, '12', '0.00', '0.00'),
(1322, 1322, 1322, 1322, '2', '0.00', '0.00'),
(1323, 1323, 1323, 1323, '1', '0.00', '0.00'),
(1324, 1324, 1324, 1324, '8', '0.00', '0.00'),
(1325, 1325, 1325, 1325, '2', '0.00', '0.00'),
(1326, 1326, 1326, 1326, '2', '0.00', '0.00'),
(1327, 1327, 1327, 1327, '19', '0.00', '0.00'),
(1328, 1328, 1328, 1328, '4', '0.00', '0.00'),
(1329, 1329, 1329, 1329, '3', '0.00', '0.00'),
(1330, 1330, 1330, 1330, '3', '0.00', '0.00'),
(1331, 1331, 1331, 1331, '1', '0.00', '0.00'),
(1332, 1332, 1332, 1332, '1', '0.00', '0.00'),
(1333, 1333, 1333, 1333, '1', '0.00', '0.00'),
(1334, 1334, 1334, 1334, '2', '0.00', '0.00'),
(1335, 1335, 1335, 1335, '29', '0.00', '0.00'),
(1336, 1336, 1336, 1336, '0', '0.00', '0.00'),
(1337, 1337, 1337, 1337, '4', '0.00', '0.00'),
(1338, 1338, 1338, 1338, '5', '0.00', '0.00'),
(1339, 1339, 1339, 1339, '64', '0.00', '0.00'),
(1340, 1340, 1340, 1340, '4', '0.00', '0.00'),
(1341, 1341, 1341, 1341, '4', '0.00', '0.00'),
(1342, 1342, 1342, 1342, '12', '0.00', '0.00'),
(1343, 1343, 1343, 1343, '1', '0.00', '0.00'),
(1344, 1344, 1344, 1344, '1', '0.00', '0.00'),
(1345, 1345, 1345, 1345, '1', '0.00', '0.00'),
(1346, 1346, 1346, 1346, '1', '0.00', '0.00'),
(1347, 1347, 1347, 1347, '0', '0.00', '0.00'),
(1348, 1348, 1348, 1348, '1', '0.00', '0.00'),
(1349, 1349, 1349, 1349, '2', '0.00', '0.00'),
(1350, 1350, 1350, 1350, '7', '0.00', '0.00'),
(1351, 1351, 1351, 1351, '2', '0.00', '0.00'),
(1352, 1352, 1352, 1352, '2', '0.00', '0.00'),
(1353, 1353, 1353, 1353, '1', '0.00', '0.00'),
(1354, 1354, 1354, 1354, '1', '0.00', '0.00'),
(1355, 1355, 1355, 1355, '2', '0.00', '0.00'),
(1356, 1356, 1356, 1356, '1', '0.00', '0.00'),
(1357, 1357, 1357, 1357, '4', '0.00', '0.00'),
(1358, 1358, 1358, 1358, '4', '0.00', '0.00'),
(1359, 1359, 1359, 1359, '6', '0.00', '0.00'),
(1360, 1360, 1360, 1360, '2', '0.00', '0.00'),
(1361, 1361, 1361, 1361, '4', '0.00', '0.00'),
(1362, 1362, 1362, 1362, '111', '0.00', '0.00'),
(1363, 1363, 1363, 1363, '44', '0.00', '0.00'),
(1364, 1364, 1364, 1364, '21', '0.00', '0.00'),
(1365, 1365, 1365, 1365, '8', '0.00', '0.00'),
(1366, 1366, 1366, 1366, '14', '0.00', '0.00'),
(1367, 1367, 1367, 1367, '8', '0.00', '0.00'),
(1368, 1368, 1368, 1368, '132', '0.00', '0.00'),
(1369, 1369, 1369, 1369, '65', '0.00', '0.00'),
(1370, 1370, 1370, 1370, '1', '0.00', '0.00'),
(1371, 1371, 1371, 1371, '92', '0.00', '0.00'),
(1372, 1372, 1372, 1372, '44', '0.00', '0.00'),
(1373, 1373, 1373, 1373, '2', '0.00', '0.00'),
(1374, 1374, 1374, 1374, '1', '0.00', '0.00'),
(1375, 1375, 1375, 1375, '1', '0.00', '0.00'),
(1376, 1376, 1376, 1376, '1', '0.00', '0.00'),
(1377, 1377, 1377, 1377, '5', '0.00', '0.00'),
(1378, 1378, 1378, 1378, '2', '0.00', '0.00'),
(1379, 1379, 1379, 1379, '2', '0.00', '0.00'),
(1380, 1380, 1380, 1380, '4', '0.00', '0.00'),
(1381, 1381, 1381, 1381, '91', '0.00', '0.00'),
(1382, 1382, 1382, 1382, '25', '0.00', '0.00'),
(1383, 1383, 1383, 1383, '2', '0.00', '0.00'),
(1384, 1384, 1384, 1384, '42', '0.00', '0.00'),
(1385, 1385, 1385, 1385, '1', '0.00', '0.00'),
(1386, 1386, 1386, 1386, '4', '0.00', '0.00'),
(1387, 1387, 1387, 1387, '129', '0.00', '0.00'),
(1388, 1388, 1388, 1388, '2', '0.00', '0.00'),
(1389, 1389, 1389, 1389, '1', '0.00', '0.00'),
(1390, 1390, 1390, 1390, '4', '0.00', '0.00'),
(1391, 1391, 1391, 1391, '1', '0.00', '0.00'),
(1392, 1392, 1392, 1392, '3', '0.00', '0.00'),
(1393, 1393, 1393, 1393, '3', '0.00', '0.00'),
(1394, 1394, 1394, 1394, '21', '0.00', '0.00'),
(1395, 1395, 1395, 1395, '0', '0.00', '0.00'),
(1396, 1396, 1396, 1396, '8', '0.00', '0.00'),
(1397, 1397, 1397, 1397, '2', '0.00', '0.00'),
(1398, 1398, 1398, 1398, '1', '0.00', '0.00'),
(1399, 1399, 1399, 1399, '1', '0.00', '0.00'),
(1400, 1400, 1400, 1400, '4', '0.00', '0.00'),
(1401, 1401, 1401, 1401, '2', '0.00', '0.00'),
(1402, 1402, 1402, 1402, '2', '0.00', '0.00'),
(1403, 1403, 1403, 1403, '2', '0.00', '0.00'),
(1404, 1404, 1404, 1404, '1', '0.00', '0.00'),
(1405, 1405, 1405, 1405, '2', '0.00', '0.00'),
(1406, 1406, 1406, 1406, '2', '0.00', '0.00'),
(1407, 1407, 1407, 1407, '1', '0.00', '0.00'),
(1408, 1408, 1408, 1408, '2', '0.00', '0.00'),
(1409, 1409, 1409, 1409, '1', '0.00', '0.00'),
(1410, 1410, 1410, 1410, '1', '0.00', '0.00'),
(1411, 1411, 1411, 1411, '2', '0.00', '0.00'),
(1412, 1412, 1412, 1412, '2', '0.00', '0.00'),
(1413, 1413, 1413, 1413, '2', '0.00', '0.00'),
(1414, 1414, 1414, 1414, '8', '0.00', '0.00'),
(1415, 1415, 1415, 1415, '13', '0.00', '0.00'),
(1416, 1416, 1416, 1416, '3', '0.00', '0.00'),
(1417, 1417, 1417, 1417, '1', '0.00', '0.00'),
(1418, 1418, 1418, 1418, '1', '0.00', '0.00'),
(1419, 1419, 1419, 1419, '1', '0.00', '0.00'),
(1420, 1420, 1420, 1420, '11', '0.00', '0.00'),
(1421, 1421, 1421, 1421, '2', '0.00', '0.00'),
(1422, 1422, 1422, 1422, '15', '0.00', '0.00'),
(1423, 1423, 1423, 1423, '2', '0.00', '0.00'),
(1424, 1424, 1424, 1424, '2', '0.00', '0.00'),
(1425, 1425, 1425, 1425, '2', '0.00', '0.00'),
(1426, 1426, 1426, 1426, '2', '0.00', '0.00'),
(1427, 1427, 1427, 1427, '2', '0.00', '0.00'),
(1428, 1428, 1428, 1428, '1', '0.00', '0.00'),
(1429, 1429, 1429, 1429, '2', '0.00', '0.00'),
(1430, 1430, 1430, 1430, '1', '0.00', '0.00'),
(1431, 1431, 1431, 1431, '3', '0.00', '0.00'),
(1432, 1432, 1432, 1432, '4', '0.00', '0.00'),
(1433, 1433, 1433, 1433, '2', '0.00', '0.00'),
(1434, 1434, 1434, 1434, '1', '0.00', '0.00'),
(1435, 1435, 1435, 1435, '0', '0.00', '0.00'),
(1436, 1436, 1436, 1436, '2', '0.00', '0.00'),
(1437, 1437, 1437, 1437, '1', '0.00', '0.00'),
(1438, 1438, 1438, 1438, '1', '0.00', '0.00'),
(1439, 1439, 1439, 1439, '1', '0.00', '0.00'),
(1440, 1440, 1440, 1440, '1', '0.00', '0.00'),
(1441, 1441, 1441, 1441, '18', '0.00', '0.00'),
(1442, 1442, 1442, 1442, '3', '0.00', '0.00'),
(1443, 1443, 1443, 1443, '2', '0.00', '0.00'),
(1444, 1444, 1444, 1444, '0', '0.00', '0.00'),
(1445, 1445, 1445, 1445, '3', '0.00', '0.00'),
(1446, 1446, 1446, 1446, '2', '0.00', '0.00'),
(1447, 1447, 1447, 1447, '1', '0.00', '0.00'),
(1448, 1448, 1448, 1448, '1', '0.00', '0.00'),
(1449, 1449, 1449, 1449, '1', '0.00', '0.00'),
(1450, 1450, 1450, 1450, '0', '0.00', '0.00'),
(1451, 1451, 1451, 1451, '78', '0.00', '0.00'),
(1452, 1452, 1452, 1452, '1', '0.00', '0.00'),
(1453, 1453, 1453, 1453, '4', '0.00', '0.00'),
(1454, 1454, 1454, 1454, '8', '0.00', '0.00'),
(1455, 1455, 1455, 1455, '1', '0.00', '0.00'),
(1456, 1456, 1456, 1456, '2', '0.00', '0.00'),
(1457, 1457, 1457, 1457, '1', '0.00', '0.00'),
(1458, 1458, 1458, 1458, '6', '0.00', '0.00'),
(1459, 1459, 1459, 1459, '6', '0.00', '0.00'),
(1460, 1460, 1460, 1460, '0', '0.00', '0.00'),
(1461, 1461, 1461, 1461, '4', '0.00', '0.00'),
(1462, 1462, 1462, 1462, '1', '0.00', '0.00'),
(1463, 1463, 1463, 1463, '1', '0.00', '0.00'),
(1464, 1464, 1464, 1464, '2', '0.00', '0.00'),
(1465, 1465, 1465, 1465, '1', '0.00', '0.00'),
(1466, 1466, 1466, 1466, '3', '0.00', '0.00'),
(1467, 1467, 1467, 1467, '1', '0.00', '0.00'),
(1468, 1468, 1468, 1468, '2', '0.00', '0.00'),
(1469, 1469, 1469, 1469, '1', '0.00', '0.00'),
(1470, 1470, 1470, 1470, '1', '0.00', '0.00'),
(1471, 1471, 1471, 1471, '1', '0.00', '0.00'),
(1472, 1472, 1472, 1472, '8', '0.00', '0.00'),
(1473, 1473, 1473, 1473, '1', '0.00', '0.00'),
(1474, 1474, 1474, 1474, '8', '0.00', '0.00'),
(1475, 1475, 1475, 1475, '2', '0.00', '0.00'),
(1476, 1476, 1476, 1476, '1', '0.00', '0.00'),
(1477, 1477, 1477, 1477, '1', '0.00', '0.00'),
(1478, 1478, 1478, 1478, '6', '0.00', '0.00'),
(1479, 1479, 1479, 1479, '65', '0.00', '0.00'),
(1480, 1480, 1480, 1480, '121', '0.00', '0.00'),
(1481, 1481, 1481, 1481, '4', '0.00', '0.00'),
(1482, 1482, 1482, 1482, '6', '0.00', '0.00'),
(1483, 1483, 1483, 1483, '2', '0.00', '0.00'),
(1484, 1484, 1484, 1484, '1', '0.00', '0.00'),
(1485, 1485, 1485, 1485, '81', '0.00', '0.00'),
(1486, 1486, 1486, 1486, '3', '0.00', '0.00'),
(1487, 1487, 1487, 1487, '16', '0.00', '0.00'),
(1488, 1488, 1488, 1488, '3', '0.00', '0.00'),
(1489, 1489, 1489, 1489, '17', '0.00', '0.00'),
(1490, 1490, 1490, 1490, '1', '0.00', '0.00'),
(1491, 1491, 1491, 1491, '1', '0.00', '0.00'),
(1492, 1492, 1492, 1492, '2', '0.00', '0.00'),
(1493, 1493, 1493, 1493, '1', '0.00', '0.00'),
(1494, 1494, 1494, 1494, '1', '0.00', '0.00'),
(1495, 1495, 1495, 1495, '1', '0.00', '0.00'),
(1496, 1496, 1496, 1496, '2', '0.00', '0.00'),
(1497, 1497, 1497, 1497, '2', '0.00', '0.00'),
(1498, 1498, 1498, 1498, '2', '0.00', '0.00'),
(1499, 1499, 1499, 1499, '2', '0.00', '0.00'),
(1500, 1500, 1500, 1500, '1', '0.00', '0.00'),
(1501, 1501, 1501, 1501, '1', '0.00', '0.00'),
(1502, 1502, 1502, 1502, '112', '0.00', '0.00'),
(1503, 1503, 1503, 1503, '42', '0.00', '0.00'),
(1504, 1504, 1504, 1504, '2', '0.00', '0.00'),
(1505, 1505, 1505, 1505, '1', '0.00', '0.00'),
(1506, 1506, 1506, 1506, '1', '0.00', '0.00'),
(1507, 1507, 1507, 1507, '1', '0.00', '0.00'),
(1508, 1508, 1508, 1508, '1', '0.00', '0.00'),
(1509, 1509, 1509, 1509, '1', '0.00', '0.00'),
(1510, 1510, 1510, 1510, '2', '0.00', '0.00'),
(1511, 1511, 1511, 1511, '2', '0.00', '0.00'),
(1512, 1512, 1512, 1512, '2', '0.00', '0.00'),
(1513, 1513, 1513, 1513, '1', '0.00', '0.00'),
(1514, 1514, 1514, 1514, '109', '0.00', '0.00'),
(1515, 1515, 1515, 1515, '25', '0.00', '0.00'),
(1516, 1516, 1516, 1516, '3', '0.00', '0.00'),
(1517, 1517, 1517, 1517, '2', '0.00', '0.00'),
(1518, 1518, 1518, 1518, '2', '0.00', '0.00'),
(1519, 1519, 1519, 1519, '1', '0.00', '0.00'),
(1520, 1520, 1520, 1520, '1', '0.00', '0.00'),
(1521, 1521, 1521, 1521, '1', '0.00', '0.00'),
(1522, 1522, 1522, 1522, '3', '0.00', '0.00'),
(1523, 1523, 1523, 1523, '2', '0.00', '0.00'),
(1524, 1524, 1524, 1524, '7', '0.00', '0.00'),
(1525, 1525, 1525, 1525, '2', '0.00', '0.00'),
(1526, 1526, 1526, 1526, '1', '0.00', '0.00'),
(1527, 1527, 1527, 1527, '12', '0.00', '0.00'),
(1528, 1528, 1528, 1528, '1', '0.00', '0.00'),
(1529, 1529, 1529, 1529, '22', '0.00', '0.00'),
(1530, 1530, 1530, 1530, '2', '0.00', '0.00'),
(1531, 1531, 1531, 1531, '1', '0.00', '0.00'),
(1532, 1532, 1532, 1532, '2', '0.00', '0.00'),
(1533, 1533, 1533, 1533, '2', '0.00', '0.00'),
(1534, 1534, 1534, 1534, '1', '0.00', '0.00'),
(1535, 1535, 1535, 1535, '0', '0.00', '0.00'),
(1536, 1536, 1536, 1536, '2', '0.00', '0.00'),
(1537, 1537, 1537, 1537, '1', '0.00', '0.00'),
(1538, 1538, 1538, 1538, '1', '0.00', '0.00'),
(1539, 1539, 1539, 1539, '2', '0.00', '0.00'),
(1540, 1540, 1540, 1540, '1', '0.00', '0.00'),
(1541, 1541, 1541, 1541, '2', '0.00', '0.00'),
(1542, 1542, 1542, 1542, '1', '0.00', '0.00'),
(1543, 1543, 1543, 1543, '8', '0.00', '0.00'),
(1544, 1544, 1544, 1544, '4', '0.00', '0.00'),
(1545, 1545, 1545, 1545, '2', '0.00', '0.00'),
(1546, 1546, 1546, 1546, '1', '0.00', '0.00'),
(1547, 1547, 1547, 1547, '3', '0.00', '0.00'),
(1548, 1548, 1548, 1548, '1', '0.00', '0.00'),
(1549, 1549, 1549, 1549, '2', '0.00', '0.00'),
(1550, 1550, 1550, 1550, '1', '0.00', '0.00'),
(1551, 1551, 1551, 1551, '2', '0.00', '0.00'),
(1552, 1552, 1552, 1552, '48', '0.00', '0.00'),
(1553, 1553, 1553, 1553, '1', '0.00', '0.00'),
(1554, 1554, 1554, 1554, '4', '0.00', '0.00'),
(1555, 1555, 1555, 1555, '2', '0.00', '0.00'),
(1556, 1556, 1556, 1556, '1', '0.00', '0.00'),
(1557, 1557, 1557, 1557, '1', '0.00', '0.00'),
(1558, 1558, 1558, 1558, '1', '0.00', '0.00'),
(1559, 1559, 1559, 1559, '6', '0.00', '0.00'),
(1560, 1560, 1560, 1560, '3', '0.00', '0.00'),
(1561, 1561, 1561, 1561, '1', '0.00', '0.00'),
(1562, 1562, 1562, 1562, '1', '0.00', '0.00'),
(1563, 1563, 1563, 1563, '2', '0.00', '0.00'),
(1564, 1564, 1564, 1564, '1', '0.00', '0.00'),
(1565, 1565, 1565, 1565, '6', '0.00', '0.00'),
(1566, 1566, 1566, 1566, '5', '0.00', '0.00'),
(1567, 1567, 1567, 1567, '2', '0.00', '0.00'),
(1568, 1568, 1568, 1568, '1', '0.00', '0.00'),
(1569, 1569, 1569, 1569, '1', '0.00', '0.00'),
(1570, 1570, 1570, 1570, '4', '0.00', '0.00'),
(1571, 1571, 1571, 1571, '1', '0.00', '0.00'),
(1572, 1572, 1572, 1572, '2', '0.00', '0.00'),
(1573, 1573, 1573, 1573, '2', '0.00', '0.00'),
(1574, 1574, 1574, 1574, '1', '0.00', '0.00'),
(1575, 1575, 1575, 1575, '2', '0.00', '0.00'),
(1576, 1576, 1576, 1576, '8', '0.00', '0.00'),
(1577, 1577, 1577, 1577, '8', '0.00', '0.00'),
(1578, 1578, 1578, 1578, '8', '0.00', '0.00'),
(1579, 1579, 1579, 1579, '3', '0.00', '0.00'),
(1580, 1580, 1580, 1580, '8', '0.00', '0.00'),
(1581, 1581, 1581, 1581, '1', '0.00', '0.00'),
(1582, 1582, 1582, 1582, '2', '0.00', '0.00'),
(1583, 1583, 1583, 1583, '8', '0.00', '0.00'),
(1584, 1584, 1584, 1584, '15', '0.00', '0.00'),
(1585, 1585, 1585, 1585, '4', '0.00', '0.00'),
(1586, 1586, 1586, 1586, '3', '0.00', '0.00'),
(1587, 1587, 1587, 1587, '6', '0.00', '0.00'),
(1588, 1588, 1588, 1588, '1', '0.00', '0.00'),
(1589, 1589, 1589, 1589, '6', '0.00', '0.00'),
(1590, 1590, 1590, 1590, '1', '0.00', '0.00'),
(1591, 1591, 1591, 1591, '1', '0.00', '0.00'),
(1592, 1592, 1592, 1592, '5', '0.00', '0.00'),
(1593, 1593, 1593, 1593, '111', '0.00', '0.00'),
(1594, 1594, 1594, 1594, '60', '0.00', '0.00'),
(1595, 1595, 1595, 1595, '4', '0.00', '0.00'),
(1596, 1596, 1596, 1596, '1', '0.00', '0.00'),
(1597, 1597, 1597, 1597, '5', '0.00', '0.00'),
(1598, 1598, 1598, 1598, '5', '0.00', '0.00'),
(1599, 1599, 1599, 1599, '1', '0.00', '0.00'),
(1600, 1600, 1600, 1600, '2', '0.00', '0.00'),
(1601, 1601, 1601, 1601, '3', '0.00', '0.00'),
(1602, 1602, 1602, 1602, '1', '0.00', '0.00'),
(1603, 1603, 1603, 1603, '1', '0.00', '0.00'),
(1604, 1604, 1604, 1604, '1', '0.00', '0.00'),
(1605, 1605, 1605, 1605, '2', '0.00', '0.00'),
(1606, 1606, 1606, 1606, '1', '0.00', '0.00'),
(1607, 1607, 1607, 1607, '1', '0.00', '0.00'),
(1608, 1608, 1608, 1608, '1', '0.00', '0.00'),
(1609, 1609, 1609, 1609, '1', '0.00', '0.00'),
(1610, 1610, 1610, 1610, '2', '0.00', '0.00'),
(1611, 1611, 1611, 1611, '2', '0.00', '0.00'),
(1612, 1612, 1612, 1612, '1', '0.00', '0.00'),
(1613, 1613, 1613, 1613, '1', '0.00', '0.00'),
(1614, 1614, 1614, 1614, '1', '0.00', '0.00'),
(1615, 1615, 1615, 1615, '5', '0.00', '0.00'),
(1616, 1616, 1616, 1616, '44', '0.00', '0.00'),
(1617, 1617, 1617, 1617, '1', '0.00', '0.00'),
(1618, 1618, 1618, 1618, '1', '0.00', '0.00'),
(1619, 1619, 1619, 1619, '1', '0.00', '0.00'),
(1620, 1620, 1620, 1620, '2', '0.00', '0.00'),
(1621, 1621, 1621, 1621, '8', '0.00', '0.00'),
(1622, 1622, 1622, 1622, '54', '0.00', '0.00'),
(1623, 1623, 1623, 1623, '2', '0.00', '0.00'),
(1624, 1624, 1624, 1624, '2', '0.00', '0.00'),
(1625, 1625, 1625, 1625, '1', '0.00', '0.00'),
(1626, 1626, 1626, 1626, '6', '0.00', '0.00'),
(1627, 1627, 1627, 1627, '3', '0.00', '0.00'),
(1628, 1628, 1628, 1628, '1', '0.00', '0.00'),
(1629, 1629, 1629, 1629, '1', '0.00', '0.00'),
(1630, 1630, 1630, 1630, '1', '0.00', '0.00'),
(1631, 1631, 1631, 1631, '1', '0.00', '0.00'),
(1632, 1632, 1632, 1632, '4', '0.00', '0.00'),
(1633, 1633, 1633, 1633, '8', '0.00', '0.00'),
(1634, 1634, 1634, 1634, '3', '0.00', '0.00'),
(1635, 1635, 1635, 1635, '4', '0.00', '0.00'),
(1636, 1636, 1636, 1636, '4', '0.00', '0.00'),
(1637, 1637, 1637, 1637, '8', '0.00', '0.00'),
(1638, 1638, 1638, 1638, '1', '0.00', '0.00'),
(1639, 1639, 1639, 1639, '1', '0.00', '0.00'),
(1641, 1641, 1, 1, '1', '10.00', '10.00'),
(1642, 1642, 2, 2, '1', '10.00', '10.00'),
(1643, 1643, 2, 2, '13', '10.00', '130.00'),
(1644, 1644, 3, 4, '1', '10.00', '10.00');

-- --------------------------------------------------------

--
-- Table structure for table `issue_slips`
--

CREATE TABLE IF NOT EXISTS `issue_slips` (
  `id` int(20) NOT NULL,
  `voucher_no` int(20) NOT NULL,
  `employee_id` int(20) NOT NULL,
  `transaction_date` date NOT NULL,
  `created_on` timestamp NOT NULL DEFAULT CURRENT_TIMESTAMP,
  `created_by` tinyint(4) NOT NULL,
  `edited_on` timestamp NOT NULL DEFAULT '0000-00-00 00:00:00' ON UPDATE CURRENT_TIMESTAMP,
  `edited_by` tinyint(4) NOT NULL,
  `is_deleted` tinyint(4) NOT NULL
) ENGINE=InnoDB DEFAULT CHARSET=latin1;

-- --------------------------------------------------------

--
-- Table structure for table `issue_slip_rows`
--

CREATE TABLE IF NOT EXISTS `issue_slip_rows` (
  `id` int(20) NOT NULL,
  `issue_slip_id` int(20) NOT NULL,
  `row_material_category_id` int(11) NOT NULL,
  `row_material_id` int(20) NOT NULL,
  `quantity` decimal(10,2) NOT NULL,
  `description` text NOT NULL
) ENGINE=InnoDB DEFAULT CHARSET=latin1;

-- --------------------------------------------------------

--
-- Table structure for table `material_transfer_slips`
--

CREATE TABLE IF NOT EXISTS `material_transfer_slips` (
  `id` int(20) NOT NULL,
  `voucher_no` int(20) NOT NULL,
  `employee_id` int(20) NOT NULL,
  `transaction_date` date NOT NULL,
  `created_on` timestamp NOT NULL DEFAULT CURRENT_TIMESTAMP,
  `created_by` tinyint(4) NOT NULL,
  `edited_on` timestamp NOT NULL DEFAULT '0000-00-00 00:00:00' ON UPDATE CURRENT_TIMESTAMP,
  `edited_by` tinyint(4) NOT NULL,
  `is_deleted` tinyint(4) NOT NULL
) ENGINE=InnoDB DEFAULT CHARSET=latin1;

-- --------------------------------------------------------

--
-- Table structure for table `material_transfer_slip_rows`
--

CREATE TABLE IF NOT EXISTS `material_transfer_slip_rows` (
  `id` int(20) NOT NULL,
  `material_transfer_slip_id` int(20) NOT NULL,
  `row_material_id` int(20) NOT NULL,
  `quantity` decimal(10,2) NOT NULL
) ENGINE=InnoDB DEFAULT CHARSET=latin1;

-- --------------------------------------------------------

--
-- Table structure for table `menus`
--

CREATE TABLE IF NOT EXISTS `menus` (
  `id` int(11) NOT NULL,
  `menu_name` varchar(30) NOT NULL,
  `parent_id` int(11) DEFAULT NULL,
  `lft` int(11) NOT NULL,
  `rght` int(11) NOT NULL,
  `controller` varchar(40) NOT NULL,
  `action` varchar(40) NOT NULL,
  `icon_class_name` varchar(50) NOT NULL,
  `is_hidden` enum('Y','N') NOT NULL DEFAULT 'N',
  `query_string` varchar(30) NOT NULL,
  `target` varchar(20) NOT NULL
) ENGINE=InnoDB AUTO_INCREMENT=79 DEFAULT CHARSET=latin1;

--
-- Dumping data for table `menus`
--

INSERT INTO `menus` (`id`, `menu_name`, `parent_id`, `lft`, `rght`, `controller`, `action`, `icon_class_name`, `is_hidden`, `query_string`, `target`) VALUES
(1, 'Dashboard', 0, 1, 2, 'Employees', 'dashboard', 'fa fa-dashboard', 'N', '', ''),
(2, 'Masters', NULL, 3, 16, '', '', 'fa fa-fw fa-hand-o-right', 'N', '', ''),
(3, 'Roles', 2, 4, 5, 'Roles', 'index', '', 'N', '', ''),
(4, 'Units', 2, 6, 7, 'Units', 'index', '', 'N', '', ''),
(5, 'Departments', 2, 8, 9, 'Departments', 'index', '', 'N', '', ''),
(6, 'Material Category', 2, 10, 11, 'RowMaterialCategories', 'index', '', 'N', '', ''),
(7, 'Material', 2, 12, 13, 'RowMaterials', 'index', '', 'N', '', ''),
(8, 'Employees', NULL, 17, 24, '', '', 'fa fa-users', 'N', '', ''),
(9, 'Create', 8, 18, 19, 'Employees', 'add', 'fa fa-plus', 'N', '', ''),
(10, 'View', 8, 20, 21, 'Employees', 'index', 'fa fa-list', 'N', '', ''),
(11, 'Requisition Slips', NULL, 25, 42, '', '', 'fa fa-file', 'N', '', ''),
(12, 'Create', 11, 26, 27, 'RequisitionSlips', 'add', 'fa fa-plus', 'N', '', ''),
(13, 'View', 11, 28, 29, 'RequisitionSlips', 'index', 'fa fa-list', 'N', '', ''),
(15, 'Requisition slips', 37, 32, 33, 'RequisitionSlips', 'report', '', 'N', '', ''),
(16, 'Purchase Orders', NULL, 43, 54, '', '', 'fa fa-fw fa-file-powerpoint-o', 'N', '', ''),
(17, 'Create', 16, 44, 45, 'PurchaseOrders', 'add', 'fa fa-plus', 'N', '', ''),
(18, 'View', 16, 46, 47, 'PurchaseOrders', 'index', 'fa fa-list', 'N', '', ''),
(20, 'GRN', NULL, 55, 62, '', '', 'fa fa-fw fa-truck', 'N', '', ''),
(21, 'Create', 20, 58, 59, 'PurchaseOrders', 'poList', 'fa fa-plus', 'N', '', ''),
(22, 'View', 20, 56, 57, 'GoodReceiveNotes', 'index', 'fa fa-list', 'N', '', ''),
(23, 'Request Slips', NULL, 145, 150, '', '', 'fa fa-paw', 'N', '', ''),
(24, 'Create', 26, 64, 65, 'MaterialTransferSlips', 'add', 'fa fa-plus', 'Y', '', ''),
(25, 'View', 26, 66, 67, 'MaterialTransferSlips', 'index', 'fa fa-list', 'N', '', ''),
(26, 'Material Transfer Slips', NULL, 63, 76, '', '', 'fa fa-exchange', 'N', '', ''),
(27, 'Material transfer slips', 37, 68, 71, 'MaterialTransferSlips', 'report', '', 'N', '', ''),
(28, 'Issue Slips', NULL, 77, 86, '', '', 'fa fa-fw fa-mail-forward', 'N', '', ''),
(29, 'Create', 28, 78, 79, 'IssueSlips', 'add', 'fa fa-plus', 'N', '', ''),
(30, 'View', 28, 80, 81, 'IssueSlips', 'index', 'fa fa-list', 'N', '', ''),
(31, 'Issue slips', 37, 82, 83, 'IssueSlips', 'report', '', 'N', '', ''),
(32, 'Return Slips', NULL, 87, 98, '', '', 'fa fa-fw fa-mail-reply', 'N', '', ''),
(33, 'Create', 32, 88, 89, 'ReturnSlips', 'returnSearchEmp', 'fa fa-plus', 'N', '', ''),
(34, 'View', 32, 90, 91, 'ReturnSlips', 'index', 'fa fa-list', 'N', '', ''),
(35, 'Return slips', 37, 92, 93, 'ReturnSlips', 'report', '', 'N', '', ''),
(36, 'Vendors', 2, 14, 15, 'Vendors', 'index', '', 'N', '', ''),
(37, 'Reports', NULL, 99, 114, '', '', 'fa fa-fw fa-file-excel-o', 'N', '', ''),
(38, 'Scrap Items', 37, 100, 101, 'ReturnSlips', 'scrabMaterialReport', '', 'N', '', ''),
(39, 'Disposed Items', 37, 69, 70, 'ReturnSlips', 'disposedMaterialReport', '', 'N', '', ''),
(40, 'Approval', NULL, 115, 126, '', '', 'fa fa-check', 'N', '', ''),
(41, 'Scap ', 40, 116, 117, 'ReturnSlips', 'scrabApproval', '', 'N', '', ''),
(42, 'Requisition Slips', 40, 118, 119, 'RequisitionSlips', 'reqListApproval', '', 'N', '', ''),
(43, 'Employee Stock', 37, 110, 111, 'Employees', 'employeeStock', '', 'N', '', ''),
(44, 'Department Stock', 37, 112, 113, 'Employees', 'mainStock', '', 'N', '', ''),
(45, 'item Consumptions', 0, 0, 0, 'Employees', 'itemConsumptions', 'fa fa-flask', 'N', '', ''),
(46, 'Purchase Orders', 37, 102, 103, 'PurchaseOrders', 'report', '', 'N', '', ''),
(47, 'GRNs ', 37, 104, 105, 'GoodReceiveNotes', 'report', '', 'N', '', ''),
(48, 'Settings', NULL, 133, 144, '', '', 'fa fa-cog', 'N', '', ''),
(49, 'User rights', 48, 134, 135, 'UserRights', 'add', 'fa fa-key', 'N', '', ''),
(52, 'Change Password', NULL, 0, 0, 'Employees', 'changePassword', '', 'Y', '', ''),
(53, 'Create', 20, 0, 0, 'GoodReceiveNotes', 'add', '', 'Y', '', ''),
(54, 'Edit', 8, 22, 23, 'Employees', 'edit', '', 'Y', '', ''),
(55, 'Menus', 48, 136, 143, 'Menus', 'add', '', 'N', '', ''),
(56, 'View', 55, 137, 138, 'Menus', 'index', '', 'N', '', ''),
(57, 'Edit', 55, 139, 140, 'Menus', 'edit', '', 'Y', '', ''),
(58, 'Create', 55, 141, 142, 'Menus', 'add', '', 'N', '', ''),
(59, 'Edit', 11, 34, 35, 'RequisitionSlips', 'edit', '', 'Y', '', ''),
(60, 'Edit', 16, 50, 51, 'PurchaseOrders', 'edit', '', 'Y', '', ''),
(61, 'Edit', 20, 60, 61, 'GoodReceiveNotes', 'edit', '', 'Y', '', ''),
(62, 'Edit', 23, 74, 75, 'MaterialTransferSlips', 'edit', '', 'Y', '', ''),
(63, 'Edit', 28, 84, 85, 'IssueSlips', 'edit', '', 'Y', '', ''),
(64, 'Edit', 32, 94, 95, 'ReturnSlips', 'edit', '', 'Y', '', ''),
(66, 'Consumable Report', 37, 106, 107, 'RequisitionSlips', 'file', '', 'N', '', ''),
(67, 'Stock Register', 37, 108, 109, 'ReturnSlips', 'stockRegisterReport', '', 'N', '', ''),
(68, 'Admin Edit', 11, 38, 39, 'RequisitionSlips', 'adminEdit', '', 'Y', '', ''),
(69, 'Reqslip For PO', 11, 40, 41, 'RequisitionSlips', 'reqslipList', '', 'Y', '', ''),
(70, 'Detail View', 16, 52, 53, 'PurchaseOrders', 'view', '', 'Y', '', ''),
(71, 'Return Search Employee', 32, 96, 97, 'ReturnSlips', 'add', '', 'Y', '', ''),
(72, 'PO Request', 40, 120, 121, 'PurchaseOrders', 'poApproval', '', 'N', '', ''),
(74, 'add', 23, 146, 147, 'RequestSlips', 'add', '', 'N', '', ''),
(75, 'view', 23, 148, 149, 'RequestSlips', 'index', '', 'N', '', ''),
(76, 'Transfer Approval', 40, 122, 123, 'RequestSlips', 'requestApprovalEmployee', '', 'N', '', ''),
(77, 'Final Approval', 40, 124, 125, 'RequestSlips', 'requestApprovalAdmin', '', 'N', '', ''),
(78, 'View', 11, 30, 31, 'RequisitionSlips', 'index', 'fa fa-list', 'N', '', '');

-- --------------------------------------------------------

--
-- Table structure for table `purchase_orders`
--

CREATE TABLE IF NOT EXISTS `purchase_orders` (
  `id` int(20) NOT NULL,
  `voucher_no` int(20) NOT NULL,
  `requisition_slip_id` varchar(100) NOT NULL,
  `vendor_id` int(20) NOT NULL,
  `transaction_date` date NOT NULL,
  `total` decimal(10,2) NOT NULL,
  `discount_per` varchar(50) NOT NULL,
  `packing_forwarding_charges` varchar(50) NOT NULL,
  `delivery_location` varchar(100) NOT NULL,
  `gst_charges` varchar(50) NOT NULL,
  `payment_terms` varchar(100) NOT NULL,
  `delivery_date` date NOT NULL,
  `created_on` timestamp NOT NULL DEFAULT CURRENT_TIMESTAMP,
  `created_by` tinyint(4) NOT NULL,
  `edited_on` timestamp NOT NULL DEFAULT '0000-00-00 00:00:00' ON UPDATE CURRENT_TIMESTAMP,
  `edited_by` tinyint(4) NOT NULL,
  `is_deleted` tinyint(1) NOT NULL,
  `approve_flag` tinyint(2) NOT NULL,
  `approve_by` tinyint(2) NOT NULL,
  `approved_on` timestamp NOT NULL DEFAULT '0000-00-00 00:00:00',
  `approve_comment` varchar(300) NOT NULL
) ENGINE=InnoDB AUTO_INCREMENT=5 DEFAULT CHARSET=latin1;

--
-- Dumping data for table `purchase_orders`
--

INSERT INTO `purchase_orders` (`id`, `voucher_no`, `requisition_slip_id`, `vendor_id`, `transaction_date`, `total`, `discount_per`, `packing_forwarding_charges`, `delivery_location`, `gst_charges`, `payment_terms`, `delivery_date`, `created_on`, `created_by`, `edited_on`, `edited_by`, `is_deleted`, `approve_flag`, `approve_by`, `approved_on`, `approve_comment`) VALUES
(1, 1, '3', 1, '2019-07-22', '110.00', '', '', '', '', '', '2019-07-23', '2019-07-22 05:28:37', 4, '2019-07-22 05:29:14', 0, 0, 1, 4, '2019-07-22 05:29:14', ''),
(2, 2, '4', 1, '2019-07-22', '140.00', '', '', '', '', '', '2019-07-24', '2019-07-22 05:41:41', 4, '2019-07-22 05:42:00', 0, 0, 1, 4, '2019-07-22 05:42:00', ''),
(3, 3, '5', 1, '2019-07-22', '150.00', '', '', '', '', '', '2019-07-23', '2019-07-22 05:51:25', 4, '2019-07-22 05:53:15', 0, 0, 1, 4, '2019-07-22 05:53:15', ''),
(4, 4, '6', 1, '2019-07-22', '150.00', '', '', '', '', '', '2019-07-23', '2019-07-22 05:56:09', 4, '2019-07-22 05:56:40', 0, 0, 1, 4, '2019-07-22 05:56:40', 'Done');

-- --------------------------------------------------------

--
-- Table structure for table `purchase_order_rows`
--

CREATE TABLE IF NOT EXISTS `purchase_order_rows` (
  `id` int(20) NOT NULL,
  `purchase_order_id` int(20) NOT NULL,
  `requisition_slip_id` int(11) NOT NULL,
  `requisition_slip_row_id` int(11) NOT NULL,
  `row_material_id` int(20) NOT NULL,
  `quantity` decimal(10,2) NOT NULL,
  `rate` decimal(10,0) NOT NULL,
  `amount` decimal(15,2) NOT NULL,
  `received_qty` decimal(10,2) NOT NULL DEFAULT '0.00'
) ENGINE=InnoDB AUTO_INCREMENT=5 DEFAULT CHARSET=latin1;

--
-- Dumping data for table `purchase_order_rows`
--

INSERT INTO `purchase_order_rows` (`id`, `purchase_order_id`, `requisition_slip_id`, `requisition_slip_row_id`, `row_material_id`, `quantity`, `rate`, `amount`, `received_qty`) VALUES
(1, 1, 3, 3, 1, '11.00', '10', '110.00', '-9.00'),
(2, 2, 4, 4, 2, '14.00', '10', '140.00', '14.00'),
(3, 3, 5, 5, 4, '15.00', '10', '150.00', '1.00'),
(4, 4, 6, 6, 1, '15.00', '10', '150.00', '0.00');

-- --------------------------------------------------------

--
-- Table structure for table `request_slips`
--

CREATE TABLE IF NOT EXISTS `request_slips` (
  `id` int(20) NOT NULL,
  `voucher_no` int(20) NOT NULL,
  `employee_id` int(20) NOT NULL,
  `transaction_date` date NOT NULL,
  `created_on` timestamp NOT NULL DEFAULT CURRENT_TIMESTAMP,
  `created_by` tinyint(4) NOT NULL,
  `edited_on` timestamp NOT NULL DEFAULT '0000-00-00 00:00:00' ON UPDATE CURRENT_TIMESTAMP,
  `edited_by` tinyint(4) NOT NULL,
  `emp_approve_flag` tinyint(2) NOT NULL DEFAULT '3',
  `emp_approved_on` timestamp NOT NULL DEFAULT '0000-00-00 00:00:00',
  `emp_comment` text NOT NULL,
  `admin_approve_flag` tinyint(2) NOT NULL DEFAULT '3',
  `admin_approve_on` timestamp NOT NULL DEFAULT '0000-00-00 00:00:00',
  `admin_comment` text NOT NULL,
  `admin_id` tinyint(2) NOT NULL,
  `is_deleted` tinyint(4) NOT NULL
) ENGINE=InnoDB AUTO_INCREMENT=2 DEFAULT CHARSET=latin1;

--
-- Dumping data for table `request_slips`
--

INSERT INTO `request_slips` (`id`, `voucher_no`, `employee_id`, `transaction_date`, `created_on`, `created_by`, `edited_on`, `edited_by`, `emp_approve_flag`, `emp_approved_on`, `emp_comment`, `admin_approve_flag`, `admin_approve_on`, `admin_comment`, `admin_id`, `is_deleted`) VALUES
(1, 1, 6, '2019-07-22', '2019-07-22 07:23:21', 4, '2019-07-22 07:23:40', 0, 1, '2019-07-22 07:23:40', '454', 3, '0000-00-00 00:00:00', '', 0, 0);

-- --------------------------------------------------------

--
-- Table structure for table `request_slip_rows`
--

CREATE TABLE IF NOT EXISTS `request_slip_rows` (
  `id` int(20) NOT NULL,
  `request_slip_id` int(20) NOT NULL,
  `row_material_id` int(20) NOT NULL,
  `quantity` decimal(10,2) NOT NULL
) ENGINE=InnoDB AUTO_INCREMENT=2 DEFAULT CHARSET=latin1;

--
-- Dumping data for table `request_slip_rows`
--

INSERT INTO `request_slip_rows` (`id`, `request_slip_id`, `row_material_id`, `quantity`) VALUES
(1, 1, 1, '2.00');

-- --------------------------------------------------------

--
-- Table structure for table `requisition_slips`
--

CREATE TABLE IF NOT EXISTS `requisition_slips` (
  `id` int(20) NOT NULL,
  `voucher_no` int(20) NOT NULL,
  `created_on` timestamp NOT NULL DEFAULT CURRENT_TIMESTAMP,
  `created_by` tinyint(4) NOT NULL,
  `edited_on` timestamp NOT NULL DEFAULT '0000-00-00 00:00:00' ON UPDATE CURRENT_TIMESTAMP,
  `edited_by` tinyint(4) NOT NULL,
  `transaction_date` date NOT NULL,
  `status` varchar(50) NOT NULL,
  `approved_on` timestamp NOT NULL DEFAULT '0000-00-00 00:00:00',
  `approved_by` tinyint(4) NOT NULL,
  `admin_comment` text NOT NULL,
  `is_deleted` tinyint(4) NOT NULL,
  `po_flag` tinyint(1) NOT NULL
) ENGINE=InnoDB AUTO_INCREMENT=8 DEFAULT CHARSET=latin1;

--
-- Dumping data for table `requisition_slips`
--

INSERT INTO `requisition_slips` (`id`, `voucher_no`, `created_on`, `created_by`, `edited_on`, `edited_by`, `transaction_date`, `status`, `approved_on`, `approved_by`, `admin_comment`, `is_deleted`, `po_flag`) VALUES
(1, 1, '2019-07-19 12:58:40', 4, '2019-07-22 07:04:45', 4, '2019-07-19', 'Pending', '0000-00-00 00:00:00', 0, '', 0, 0),
(2, 2, '2019-07-19 12:58:58', 4, '2019-07-22 07:07:59', 0, '2019-07-19', 'Approved', '2019-07-22 07:07:59', 4, 'OK', 0, 0),
(3, 3, '2019-07-22 05:26:18', 4, '2019-07-22 05:28:37', 0, '2019-07-22', 'Approved', '2019-07-22 05:27:35', 4, '', 0, 1),
(4, 4, '2019-07-22 05:36:54', 4, '2019-07-22 05:41:41', 0, '2019-07-22', 'Approved', '2019-07-22 05:40:16', 4, '', 0, 1),
(5, 5, '2019-07-22 05:49:29', 4, '2019-07-22 05:51:25', 0, '2019-07-22', 'Approved', '2019-07-22 05:49:44', 4, '', 0, 1),
(6, 6, '2019-07-22 05:54:38', 4, '2019-07-22 05:56:09', 0, '2019-07-22', 'Approved', '2019-07-22 05:55:52', 4, 'done', 0, 1);

-- --------------------------------------------------------

--
-- Table structure for table `requisition_slip_rows`
--

CREATE TABLE IF NOT EXISTS `requisition_slip_rows` (
  `id` int(20) NOT NULL,
  `requisition_slip_id` int(20) NOT NULL,
  `row_material_category_id` int(11) NOT NULL,
  `row_material_id` int(20) NOT NULL,
  `quantity` decimal(10,2) NOT NULL,
  `description` text NOT NULL,
  `po_flag` tinyint(2) NOT NULL
) ENGINE=InnoDB AUTO_INCREMENT=17 DEFAULT CHARSET=latin1;

--
-- Dumping data for table `requisition_slip_rows`
--

INSERT INTO `requisition_slip_rows` (`id`, `requisition_slip_id`, `row_material_category_id`, `row_material_id`, `quantity`, `description`, `po_flag`) VALUES
(2, 2, 1, 2, '101.00', '', 0),
(3, 3, 1, 1, '11.00', '', 1),
(4, 4, 1, 2, '14.00', '', 1),
(5, 5, 1, 4, '15.00', '', 1),
(6, 6, 1, 1, '15.00', '', 1),
(16, 1, 1, 5, '100.00', '', 0);

-- --------------------------------------------------------

--
-- Table structure for table `return_slips`
--

CREATE TABLE IF NOT EXISTS `return_slips` (
  `id` int(20) NOT NULL,
  `voucher_no` int(20) NOT NULL,
  `employee_id` int(20) NOT NULL,
  `transaction_date` date NOT NULL,
  `created_on` timestamp NOT NULL DEFAULT CURRENT_TIMESTAMP,
  `created_by` tinyint(4) NOT NULL,
  `edited_on` timestamp NOT NULL DEFAULT '0000-00-00 00:00:00' ON UPDATE CURRENT_TIMESTAMP,
  `edited_by` tinyint(4) NOT NULL,
  `is_deleted` tinyint(1) NOT NULL
) ENGINE=InnoDB DEFAULT CHARSET=latin1;

-- --------------------------------------------------------

--
-- Table structure for table `return_slip_rows`
--

CREATE TABLE IF NOT EXISTS `return_slip_rows` (
  `id` int(20) NOT NULL,
  `return_slip_id` int(20) NOT NULL,
  `row_material_id` int(20) NOT NULL,
  `quantity` decimal(10,2) NOT NULL,
  `return_scrab` varchar(10) NOT NULL,
  `description` text NOT NULL
) ENGINE=InnoDB DEFAULT CHARSET=latin1;

-- --------------------------------------------------------

--
-- Table structure for table `roles`
--

CREATE TABLE IF NOT EXISTS `roles` (
  `id` int(20) NOT NULL,
  `role` varchar(50) NOT NULL,
  `is_deleted` tinyint(1) NOT NULL,
  `created_on` timestamp NOT NULL DEFAULT CURRENT_TIMESTAMP ON UPDATE CURRENT_TIMESTAMP
) ENGINE=InnoDB AUTO_INCREMENT=12 DEFAULT CHARSET=latin1;

--
-- Dumping data for table `roles`
--

INSERT INTO `roles` (`id`, `role`, `is_deleted`, `created_on`) VALUES
(1, 'PRINCIPAL', 0, '2018-12-26 08:25:43'),
(2, 'MAIN STORE INCHARGE', 0, '2018-12-26 08:26:11'),
(3, 'Admin Block', 1, '2018-12-26 09:54:42'),
(4, 'CI  EL IA', 0, '2018-12-27 06:38:03'),
(5, 'ADMINISTRATOR ', 0, '2019-02-23 06:43:41'),
(6, 'OFFICE INCHARGE', 0, '2019-02-23 06:42:53'),
(7, 'ICTSM 1', 0, '2018-12-27 06:46:54'),
(8, 'SECTION INCHARGE', 0, '2018-12-26 09:53:10'),
(9, 'CI EL1B', 0, '2018-12-27 06:38:22'),
(10, 'CI  EL 1C', 0, '2018-12-27 06:38:44'),
(11, 'COPA', 0, '2019-01-30 11:15:05');

-- --------------------------------------------------------

--
-- Table structure for table `row_materials`
--

CREATE TABLE IF NOT EXISTS `row_materials` (
  `id` int(20) NOT NULL,
  `name` varchar(100) NOT NULL,
  `row_material_category_id` int(10) NOT NULL,
  `unit_id` int(10) NOT NULL,
  `reuseable` varchar(10) NOT NULL,
  `created_on` timestamp NOT NULL DEFAULT CURRENT_TIMESTAMP,
  `created_by` tinyint(4) NOT NULL,
  `edited_on` timestamp NOT NULL DEFAULT '0000-00-00 00:00:00' ON UPDATE CURRENT_TIMESTAMP,
  `edited_by` tinyint(4) NOT NULL,
  `is_deleted` tinyint(4) NOT NULL
) ENGINE=InnoDB AUTO_INCREMENT=1642 DEFAULT CHARSET=latin1;

--
-- Dumping data for table `row_materials`
--

INSERT INTO `row_materials` (`id`, `name`, `row_material_category_id`, `unit_id`, `reuseable`, `created_on`, `created_by`, `edited_on`, `edited_by`, `is_deleted`) VALUES
(1, 'Desktop Computer', 1, 4, 'No', '2019-05-11 00:00:00', 4, '0000-00-00 00:00:00', 0, 0),
(2, '1 PHASE VARIABLE AUTO  TRANSFORMER ', 1, 4, 'No', '2019-05-11 00:00:00', 4, '0000-00-00 00:00:00', 0, 0),
(3, '1 PHASE VARIABLE AUTO TRANSFORMER, 4 KVA 15 AMP', 1, 4, 'No', '2019-05-11 00:00:00', 4, '0000-00-00 00:00:00', 0, 0),
(4, '3 PHASE TRANSFORMER  ,SHELL TYPE OIL COOLED WITH ALL MOUNTING, 3 KVA', 1, 4, 'No', '2019-05-11 00:00:00', 4, '0000-00-00 00:00:00', 0, 0),
(5, '3- POINT STARTER, 220VOLT,  DC', 1, 4, 'No', '2019-05-11 00:00:00', 4, '0000-00-00 00:00:00', 0, 0),
(6, '3- POINT STARTER,D.C. TYPE ', 1, 4, 'No', '2019-05-11 00:00:00', 4, '0000-00-00 00:00:00', 0, 0),
(7, '3D VISUALISER', 1, 4, 'No', '2019-05-11 00:00:00', 4, '0000-00-00 00:00:00', 0, 0),
(8, '3-POINT D.C. STARTER', 1, 4, 'No', '2019-05-11 00:00:00', 4, '0000-00-00 00:00:00', 0, 0),
(9, '4 POINT D.C. STARTER', 1, 4, 'No', '2019-05-11 00:00:00', 4, '0000-00-00 00:00:00', 0, 0),
(10, '4 Point relays', 1, 4, 'No', '2019-05-11 00:00:00', 4, '0000-00-00 00:00:00', 0, 0),
(11, '4- POINT STARTER, 220VOLT,  DC', 1, 4, 'No', '2019-05-11 00:00:00', 4, '0000-00-00 00:00:00', 0, 0),
(12, '4 POINT STARTER,D.C. TYPE ', 1, 4, 'No', '2019-05-11 00:00:00', 4, '0000-00-00 00:00:00', 0, 0),
(13, '5 Point relays', 1, 4, 'No', '2019-05-11 00:00:00', 4, '0000-00-00 00:00:00', 0, 0),
(14, '8085 microprocessor trainer kit model (VPL St-85)', 1, 4, 'No', '2019-05-11 00:00:00', 4, '0000-00-00 00:00:00', 0, 0),
(15, 'A.C VOLTMETER M.I. , 150-300-600V', 1, 4, 'No', '2019-05-11 00:00:00', 4, '0000-00-00 00:00:00', 0, 0),
(16, 'A.C. AMMETER (MI TYPE),0-1 A', 1, 4, 'No', '2019-05-11 00:00:00', 4, '0000-00-00 00:00:00', 0, 0),
(17, 'A.C. AMMETER (MI TYPE),0-25', 1, 4, 'No', '2019-05-11 00:00:00', 4, '0000-00-00 00:00:00', 0, 0),
(18, 'A.C. AMMETER M.I. 0-5 A,0-25A', 1, 4, 'No', '2019-05-11 00:00:00', 4, '0000-00-00 00:00:00', 0, 0),
(19, 'A.C. ENERGY METER, SINGLE PHASE 5 AMP, THREE PHASE 15 AMP.', 1, 4, 'No', '2019-05-11 00:00:00', 4, '0000-00-00 00:00:00', 0, 0),
(20, 'A.C. ENERGY METER,1- PHASE 5A', 1, 4, 'No', '2019-05-11 00:00:00', 4, '0000-00-00 00:00:00', 0, 0),
(21, 'A.C. ENERGY METER,3-PHASE 15A', 1, 4, 'No', '2019-05-11 00:00:00', 4, '0000-00-00 00:00:00', 0, 0),
(22, 'A.C. FAN', 1, 4, 'No', '2019-05-11 00:00:00', 4, '0000-00-00 00:00:00', 0, 0),
(23, 'A.C. PHASE WOUND SLIPRING MOTOR, 3-PHASE 440V AC, 5 HP', 1, 4, 'No', '2019-05-11 00:00:00', 4, '0000-00-00 00:00:00', 0, 0),
(24, 'A.C. SERIES MOTOR, 1-PHASE, 230V AC, 1/4 HP', 1, 4, 'No', '2019-05-11 00:00:00', 4, '0000-00-00 00:00:00', 0, 0),
(25, 'A.C. SQUIRREL CAGE MOTOR ,3-PHASE, 440V AC,  3 HP', 1, 4, 'No', '2019-05-11 00:00:00', 4, '0000-00-00 00:00:00', 0, 0),
(26, 'A.C. SQUIRREL CAGE MOTOR, 3-PHASE, 440V AC,  7.5 HP', 1, 4, 'No', '2019-05-11 00:00:00', 4, '0000-00-00 00:00:00', 0, 0),
(27, 'A.C. SQUIRREL MOTOR', 1, 4, 'No', '2019-05-11 00:00:00', 4, '0000-00-00 00:00:00', 0, 0),
(28, 'A.C. VOLT METER,MI TYPE (0-500)', 1, 4, 'No', '2019-05-11 00:00:00', 4, '0000-00-00 00:00:00', 0, 0),
(29, 'A.C. VOLTMETER M.I. 0-500 V A.C.', 1, 4, 'No', '2019-05-11 00:00:00', 4, '0000-00-00 00:00:00', 0, 0),
(30, 'ABSORPTION AND STRIPPING EQUIPMENT', 1, 4, 'No', '2019-05-11 00:00:00', 4, '0000-00-00 00:00:00', 0, 0),
(31, 'AC alternator slip ring puller', 1, 4, 'No', '2019-05-11 00:00:00', 4, '0000-00-00 00:00:00', 0, 0),
(32, 'AC AMMETER M.I. , 5 amp', 1, 4, 'No', '2019-05-11 00:00:00', 4, '0000-00-00 00:00:00', 0, 0),
(33, 'AC ENERGY METER , 1-PHASE, 5 AMP', 1, 4, 'No', '2019-05-11 00:00:00', 4, '0000-00-00 00:00:00', 0, 0),
(34, 'AC ENERGY METER , 3 PHASE , 15 AMP', 1, 4, 'No', '2019-05-11 00:00:00', 4, '0000-00-00 00:00:00', 0, 0),
(35, 'AC motor (1 pH/.5 Hp)', 1, 4, 'No', '2019-05-11 00:00:00', 4, '0000-00-00 00:00:00', 0, 0),
(36, 'AC motor (3 pH/.25 Hp)', 1, 4, 'No', '2019-05-11 00:00:00', 4, '0000-00-00 00:00:00', 0, 0),
(37, 'AC PHASE WOUND SLIPRING MOTOR', 1, 4, 'No', '2019-05-11 00:00:00', 4, '0000-00-00 00:00:00', 0, 0),
(38, 'AC SERIES MOTOR', 1, 4, 'No', '2019-05-11 00:00:00', 4, '0000-00-00 00:00:00', 0, 0),
(39, 'Ac servo Motor', 1, 4, 'No', '2019-05-11 00:00:00', 4, '0000-00-00 00:00:00', 0, 0),
(40, 'AC/DC Adeptar charger', 1, 4, 'No', '2019-05-11 00:00:00', 4, '0000-00-00 00:00:00', 0, 0),
(41, 'AC/DC GTAW welding machine ', 1, 7, 'No', '2019-05-11 00:00:00', 4, '0000-00-00 00:00:00', 0, 0),
(42, 'Acetylene Gas Pressure regulator  double stage ', 1, 4, 'No', '2019-05-11 00:00:00', 4, '0000-00-00 00:00:00', 0, 0),
(43, 'Adjustable pipe chain tonge to take pipes up to 300mm.', 1, 4, 'No', '2019-05-11 00:00:00', 4, '0000-00-00 00:00:00', 0, 0),
(44, 'Adjustable pipe tap 7  BSP with die 7 cover pipe size 20,25,32,38,50,mm', 1, 7, 'No', '2019-05-11 00:00:00', 4, '0000-00-00 00:00:00', 0, 0),
(45, 'Adjustable spanner', 1, 4, 'No', '2019-05-11 00:00:00', 4, '0000-00-00 00:00:00', 0, 0),
(46, 'Adjustable spanner (pipe wrench 250,300 mm)', 1, 4, 'No', '2019-05-11 00:00:00', 4, '0000-00-00 00:00:00', 0, 0),
(47, 'Adjustable spanner 38cm long .', 1, 4, 'No', '2019-05-11 00:00:00', 4, '0000-00-00 00:00:00', 0, 0),
(48, 'AG 4 Grinder   ', 1, 4, 'No', '2019-05-11 00:00:00', 4, '0000-00-00 00:00:00', 0, 0),
(49, 'AG 4 Grinding wheels ', 1, 4, 'No', '2019-05-11 00:00:00', 4, '0000-00-00 00:00:00', 0, 0),
(50, 'ahuja coller mic', 1, 4, 'No', '2019-05-11 00:00:00', 4, '0000-00-00 00:00:00', 0, 0),
(51, 'Ahuja mixer', 1, 4, 'No', '2019-05-11 00:00:00', 4, '0000-00-00 00:00:00', 0, 0),
(52, 'Air bag simulator', 1, 4, 'No', '2019-05-11 00:00:00', 4, '0000-00-00 00:00:00', 0, 0),
(53, 'Air blow gun with standard accessories', 1, 4, 'No', '2019-05-11 00:00:00', 4, '0000-00-00 00:00:00', 0, 0),
(54, 'Air Brake Assembly', 1, 4, 'No', '2019-05-11 00:00:00', 4, '0000-00-00 00:00:00', 0, 0),
(55, 'Air compressor suitable for above air plasma cutting system. ', 1, 4, 'No', '2019-05-11 00:00:00', 4, '0000-00-00 00:00:00', 0, 0),
(56, 'Air conditioned CRDI Vehicle in running condition -LMV', 1, 4, 'No', '2019-05-11 00:00:00', 4, '0000-00-00 00:00:00', 0, 0),
(57, 'Air conditioner', 1, 4, 'No', '2019-05-11 00:00:00', 4, '0000-00-00 00:00:00', 0, 0),
(58, 'Air conditioners (optical)', 1, 4, 'No', '2019-05-11 00:00:00', 4, '0000-00-00 00:00:00', 0, 0),
(59, 'Air conditioning service Unit (Car)', 1, 4, 'No', '2019-05-11 00:00:00', 4, '0000-00-00 00:00:00', 0, 0),
(60, 'Air conditioning trainer kit', 1, 4, 'No', '2019-05-11 00:00:00', 4, '0000-00-00 00:00:00', 0, 0),
(61, 'AIR EXHAUST FAN ', 1, 4, 'No', '2019-05-11 00:00:00', 4, '0000-00-00 00:00:00', 0, 0),
(62, 'AIR HORN', 1, 4, 'No', '2019-05-11 00:00:00', 4, '0000-00-00 00:00:00', 0, 0),
(63, 'Air impact wrench  with standard accessories', 1, 4, 'No', '2019-05-11 00:00:00', 4, '0000-00-00 00:00:00', 0, 0),
(64, 'Air Plasma cutting equipment with all accessories, capacity to cut 12 mm ', 1, 7, 'No', '2019-05-11 00:00:00', 4, '0000-00-00 00:00:00', 0, 0),
(65, 'Air ratchet with standard accessories', 1, 4, 'No', '2019-05-11 00:00:00', 4, '0000-00-00 00:00:00', 0, 0),
(66, 'ALLEN KEY', 1, 4, 'No', '2019-05-11 00:00:00', 4, '0000-00-00 00:00:00', 0, 0),
(67, 'ALLEN Key 7 - HEXAGONAL - 1-12 MM , 7 OF 12 KEYS', 1, 4, 'No', '2019-05-11 00:00:00', 4, '0000-00-00 00:00:00', 0, 0),
(68, 'Allen key 7  hexagonal (7 of 9)', 1, 4, 'No', '2019-05-11 00:00:00', 4, '0000-00-00 00:00:00', 0, 0),
(69, 'Allen key 7 (7 of 10)', 1, 4, 'No', '2019-05-11 00:00:00', 4, '0000-00-00 00:00:00', 0, 0),
(70, 'Allen Key 7 of 12 pieces (2mm to 14mm)', 1, 4, 'No', '2019-05-11 00:00:00', 4, '0000-00-00 00:00:00', 0, 0),
(71, 'ALMIRAH', 1, 4, 'No', '2019-05-11 00:00:00', 4, '0000-00-00 00:00:00', 0, 0),
(72, 'Almirah 180 x90 x 45 cm', 1, 4, 'No', '2019-05-11 00:00:00', 4, '0000-00-00 00:00:00', 0, 0),
(73, 'ALMIRAH 2.5 M X 1.20M X 0.5M', 1, 4, 'No', '2019-05-11 00:00:00', 4, '0000-00-00 00:00:00', 0, 0),
(74, 'ALMIRAH STEEL', 1, 4, 'No', '2019-05-11 00:00:00', 4, '0000-00-00 00:00:00', 0, 0),
(75, 'Alternator assembly used for LMV', 1, 4, 'No', '2019-05-11 00:00:00', 4, '0000-00-00 00:00:00', 0, 0),
(76, 'ALTO', 1, 4, 'No', '2019-05-11 00:00:00', 4, '0000-00-00 00:00:00', 0, 0),
(77, 'AM / FM commercial radio receivers ', 1, 4, 'No', '2019-05-11 00:00:00', 4, '0000-00-00 00:00:00', 0, 0),
(78, 'AM trainer kit (DSB/SSB)ST-2201/02', 1, 4, 'No', '2019-05-11 00:00:00', 4, '0000-00-00 00:00:00', 0, 0),
(79, 'Ammeter (DC)  0 - 500mA  ', 1, 4, 'No', '2019-05-11 00:00:00', 4, '0000-00-00 00:00:00', 0, 0),
(80, 'Ammeter (DC)  0-1.5Amp ', 1, 4, 'No', '2019-05-11 00:00:00', 4, '0000-00-00 00:00:00', 0, 0),
(81, 'Ammeter (DC)  0-10Amp ', 1, 4, 'No', '2019-05-11 00:00:00', 4, '0000-00-00 00:00:00', 0, 0),
(82, 'Ammeter (DC)  0-1mA ', 1, 4, 'No', '2019-05-11 00:00:00', 4, '0000-00-00 00:00:00', 0, 0),
(83, 'Ammeter (DC)  0-500uA   ', 1, 4, 'No', '2019-05-11 00:00:00', 4, '0000-00-00 00:00:00', 0, 0),
(84, 'Ammeter (DC)  0-50mA  ', 1, 4, 'No', '2019-05-11 00:00:00', 4, '0000-00-00 00:00:00', 0, 0),
(85, 'Ammeter (DC) 0-100mA ', 1, 4, 'No', '2019-05-11 00:00:00', 4, '0000-00-00 00:00:00', 0, 0),
(86, 'AMMETER (i) 0 TO 1000 MA (DC) (ii) O TO 10 Amp(AC,DC)', 1, 4, 'No', '2019-05-11 00:00:00', 4, '0000-00-00 00:00:00', 0, 0),
(87, 'AMMETER (M.C TYPE),0-15A ', 1, 4, 'No', '2019-05-11 00:00:00', 4, '0000-00-00 00:00:00', 0, 0),
(88, 'AMMETER (M.C TYPE),0-1A ', 1, 4, 'No', '2019-05-11 00:00:00', 4, '0000-00-00 00:00:00', 0, 0),
(89, 'AMMETER (M.C TYPE),0-25A ', 1, 4, 'No', '2019-05-11 00:00:00', 4, '0000-00-00 00:00:00', 0, 0),
(90, 'AMMETER (M.C TYPE),0-5A ', 1, 4, 'No', '2019-05-11 00:00:00', 4, '0000-00-00 00:00:00', 0, 0),
(91, 'Ammeter 300A/ 60A DC with external shunt', 1, 4, 'No', '2019-05-11 00:00:00', 4, '0000-00-00 00:00:00', 0, 0),
(92, 'Ammeter AC/DC 0-100Amp  ', 1, 4, 'No', '2019-05-11 00:00:00', 4, '0000-00-00 00:00:00', 0, 0),
(93, 'Ammeter AC/DC 0-10Amp  ', 1, 4, 'No', '2019-05-11 00:00:00', 4, '0000-00-00 00:00:00', 0, 0),
(94, 'Ammeter AC/DC 0-500mA  ', 1, 4, 'No', '2019-05-11 00:00:00', 4, '0000-00-00 00:00:00', 0, 0),
(95, 'Ammeter AC/DC 0-50mA  ', 1, 4, 'No', '2019-05-11 00:00:00', 4, '0000-00-00 00:00:00', 0, 0),
(96, 'Ammeter AC/DC 0-5Amp  ', 1, 4, 'No', '2019-05-11 00:00:00', 4, '0000-00-00 00:00:00', 0, 0),
(97, 'AMMETER M.I. TYPE, 24 A', 1, 4, 'No', '2019-05-11 00:00:00', 4, '0000-00-00 00:00:00', 0, 0),
(98, 'AMMETER MC , 0-5 A', 1, 4, 'No', '2019-05-11 00:00:00', 4, '0000-00-00 00:00:00', 0, 0),
(99, 'AMMETER MC 0-5 A, 0-25 A,0-10A', 1, 4, 'No', '2019-05-11 00:00:00', 4, '0000-00-00 00:00:00', 0, 0),
(100, 'AMMETER MC TYPE, 0-25 A', 1, 4, 'No', '2019-05-11 00:00:00', 4, '0000-00-00 00:00:00', 0, 0),
(101, 'ANALLOG WATCH', 1, 4, 'No', '2019-05-11 00:00:00', 4, '0000-00-00 00:00:00', 0, 0),
(102, 'Analog component trainer (make SAILCON)', 1, 4, 'No', '2019-05-11 00:00:00', 4, '0000-00-00 00:00:00', 0, 0),
(103, 'Analog component trainer (make SIGMA)', 1, 4, 'No', '2019-05-11 00:00:00', 4, '0000-00-00 00:00:00', 0, 0),
(104, 'Analog component trainer (make VPL)', 1, 4, 'No', '2019-05-11 00:00:00', 4, '0000-00-00 00:00:00', 0, 0),
(105, 'Analog multimeter', 1, 4, 'No', '2019-05-11 00:00:00', 4, '0000-00-00 00:00:00', 0, 0),
(106, 'Analog soldering station (50 watt) Signetic', 1, 4, 'No', '2019-05-11 00:00:00', 4, '0000-00-00 00:00:00', 0, 0),
(107, 'Analog to digital convertor ', 1, 4, 'No', '2019-05-11 00:00:00', 4, '0000-00-00 00:00:00', 0, 0),
(108, 'Angle plate 10*20cm', 1, 4, 'No', '2019-05-11 00:00:00', 4, '0000-00-00 00:00:00', 0, 0),
(109, 'Angle plate adjustable 250x150x175', 1, 4, 'No', '2019-05-11 00:00:00', 4, '0000-00-00 00:00:00', 0, 0),
(110, 'Angle plate size 200x100x200mm', 1, 4, 'No', '2019-05-11 00:00:00', 4, '0000-00-00 00:00:00', 0, 0),
(111, 'Anti static wrist wraps', 1, 4, 'No', '2019-05-11 00:00:00', 4, '0000-00-00 00:00:00', 0, 0),
(112, 'Anti theft device', 1, 4, 'No', '2019-05-11 00:00:00', 4, '0000-00-00 00:00:00', 0, 0),
(113, 'Antivirus for ? clients / workstations in\nprofile', 1, 4, 'No', '2019-05-11 00:00:00', 4, '0000-00-00 00:00:00', 0, 0),
(114, 'ANVIL - 50kg - WITH STAND', 1, 4, 'No', '2019-05-11 00:00:00', 4, '0000-00-00 00:00:00', 0, 0),
(115, 'Anvil 12  sq. inches working area with stand ', 1, 4, 'No', '2019-05-11 00:00:00', 4, '0000-00-00 00:00:00', 0, 0),
(116, 'Anvil 50 Kgs with Stand', 1, 4, 'No', '2019-05-11 00:00:00', 4, '0000-00-00 00:00:00', 0, 0),
(117, 'Anvil 50kg.', 1, 4, 'No', '2019-05-11 00:00:00', 4, '0000-00-00 00:00:00', 0, 0),
(118, 'Anvil stand.', 1, 4, 'No', '2019-05-11 00:00:00', 4, '0000-00-00 00:00:00', 0, 0),
(119, 'APPARATU''S FOR MEASUREMENT OF CO- EFFICIENT OF EXPANSION (THERMAL) OF SOLID (PLUNGER''S APPARATUS)', 1, 4, 'No', '2019-05-11 00:00:00', 4, '0000-00-00 00:00:00', 0, 0),
(120, 'APPARATUS FOR MEASUREMENT OF THERMAL CONDUCTIVITY OF GOOD AND BAD CONDUCTORS', 1, 4, 'No', '2019-05-11 00:00:00', 4, '0000-00-00 00:00:00', 0, 0),
(121, 'APPARATUS, FOR DETERMINE FRICTIONAL LOSSES IN STRAIGHT PIPE , PIPE FITTING', 1, 4, 'No', '2019-05-11 00:00:00', 4, '0000-00-00 00:00:00', 0, 0),
(122, 'Application kits for microcontroller 6 different applications', 1, 4, 'No', '2019-05-11 00:00:00', 4, '0000-00-00 00:00:00', 0, 0),
(123, 'APRON - BLUE', 1, 4, 'No', '2019-05-11 00:00:00', 4, '0000-00-00 00:00:00', 0, 0),
(124, 'Arbor press hand operated 2 ton capacity', 1, 4, 'No', '2019-05-11 00:00:00', 4, '0000-00-00 00:00:00', 0, 0),
(125, 'Arc welding cables multi cored copper 400/ 600 amp  as per BIS ', 1, 2, 'No', '2019-05-11 00:00:00', 4, '0000-00-00 00:00:00', 0, 0),
(126, 'Arc welding plain  glass 108 mm x 82 mm x 3 mm', 1, 4, 'No', '2019-05-11 00:00:00', 4, '0000-00-00 00:00:00', 0, 0),
(127, 'Arc welding single coloured   glasses   ', 1, 4, 'No', '2019-05-11 00:00:00', 4, '0000-00-00 00:00:00', 0, 0),
(128, 'Arc welding table (all metal top) 122cmX12cm X60cm with positioner ', 1, 4, 'No', '2019-05-11 00:00:00', 4, '0000-00-00 00:00:00', 0, 0),
(129, 'Argon gas cylinder * ', 1, 4, 'No', '2019-05-11 00:00:00', 4, '0000-00-00 00:00:00', 0, 0),
(130, 'Argon Gas pressure  regulator with flow meter ', 1, 4, 'No', '2019-05-11 00:00:00', 4, '0000-00-00 00:00:00', 0, 0),
(131, 'Arm strong type tool bit holder L.H.', 1, 4, 'No', '2019-05-11 00:00:00', 4, '0000-00-00 00:00:00', 0, 0),
(132, 'Arm strong type tool bit holder R.H.', 1, 4, 'No', '2019-05-11 00:00:00', 4, '0000-00-00 00:00:00', 0, 0),
(133, 'Arm strong type tool bit holder straight ', 1, 4, 'No', '2019-05-11 00:00:00', 4, '0000-00-00 00:00:00', 0, 0),
(134, 'ASBESTOS WIRE GAUGE', 1, 4, 'No', '2019-05-11 00:00:00', 4, '0000-00-00 00:00:00', 0, 0),
(135, 'ASSENT', 1, 4, 'No', '2019-05-11 00:00:00', 4, '0000-00-00 00:00:00', 0, 0),
(136, 'Audio box of camera', 1, 4, 'No', '2019-05-11 00:00:00', 4, '0000-00-00 00:00:00', 0, 0),
(137, 'Auto Darkening  Welding Helmet ', 1, 4, 'No', '2019-05-11 00:00:00', 4, '0000-00-00 00:00:00', 0, 0),
(138, 'Auto Electrical test bench', 1, 4, 'No', '2019-05-11 00:00:00', 4, '0000-00-00 00:00:00', 0, 0),
(139, 'AUTO TRANSFORMER  TYPE', 1, 4, 'No', '2019-05-11 00:00:00', 4, '0000-00-00 00:00:00', 0, 0),
(140, 'Auto transformer 10Amp', 1, 4, 'No', '2019-05-11 00:00:00', 4, '0000-00-00 00:00:00', 0, 0),
(141, 'Auto transformer 8Amp', 1, 4, 'No', '2019-05-11 00:00:00', 4, '0000-00-00 00:00:00', 0, 0),
(142, 'automatic transmission Gear box', 1, 4, 'No', '2019-05-11 00:00:00', 4, '0000-00-00 00:00:00', 0, 0),
(143, 'Automotive exhaust 5 gas analyzer (petrol & Diesel) or Diesel Smoke Meter', 1, 4, 'No', '2019-05-11 00:00:00', 4, '0000-00-00 00:00:00', 0, 0),
(144, 'BALL MILL', 1, 4, 'No', '2019-05-11 00:00:00', 4, '0000-00-00 00:00:00', 0, 0),
(145, 'Bar code Reader', 1, 4, 'No', '2019-05-11 00:00:00', 4, '0000-00-00 00:00:00', 0, 0),
(146, 'BATCH TYPE TANK CRYSTALLIZER', 1, 4, 'No', '2019-05-11 00:00:00', 4, '0000-00-00 00:00:00', 0, 0),
(147, 'BATH IMPREGNETING', 1, 4, 'No', '2019-05-11 00:00:00', 4, '0000-00-00 00:00:00', 0, 0),
(148, 'BATTERY CHARGER', 1, 4, 'No', '2019-05-11 00:00:00', 4, '0000-00-00 00:00:00', 0, 0),
(149, 'BATTERY CHARGER,230V, 11A', 1, 4, 'No', '2019-05-11 00:00:00', 4, '0000-00-00 00:00:00', 0, 0),
(150, 'BATTERY ELIMINATOR', 1, 4, 'No', '2019-05-11 00:00:00', 4, '0000-00-00 00:00:00', 0, 0),
(151, 'BEAKER 250 ML CORNING', 1, 4, 'No', '2019-05-11 00:00:00', 4, '0000-00-00 00:00:00', 0, 0),
(152, 'BEAKER 500 ML CORNING', 1, 4, 'No', '2019-05-11 00:00:00', 4, '0000-00-00 00:00:00', 0, 0),
(153, 'BEARING PULLER', 1, 4, 'No', '2019-05-11 00:00:00', 4, '0000-00-00 00:00:00', 0, 0),
(154, 'BEARING PULLER,300MM', 1, 4, 'No', '2019-05-11 00:00:00', 4, '0000-00-00 00:00:00', 0, 0),
(155, 'BEARING PULLER,75mm', 1, 4, 'No', '2019-05-11 00:00:00', 4, '0000-00-00 00:00:00', 0, 0),
(156, 'BEARING REMOVIE AND FITTING KIT (BEARING PULLER)', 1, 4, 'No', '2019-05-11 00:00:00', 4, '0000-00-00 00:00:00', 0, 0),
(157, 'Belt Tensioner gauge', 1, 4, 'No', '2019-05-11 00:00:00', 4, '0000-00-00 00:00:00', 0, 0),
(158, 'Bench grinder fitted with fine grain size silicon carbide green grinding wheel  dia. 150 mm ', 1, 4, 'No', '2019-05-11 00:00:00', 4, '0000-00-00 00:00:00', 0, 0),
(159, 'Bench lever shears 250mm Blade x 3mm Capacity', 1, 4, 'No', '2019-05-11 00:00:00', 4, '0000-00-00 00:00:00', 0, 0),
(160, 'BENCH TYPE PILLAR ELECTRIC DRILL MACHINE 12 MM CAPACITY', 1, 4, 'No', '2019-05-11 00:00:00', 4, '0000-00-00 00:00:00', 0, 0),
(161, 'Bench Vice', 1, 4, 'No', '2019-05-11 00:00:00', 4, '0000-00-00 00:00:00', 0, 0),
(162, 'BENCH VICE - 125 MM', 1, 4, 'No', '2019-05-11 00:00:00', 4, '0000-00-00 00:00:00', 0, 0),
(163, 'Bench vice 100mm', 1, 4, 'No', '2019-05-11 00:00:00', 4, '0000-00-00 00:00:00', 0, 0),
(164, 'Bench working 204 x 120 x 90 cm', 1, 4, 'No', '2019-05-11 00:00:00', 4, '0000-00-00 00:00:00', 0, 0),
(165, 'BIMETALLIC THERMOMETER', 1, 4, 'No', '2019-05-11 00:00:00', 4, '0000-00-00 00:00:00', 0, 0),
(166, 'BLACK  BOARD/ WHITE BOARD', 1, 4, 'No', '2019-05-11 00:00:00', 4, '0000-00-00 00:00:00', 0, 0),
(167, 'BLACK /WHITE BOARD WITH STAND - 4X3 FEET', 1, 4, 'No', '2019-05-11 00:00:00', 4, '0000-00-00 00:00:00', 0, 0),
(168, 'BLACK BOARD', 1, 4, 'No', '2019-05-11 00:00:00', 4, '0000-00-00 00:00:00', 0, 0),
(169, 'Black Board (White & Green)', 1, 4, 'No', '2019-05-11 00:00:00', 4, '0000-00-00 00:00:00', 0, 0),
(170, 'Black board and easel with stand ', 1, 7, 'No', '2019-05-11 00:00:00', 4, '0000-00-00 00:00:00', 0, 0),
(171, 'Black Board with easel.', 1, 4, 'No', '2019-05-11 00:00:00', 4, '0000-00-00 00:00:00', 0, 0),
(172, 'BLAKE JAW CRUSHER', 1, 4, 'No', '2019-05-11 00:00:00', 4, '0000-00-00 00:00:00', 0, 0),
(173, 'BLOW  LAMP 0.5 LTR', 1, 4, 'No', '2019-05-11 00:00:00', 4, '0000-00-00 00:00:00', 0, 0),
(174, 'Blow Lamp 1 litre', 1, 4, 'No', '2019-05-11 00:00:00', 4, '0000-00-00 00:00:00', 0, 0),
(175, 'BLUE CHAIR ', 1, 4, 'No', '2019-05-11 00:00:00', 4, '0000-00-00 00:00:00', 0, 0),
(176, 'Bluethooth Dongle', 1, 4, 'No', '2019-05-11 00:00:00', 4, '0000-00-00 00:00:00', 0, 0),
(177, 'Blu-ray Drive &Player', 1, 4, 'No', '2019-05-11 00:00:00', 4, '0000-00-00 00:00:00', 0, 0),
(178, 'Bluthooth head phone', 1, 4, 'No', '2019-05-11 00:00:00', 4, '0000-00-00 00:00:00', 0, 0),
(179, 'bootless crimping  tool', 1, 4, 'No', '2019-05-11 00:00:00', 4, '0000-00-00 00:00:00', 0, 0),
(180, 'BOTTLE FOR SOLUTIONS 2000 ML', 1, 4, 'No', '2019-05-11 00:00:00', 4, '0000-00-00 00:00:00', 0, 0),
(181, 'BOTTLES FOR SOLUTIONS 1000 ML', 1, 4, 'No', '2019-05-11 00:00:00', 4, '0000-00-00 00:00:00', 0, 0),
(182, 'BOTTLES FOR SOLUTIONS 500 ML', 1, 4, 'No', '2019-05-11 00:00:00', 4, '0000-00-00 00:00:00', 0, 0),
(183, 'BOTTOM DRIVEN CENTRFUGE', 1, 4, 'No', '2019-05-11 00:00:00', 4, '0000-00-00 00:00:00', 0, 0),
(184, 'BOURDON TUBE (C-TYPE) PRESSURE GAUGE', 1, 4, 'No', '2019-05-11 00:00:00', 4, '0000-00-00 00:00:00', 0, 0),
(185, 'BOX SPANNER', 1, 4, 'No', '2019-05-11 00:00:00', 4, '0000-00-00 00:00:00', 0, 0),
(186, 'Box spanner 7 6-25 mm 7 of 8 with Tommy bar.', 1, 7, 'No', '2019-05-11 00:00:00', 4, '0000-00-00 00:00:00', 0, 0),
(187, 'BRADAWL (POCKER)', 1, 4, 'No', '2019-05-11 00:00:00', 4, '0000-00-00 00:00:00', 0, 0),
(188, 'BRADWAL  (POCKER),150 MM', 1, 4, 'No', '2019-05-11 00:00:00', 4, '0000-00-00 00:00:00', 0, 0),
(189, 'BRADWAL (POCKER),100MM', 1, 4, 'No', '2019-05-11 00:00:00', 4, '0000-00-00 00:00:00', 0, 0),
(190, 'BRAKE TEST ARRANGEMENT WITH TWO SPRING  BALANCE 0 TO 25 KG RATING', 1, 4, 'No', '2019-05-11 00:00:00', 4, '0000-00-00 00:00:00', 0, 0),
(191, 'Bread Board', 1, 4, 'No', '2019-05-11 00:00:00', 4, '0000-00-00 00:00:00', 0, 0),
(192, 'BREAK TEST ARRENGMENT', 1, 4, 'No', '2019-05-11 00:00:00', 4, '0000-00-00 00:00:00', 0, 0),
(193, 'BREAK TEST ARRENGMENT WITH TO SPRING BALANCE,0 TO 25KG  RATING', 1, 4, 'No', '2019-05-11 00:00:00', 4, '0000-00-00 00:00:00', 0, 0),
(194, 'Broadband internet connection', 1, 4, 'No', '2019-05-11 00:00:00', 4, '0000-00-00 00:00:00', 0, 0),
(195, 'BUCKET ELEVATOR', 1, 4, 'No', '2019-05-11 00:00:00', 4, '0000-00-00 00:00:00', 0, 0),
(196, 'BURETTE CLAMP', 1, 4, 'No', '2019-05-11 00:00:00', 4, '0000-00-00 00:00:00', 0, 0),
(197, 'BURETTES 25 ML BOROFLOW', 1, 4, 'No', '2019-05-11 00:00:00', 4, '0000-00-00 00:00:00', 0, 0),
(198, 'BUS', 1, 4, 'No', '2019-05-11 00:00:00', 4, '0000-00-00 00:00:00', 0, 0),
(199, 'BUSEN BURNERS', 1, 4, 'No', '2019-05-11 00:00:00', 4, '0000-00-00 00:00:00', 0, 0),
(200, 'C - CLAMP 200MM, 150 MM & 100MM', 1, 4, 'No', '2019-05-11 00:00:00', 4, '0000-00-00 00:00:00', 0, 0),
(201, 'C.N.C. MACHINE ', 1, 4, 'No', '2019-05-11 00:00:00', 4, '0000-00-00 00:00:00', 0, 0),
(202, 'C.T , 400/5A , 15VA', 1, 4, 'No', '2019-05-11 00:00:00', 4, '0000-00-00 00:00:00', 0, 0),
(203, 'Cabinets (old cpu)', 1, 4, 'No', '2019-05-11 00:00:00', 4, '0000-00-00 00:00:00', 0, 0),
(204, 'Cable modem', 1, 4, 'No', '2019-05-11 00:00:00', 4, '0000-00-00 00:00:00', 0, 0),
(205, 'Cable Transmission System (Disk Tv)', 1, 4, 'No', '2019-05-11 00:00:00', 4, '0000-00-00 00:00:00', 0, 0),
(206, 'Cable TV (Tata Sky Receiver System )', 1, 4, 'No', '2019-05-11 00:00:00', 4, '0000-00-00 00:00:00', 0, 0),
(207, 'Cable TV Amplifier', 1, 4, 'No', '2019-05-11 00:00:00', 4, '0000-00-00 00:00:00', 0, 0),
(208, 'CALCULATER ', 1, 4, 'No', '2019-05-11 00:00:00', 4, '0000-00-00 00:00:00', 0, 0),
(209, 'CALCULATOR - SCIENTIFIC', 1, 4, 'No', '2019-05-11 00:00:00', 4, '0000-00-00 00:00:00', 0, 0),
(210, 'CALIPER - INSIDE SPRING - 150 MM', 1, 4, 'No', '2019-05-11 00:00:00', 4, '0000-00-00 00:00:00', 0, 0),
(211, 'Caliper inside 15 cm Spring', 1, 4, 'No', '2019-05-11 00:00:00', 4, '0000-00-00 00:00:00', 0, 0),
(212, 'Calipers outside 15 cm spring', 1, 4, 'No', '2019-05-11 00:00:00', 4, '0000-00-00 00:00:00', 0, 0),
(213, 'CALORIMETER FOR DETERMINING JOULE''S MECHANICAL EQUIVALENT OF HEAT BY ELECTRIC METHOD', 1, 4, 'No', '2019-05-11 00:00:00', 4, '0000-00-00 00:00:00', 0, 0),
(214, 'CAMBER, CASTER, KING PIN GAUGE', 1, 4, 'No', '2019-05-11 00:00:00', 4, '0000-00-00 00:00:00', 0, 0),
(215, 'CAMERA', 1, 4, 'No', '2019-05-11 00:00:00', 4, '0000-00-00 00:00:00', 0, 0),
(216, 'CAMERA(6 MM, 3.6 MM)', 1, 4, 'No', '2019-05-11 00:00:00', 4, '0000-00-00 00:00:00', 0, 0),
(217, 'CAPACITANCE LEVEL INDICATOR', 1, 4, 'No', '2019-05-11 00:00:00', 4, '0000-00-00 00:00:00', 0, 0),
(218, 'Capacitance Meter Digital', 1, 4, 'No', '2019-05-11 00:00:00', 4, '0000-00-00 00:00:00', 0, 0),
(219, 'capacitor microphone (23") with table mic stand', 1, 4, 'No', '2019-05-11 00:00:00', 4, '0000-00-00 00:00:00', 0, 0),
(220, 'CAPSULE TYPE PRESSURE GAUGE', 1, 4, 'No', '2019-05-11 00:00:00', 4, '0000-00-00 00:00:00', 0, 0),
(221, 'Car Jet washer with standard accessories', 1, 4, 'No', '2019-05-11 00:00:00', 4, '0000-00-00 00:00:00', 0, 0),
(222, 'Car Stereo Player', 1, 4, 'No', '2019-05-11 00:00:00', 4, '0000-00-00 00:00:00', 0, 0),
(223, 'Carbide Wear Block 1mm -2mm.', 1, 4, 'No', '2019-05-11 00:00:00', 4, '0000-00-00 00:00:00', 0, 0),
(224, 'Carburetor ? Solex, Mikuny for dismantling and assembling', 1, 4, 'No', '2019-05-11 00:00:00', 4, '0000-00-00 00:00:00', 0, 0),
(225, 'Carburetor repair tool kit', 1, 4, 'No', '2019-05-11 00:00:00', 4, '0000-00-00 00:00:00', 0, 0),
(226, 'card file', 1, 4, 'No', '2019-05-11 00:00:00', 4, '0000-00-00 00:00:00', 0, 0),
(227, 'Card Reader', 1, 4, 'No', '2019-05-11 00:00:00', 4, '0000-00-00 00:00:00', 0, 0),
(228, 'C-Clamps 10 cm and 15 cm ', 1, 4, 'No', '2019-05-11 00:00:00', 4, '0000-00-00 00:00:00', 0, 0),
(229, 'CCTV Camera', 1, 4, 'No', '2019-05-11 00:00:00', 4, '0000-00-00 00:00:00', 0, 0),
(230, 'CD Writer', 1, 4, 'No', '2019-05-11 00:00:00', 4, '0000-00-00 00:00:00', 0, 0),
(231, 'CEILLING FAN', 1, 4, 'No', '2019-05-11 00:00:00', 4, '0000-00-00 00:00:00', 0, 0),
(232, 'Cell Phone Receiver (hand7 with 9001999660 sim)', 1, 4, 'No', '2019-05-11 00:00:00', 4, '0000-00-00 00:00:00', 0, 0),
(233, 'CELLING FAN ,60 WATT', 1, 4, 'No', '2019-05-11 00:00:00', 4, '0000-00-00 00:00:00', 0, 0),
(234, 'center punch', 1, 4, 'No', '2019-05-11 00:00:00', 4, '0000-00-00 00:00:00', 0, 0),
(235, 'Center Punch 10 mm. Dia. x 100 mm.', 1, 4, 'No', '2019-05-11 00:00:00', 4, '0000-00-00 00:00:00', 0, 0),
(236, 'Centre punch 10cm', 1, 4, 'No', '2019-05-11 00:00:00', 4, '0000-00-00 00:00:00', 0, 0),
(237, 'Centre punch 9 mm x 127 mm   ', 1, 4, 'No', '2019-05-11 00:00:00', 4, '0000-00-00 00:00:00', 0, 0),
(238, 'centrifugal clutch assembly.', 1, 4, 'No', '2019-05-11 00:00:00', 4, '0000-00-00 00:00:00', 0, 0),
(239, 'CENTRIFUGAL PUMP', 1, 4, 'No', '2019-05-11 00:00:00', 4, '0000-00-00 00:00:00', 0, 0),
(240, 'CENTRIFUGAL PUMP TEST RIG', 1, 4, 'No', '2019-05-11 00:00:00', 4, '0000-00-00 00:00:00', 0, 0),
(241, 'Chain Pulley Block-3 ton capacity', 1, 4, 'No', '2019-05-11 00:00:00', 4, '0000-00-00 00:00:00', 0, 0),
(242, 'Chair and table for the instructor', 1, 7, 'No', '2019-05-11 00:00:00', 4, '0000-00-00 00:00:00', 0, 0),
(243, 'CHEST OF DRAWER 8 DRAWERS (STANDARD)', 1, 4, 'No', '2019-05-11 00:00:00', 4, '0000-00-00 00:00:00', 0, 0),
(244, 'Chipping hammer ', 1, 4, 'No', '2019-05-11 00:00:00', 4, '0000-00-00 00:00:00', 0, 0),
(245, 'CHISEL - COLD - CROSS CUT - 9 MM X 150 MM', 1, 4, 'No', '2019-05-11 00:00:00', 4, '0000-00-00 00:00:00', 0, 0),
(246, 'CHISEL - COLD - FLAT - 20 MM X 150 MM', 1, 4, 'No', '2019-05-11 00:00:00', 4, '0000-00-00 00:00:00', 0, 0),
(247, 'Chisel 10 cm flat', 1, 4, 'No', '2019-05-11 00:00:00', 4, '0000-00-00 00:00:00', 0, 0),
(248, 'CHISEL 25 MM AND 6 MM', 1, 4, 'No', '2019-05-11 00:00:00', 4, '0000-00-00 00:00:00', 0, 0),
(249, 'CHISEL CILD FLAT , 25mm', 1, 4, 'No', '2019-05-11 00:00:00', 4, '0000-00-00 00:00:00', 0, 0),
(250, 'CHISEL COLD ,12MM*140MM', 1, 4, 'No', '2019-05-11 00:00:00', 4, '0000-00-00 00:00:00', 0, 0),
(251, 'CHISEL COLD ,20MM*140MM', 1, 4, 'No', '2019-05-11 00:00:00', 4, '0000-00-00 00:00:00', 0, 0),
(252, 'CHISEL COLD ,8MM*180MM', 1, 4, 'No', '2019-05-11 00:00:00', 4, '0000-00-00 00:00:00', 0, 0),
(253, 'Chisel cold 19 mm flat', 1, 4, 'No', '2019-05-11 00:00:00', 4, '0000-00-00 00:00:00', 0, 0),
(254, 'Chisel cold 9 mm cross cut 9 mm diamond.', 1, 4, 'No', '2019-05-11 00:00:00', 4, '0000-00-00 00:00:00', 0, 0),
(255, 'Chisel cold 9mm round 4ze .', 1, 4, 'No', '2019-05-11 00:00:00', 4, '0000-00-00 00:00:00', 0, 0),
(256, 'CHISEL COLD FIRMER 25 MM X 200 MM', 1, 4, 'No', '2019-05-11 00:00:00', 4, '0000-00-00 00:00:00', 0, 0),
(257, 'Chisel cold flat 10cm', 1, 4, 'No', '2019-05-11 00:00:00', 4, '0000-00-00 00:00:00', 0, 0),
(258, 'CHISEL COLD FLAT 12 MM', 1, 4, 'No', '2019-05-11 00:00:00', 4, '0000-00-00 00:00:00', 0, 0),
(259, 'Chisel cold flat 19 mm x 150 mm ', 1, 4, 'No', '2019-05-11 00:00:00', 4, '0000-00-00 00:00:00', 0, 0),
(260, 'chisel wood (10mm)', 1, 4, 'No', '2019-05-11 00:00:00', 4, '0000-00-00 00:00:00', 0, 0),
(261, 'chisel wood (15mm)', 1, 4, 'No', '2019-05-11 00:00:00', 4, '0000-00-00 00:00:00', 0, 0),
(262, 'chisel wood (25mm)', 1, 4, 'No', '2019-05-11 00:00:00', 4, '0000-00-00 00:00:00', 0, 0),
(263, 'chisel wood (50mm)', 1, 4, 'No', '2019-05-11 00:00:00', 4, '0000-00-00 00:00:00', 0, 0),
(264, 'Chisels cross cut 200 mm X 6mm', 1, 4, 'No', '2019-05-11 00:00:00', 4, '0000-00-00 00:00:00', 0, 0),
(265, 'Circlip pliers Expanding and contracting type 15cm and 20cm each', 1, 4, 'No', '2019-05-11 00:00:00', 4, '0000-00-00 00:00:00', 0, 0),
(266, 'CIRCUIT BREAKER', 1, 4, 'No', '2019-05-11 00:00:00', 4, '0000-00-00 00:00:00', 0, 0),
(267, 'Clamp "C" 10 cm', 1, 4, 'No', '2019-05-11 00:00:00', 4, '0000-00-00 00:00:00', 0, 0),
(268, 'Clamp "C" 5 cm', 1, 4, 'No', '2019-05-11 00:00:00', 4, '0000-00-00 00:00:00', 0, 0),
(269, 'CLAMP HOLDERS', 1, 4, 'No', '2019-05-11 00:00:00', 4, '0000-00-00 00:00:00', 0, 0),
(270, 'clamp meter digital', 1, 4, 'No', '2019-05-11 00:00:00', 4, '0000-00-00 00:00:00', 0, 0),
(271, 'Clamp toolmaker 5 cm and  7.5 cm 7 of 2.', 1, 4, 'No', '2019-05-11 00:00:00', 4, '0000-00-00 00:00:00', 0, 0),
(272, 'Cleaning liquid (500ml)', 1, 4, 'No', '2019-05-11 00:00:00', 4, '0000-00-00 00:00:00', 0, 0),
(273, 'Cleaning tray 45x30 cm.', 1, 4, 'No', '2019-05-11 00:00:00', 4, '0000-00-00 00:00:00', 0, 0),
(274, 'Cliper outside 15 cm spring', 1, 4, 'No', '2019-05-11 00:00:00', 4, '0000-00-00 00:00:00', 0, 0),
(275, 'Clipper 15cm hermaphrodite', 1, 4, 'No', '2019-05-11 00:00:00', 4, '0000-00-00 00:00:00', 0, 0),
(276, 'CO2 cylinder', 1, 4, 'No', '2019-05-11 00:00:00', 4, '0000-00-00 00:00:00', 0, 0),
(277, 'CO2 Gas pressure regulator with flow meter ', 1, 4, 'No', '2019-05-11 00:00:00', 4, '0000-00-00 00:00:00', 0, 0),
(278, 'Coil spring compressor for suspension spring', 1, 4, 'No', '2019-05-11 00:00:00', 4, '0000-00-00 00:00:00', 0, 0),
(279, 'coil winding M/C (manual)', 1, 4, 'No', '2019-05-11 00:00:00', 4, '0000-00-00 00:00:00', 0, 0),
(280, 'COLD CHISEL , 20MM ', 1, 4, 'No', '2019-05-11 00:00:00', 4, '0000-00-00 00:00:00', 0, 0),
(281, 'COLD CHISEL , 25MM', 1, 4, 'No', '2019-05-11 00:00:00', 4, '0000-00-00 00:00:00', 0, 0),
(282, 'Cold chisel 15?150 mm', 1, 4, 'No', '2019-05-11 00:00:00', 4, '0000-00-00 00:00:00', 0, 0),
(283, 'Cold chisel 20?200 mm', 1, 4, 'No', '2019-05-11 00:00:00', 4, '0000-00-00 00:00:00', 0, 0),
(284, 'Cold 7 rodded 25x20mm ', 1, 4, 'No', '2019-05-11 00:00:00', 4, '0000-00-00 00:00:00', 0, 0),
(285, 'Color Tv 7 (Different Type)', 1, 4, 'No', '2019-05-11 00:00:00', 4, '0000-00-00 00:00:00', 0, 0),
(286, 'colour tv SMPS section trainer ', 1, 4, 'No', '2019-05-11 00:00:00', 4, '0000-00-00 00:00:00', 0, 0),
(287, 'colum speaker', 1, 4, 'No', '2019-05-11 00:00:00', 4, '0000-00-00 00:00:00', 0, 0),
(288, 'COMBINATION PLIER', 1, 4, 'No', '2019-05-11 00:00:00', 4, '0000-00-00 00:00:00', 0, 0),
(289, 'Combination 7 30cm.', 1, 7, 'No', '2019-05-11 00:00:00', 4, '0000-00-00 00:00:00', 0, 0),
(290, 'COMMON EFFLUENT TRATMENT PLANT LABORATARY SIZE', 1, 4, 'No', '2019-05-11 00:00:00', 4, '0000-00-00 00:00:00', 0, 0),
(291, 'Comparators stand with dial indicator LC o.o1mm.', 1, 4, 'No', '2019-05-11 00:00:00', 4, '0000-00-00 00:00:00', 0, 0),
(292, 'Compression testing gauge suitable for diesel Engine with standard accessories', 1, 4, 'No', '2019-05-11 00:00:00', 4, '0000-00-00 00:00:00', 0, 0),
(293, 'COMPUTER ', 1, 4, 'No', '2019-05-11 00:00:00', 4, '0000-00-00 00:00:00', 0, 0),
(294, 'Computer Chair', 1, 4, 'No', '2019-05-11 00:00:00', 4, '0000-00-00 00:00:00', 0, 0),
(295, 'computer in assemble form ', 1, 4, 'No', '2019-05-11 00:00:00', 4, '0000-00-00 00:00:00', 0, 0),
(296, 'COMPUTER LATEST VERSION COMPATIBLE FOR RUNNING CAD SOFT WARE PRELOADED WITH WINDOWS AND 20'''' COLOUR ', 1, 4, 'No', '2019-05-11 00:00:00', 4, '0000-00-00 00:00:00', 0, 0),
(297, 'Computer spares (old cpu spares )', 1, 4, 'No', '2019-05-11 00:00:00', 4, '0000-00-00 00:00:00', 0, 0),
(298, 'COMPUTER STOOL', 1, 4, 'No', '2019-05-11 00:00:00', 4, '0000-00-00 00:00:00', 0, 0),
(299, 'COMPUTER TABLE', 1, 4, 'No', '2019-05-11 00:00:00', 4, '0000-00-00 00:00:00', 0, 0),
(300, 'Computer toolkit (11 in 1 screw driver 7)', 1, 4, 'No', '2019-05-11 00:00:00', 4, '0000-00-00 00:00:00', 0, 0),
(301, 'CONDENSER FOR DIISTILLATION LEBIG 30 CM LONG', 1, 4, 'No', '2019-05-11 00:00:00', 4, '0000-00-00 00:00:00', 0, 0),
(302, 'CONECTOR 3 PHASE 440 V 10 AMP', 1, 4, 'No', '2019-05-11 00:00:00', 4, '0000-00-00 00:00:00', 0, 0),
(303, 'CONECTOR 3 PHASE 440 V 32 AMP ', 1, 4, 'No', '2019-05-11 00:00:00', 4, '0000-00-00 00:00:00', 0, 0),
(304, 'CONICAL FLASK - 250 ML', 1, 4, 'No', '2019-05-11 00:00:00', 4, '0000-00-00 00:00:00', 0, 0),
(305, 'CONICAL FLASK - 500 ML', 1, 4, 'No', '2019-05-11 00:00:00', 4, '0000-00-00 00:00:00', 0, 0),
(306, 'Connecting rod alignment fixture', 1, 4, 'No', '2019-05-11 00:00:00', 4, '0000-00-00 00:00:00', 0, 0),
(307, 'CONNECTOR SCREW DRIVER150MM', 1, 4, 'No', '2019-05-11 00:00:00', 4, '0000-00-00 00:00:00', 0, 0),
(308, 'Constant Mesh Gear box with stand for Dismantling and assembly.', 1, 4, 'No', '2019-05-11 00:00:00', 4, '0000-00-00 00:00:00', 0, 0),
(309, 'CONTACTOR & AUXILIARY CONTACTS,3-PHASE, 440V, 32A (RAW MAT)', 1, 4, 'No', '2019-05-11 00:00:00', 4, '0000-00-00 00:00:00', 0, 0),
(310, 'CONTACTOR AND AUXILIARY CONTACTS 3 OHASE, 440 VOLTS, 32 AMP', 1, 4, 'No', '2019-05-11 00:00:00', 4, '0000-00-00 00:00:00', 0, 0),
(311, 'CONTACTOR& AUXILIARY CONTACTS,3-PHASE,440V, 16A (RAW MAT.)', 1, 4, 'No', '2019-05-11 00:00:00', 4, '0000-00-00 00:00:00', 0, 0),
(312, 'Continuity Tester', 1, 4, 'No', '2019-05-11 00:00:00', 4, '0000-00-00 00:00:00', 0, 0),
(313, 'COOLER  ', 1, 4, 'No', '2019-05-11 00:00:00', 4, '0000-00-00 00:00:00', 0, 0),
(314, 'COOLING TOWER', 1, 4, 'No', '2019-05-11 00:00:00', 4, '0000-00-00 00:00:00', 0, 0),
(315, 'COPPER BIT SOLDERING IRON 0.25 KG', 1, 4, 'No', '2019-05-11 00:00:00', 4, '0000-00-00 00:00:00', 0, 0),
(316, 'Cordless', 1, 4, 'No', '2019-05-11 00:00:00', 4, '0000-00-00 00:00:00', 0, 0),
(317, 'Cotton hand Gloves 8?', 1, 7, 'No', '2019-05-11 00:00:00', 4, '0000-00-00 00:00:00', 0, 0),
(318, 'CRIMPING TOOL', 1, 4, 'No', '2019-05-11 00:00:00', 4, '0000-00-00 00:00:00', 0, 0),
(319, 'CRIMPING TOOL, 16mm', 1, 4, 'No', '2019-05-11 00:00:00', 4, '0000-00-00 00:00:00', 0, 0),
(320, 'CRIMPING TOOL, 6mm', 1, 4, 'No', '2019-05-11 00:00:00', 4, '0000-00-00 00:00:00', 0, 0),
(321, 'CRO dual trace 20 MHz (component testing facilities)', 1, 4, 'No', '2019-05-11 00:00:00', 4, '0000-00-00 00:00:00', 0, 0),
(322, 'CRO single trace 10 Mhz (without component testing facility)', 1, 4, 'No', '2019-05-11 00:00:00', 4, '0000-00-00 00:00:00', 0, 0),
(323, 'CRO trainer kit', 1, 4, 'No', '2019-05-11 00:00:00', 4, '0000-00-00 00:00:00', 0, 0),
(324, 'Cupboard (big) ', 1, 4, 'No', '2019-05-11 00:00:00', 4, '0000-00-00 00:00:00', 0, 0),
(325, 'CURRENT TRANSFORMER 415 V , 50HZ, CT RATIO 150/5 AMP, 5 VA', 1, 4, 'No', '2019-05-11 00:00:00', 4, '0000-00-00 00:00:00', 0, 0),
(326, 'CURRENT TRANSFORMER,415V,50HZ CT. 15/5A', 1, 4, 'No', '2019-05-11 00:00:00', 4, '0000-00-00 00:00:00', 0, 0),
(327, 'CUT MODEL OF DIFFERENT TYPES PUMPS', 1, 4, 'No', '2019-05-11 00:00:00', 4, '0000-00-00 00:00:00', 0, 0),
(328, 'CUT MODELS', 1, 4, 'No', '2019-05-11 00:00:00', 4, '0000-00-00 00:00:00', 0, 0),
(329, 'CUT OF MACHINE', 1, 4, 'No', '2019-05-11 00:00:00', 4, '0000-00-00 00:00:00', 0, 0),
(330, 'CUT OUT RELAY OVER  CURRENT, 3V/100AMP', 1, 4, 'No', '2019-05-11 00:00:00', 4, '0000-00-00 00:00:00', 0, 0),
(331, 'CUT OUT RELAY REVERSE CURRENT OVER CURRENT UNDER VOLTAGE', 1, 7, 'No', '2019-05-11 00:00:00', 4, '0000-00-00 00:00:00', 0, 0),
(332, 'CUT OUT RELAY REVERSE CURRENT, 7AMP 250V AC 10A 125V DC', 1, 4, 'No', '2019-05-11 00:00:00', 4, '0000-00-00 00:00:00', 0, 0),
(333, 'Cut section Model of Mock layout of a motor car ?electrical system working model', 1, 4, 'No', '2019-05-11 00:00:00', 4, '0000-00-00 00:00:00', 0, 0),
(334, 'Cut section models of shock absorbers', 1, 4, 'No', '2019-05-11 00:00:00', 4, '0000-00-00 00:00:00', 0, 0),
(335, 'Cut section of cross ply and radial tyres', 1, 4, 'No', '2019-05-11 00:00:00', 4, '0000-00-00 00:00:00', 0, 0),
(336, 'CYCLONE SEPARATOR AND WATER SCRUBBER', 1, 4, 'No', '2019-05-11 00:00:00', 4, '0000-00-00 00:00:00', 0, 0),
(337, 'Cylinder bore gauge capacity 20 to 160 mm', 1, 4, 'No', '2019-05-11 00:00:00', 4, '0000-00-00 00:00:00', 0, 0),
(338, 'CYLINDER KEY', 1, 4, 'No', '2019-05-11 00:00:00', 4, '0000-00-00 00:00:00', 0, 0),
(339, 'Cylinder liner- Dry & wet liner, press fit & slidefit liner', 1, 4, 'No', '2019-05-11 00:00:00', 4, '0000-00-00 00:00:00', 0, 0),
(340, 'D. AUTO T/F STARTER,3 PHASE, 440 VOLT', 1, 4, 'No', '2019-05-11 00:00:00', 4, '0000-00-00 00:00:00', 0, 0),
(341, 'D.C  SHUNT GENERATOR WITH CONTROL PANNEL, 2.5 KW', 1, 4, 'No', '2019-05-11 00:00:00', 4, '0000-00-00 00:00:00', 0, 0),
(342, 'D.C Arc welding  rectifiers 7 with all accessories  (400 A. OCV  60 ? 100 V, 60% duty cycle )', 1, 7, 'No', '2019-05-11 00:00:00', 4, '0000-00-00 00:00:00', 0, 0),
(343, 'D.C COMPOUND GENERATOR,2.5 KW', 1, 4, 'No', '2019-05-11 00:00:00', 4, '0000-00-00 00:00:00', 0, 0),
(344, 'D.C COPMPOUND MOTOR, 2 KW', 1, 4, 'No', '2019-05-11 00:00:00', 4, '0000-00-00 00:00:00', 0, 0),
(345, 'D.C GENRATOR  SERIES SHORT  COMPOUND FOR OVER  HAULING PRACTICE', 1, 7, 'No', '2019-05-11 00:00:00', 4, '0000-00-00 00:00:00', 0, 0),
(346, 'D.C SHORT MOTOR,2 KW', 1, 4, 'No', '2019-05-11 00:00:00', 4, '0000-00-00 00:00:00', 0, 0),
(347, 'D.C. COMPOUND GENERATOR ,2.5 KW 220V D.C.', 1, 4, 'No', '2019-05-11 00:00:00', 4, '0000-00-00 00:00:00', 0, 0),
(348, 'D.C. MILI AMMETER,0-1000(MC TYPE)', 1, 4, 'No', '2019-05-11 00:00:00', 4, '0000-00-00 00:00:00', 0, 0),
(349, 'D.C. MILLI AMMETER 0-500MA', 1, 4, 'No', '2019-05-11 00:00:00', 4, '0000-00-00 00:00:00', 0, 0),
(350, 'D.C. POWER SUPPLY 0-30 V,2 AMP', 1, 4, 'No', '2019-05-11 00:00:00', 4, '0000-00-00 00:00:00', 0, 0),
(351, 'D.C. POWER SUPPLY,0-100V SAMP', 1, 4, 'No', '2019-05-11 00:00:00', 4, '0000-00-00 00:00:00', 0, 0),
(352, 'D.C. SHUNT GENERATOR WITH CONTRO PANNEL,2.5 KW 220V0 DC', 1, 4, 'No', '2019-05-11 00:00:00', 4, '0000-00-00 00:00:00', 0, 0),
(353, 'D.E. METRIC  SCANNER', 1, 4, 'No', '2019-05-11 00:00:00', 4, '0000-00-00 00:00:00', 0, 0),
(354, 'D.E. pedestal Grinding machine with 200mm diameter wheels rough and smooth with twist drill grinding', 1, 4, 'No', '2019-05-11 00:00:00', 4, '0000-00-00 00:00:00', 0, 0),
(355, 'D.V.D. ', 1, 4, 'No', '2019-05-11 00:00:00', 4, '0000-00-00 00:00:00', 0, 0),
(356, 'DC MILI A METER 0-500MA', 1, 4, 'No', '2019-05-11 00:00:00', 4, '0000-00-00 00:00:00', 0, 0),
(357, 'DC motor', 1, 4, 'No', '2019-05-11 00:00:00', 4, '0000-00-00 00:00:00', 0, 0),
(358, 'DC POWER SUPPLY , 100 VOLT', 1, 4, 'No', '2019-05-11 00:00:00', 4, '0000-00-00 00:00:00', 0, 0),
(359, 'DC POWER SUPPLY , 30 VOLT', 1, 4, 'No', '2019-05-11 00:00:00', 4, '0000-00-00 00:00:00', 0, 0),
(360, 'Dc Regiulated power supply', 1, 4, 'No', '2019-05-11 00:00:00', 4, '0000-00-00 00:00:00', 0, 0),
(361, 'DC regulated variable power supply (0-24V/1Amp) make VPL', 1, 4, 'No', '2019-05-11 00:00:00', 4, '0000-00-00 00:00:00', 0, 0),
(362, 'DC regulated variable power supply (0-30V/5Amp) ', 1, 4, 'No', '2019-05-11 00:00:00', 4, '0000-00-00 00:00:00', 0, 0),
(363, 'Dc Servo Motor ', 1, 4, 'No', '2019-05-11 00:00:00', 4, '0000-00-00 00:00:00', 0, 0),
(364, 'DCS KIT', 1, 4, 'No', '2019-05-11 00:00:00', 4, '0000-00-00 00:00:00', 0, 0),
(365, 'DE METRIC SPENNER', 1, 7, 'No', '2019-05-11 00:00:00', 4, '0000-00-00 00:00:00', 0, 0),
(366, 'DE SOLDERING  GUN', 1, 4, 'No', '2019-05-11 00:00:00', 4, '0000-00-00 00:00:00', 0, 0),
(367, 'Depth micrometer 0-25mm.0.01mm', 1, 4, 'No', '2019-05-11 00:00:00', 4, '0000-00-00 00:00:00', 0, 0),
(368, 'DESCREAT  COMPOUND TRAINER', 1, 4, 'No', '2019-05-11 00:00:00', 4, '0000-00-00 00:00:00', 0, 0),
(369, 'Desk Jet Printer (Colour)', 1, 4, 'No', '2019-05-11 00:00:00', 4, '0000-00-00 00:00:00', 0, 0),
(370, 'Desktop computer and related MS office software', 1, 4, 'No', '2019-05-11 00:00:00', 4, '0000-00-00 00:00:00', 0, 0),
(371, 'DESOLDERING GUN', 1, 4, 'No', '2019-05-11 00:00:00', 4, '0000-00-00 00:00:00', 0, 0),
(372, 'DESOLDERING GUN,ELECTRIC TYPE', 1, 4, 'No', '2019-05-11 00:00:00', 4, '0000-00-00 00:00:00', 0, 0),
(373, 'DESOLDERING GUN,PUMP TYPE', 1, 4, 'No', '2019-05-11 00:00:00', 4, '0000-00-00 00:00:00', 0, 0),
(374, 'Desoldering pump', 1, 4, 'No', '2019-05-11 00:00:00', 4, '0000-00-00 00:00:00', 0, 0),
(375, 'Dial gauge type 1 Gr. A (complete with clamping devices and with magnetic  stand)', 1, 4, 'No', '2019-05-11 00:00:00', 4, '0000-00-00 00:00:00', 0, 0),
(376, 'Dial test indicator .01mm on stand ', 1, 4, 'No', '2019-05-11 00:00:00', 4, '0000-00-00 00:00:00', 0, 0),
(377, 'Dial vernier caliper 0-200mm LCO 0.05mm (universal type)', 1, 4, 'No', '2019-05-11 00:00:00', 4, '0000-00-00 00:00:00', 0, 0),
(378, 'Diaphragm clutch assembly.', 1, 4, 'No', '2019-05-11 00:00:00', 4, '0000-00-00 00:00:00', 0, 0),
(379, 'DICUSSION TABLE / WORKING TABLE - L:W:H - 8:4:3: FEET HEAVY WOODEN TOP', 1, 4, 'No', '2019-05-11 00:00:00', 4, '0000-00-00 00:00:00', 0, 0),
(380, 'DIE & STOCK ,6.1. & CONDUIT', 1, 7, 'No', '2019-05-11 00:00:00', 4, '0000-00-00 00:00:00', 0, 0),
(381, 'Diesel Engine ? CRDI - 4 stroke Engine Assembly with fault  simulation board', 1, 4, 'No', '2019-05-11 00:00:00', 4, '0000-00-00 00:00:00', 0, 0),
(382, 'Diesel engine ( Running condition ) Stationary type', 1, 4, 'No', '2019-05-11 00:00:00', 4, '0000-00-00 00:00:00', 0, 0),
(383, 'die-7', 1, 4, 'No', '2019-05-11 00:00:00', 4, '0000-00-00 00:00:00', 0, 0),
(384, 'Different Expansion Cards', 1, 4, 'No', '2019-05-11 00:00:00', 4, '0000-00-00 00:00:00', 0, 0),
(385, 'Different type of Engine Bearing model', 1, 7, 'No', '2019-05-11 00:00:00', 4, '0000-00-00 00:00:00', 0, 0),
(386, 'Different type of piston model', 1, 4, 'No', '2019-05-11 00:00:00', 4, '0000-00-00 00:00:00', 0, 0),
(387, 'DIFFERENT TYPES OF PIPE FITTINGS', 1, 4, 'No', '2019-05-11 00:00:00', 4, '0000-00-00 00:00:00', 0, 0),
(388, 'DIFFERENTIAL', 1, 4, 'No', '2019-05-11 00:00:00', 4, '0000-00-00 00:00:00', 0, 0),
(389, 'DIGITAL  MULTI METER,DC MEASURE ', 1, 4, 'No', '2019-05-11 00:00:00', 4, '0000-00-00 00:00:00', 0, 0),
(390, 'digital & analog bread board trainer (make VPL)', 1, 4, 'No', '2019-05-11 00:00:00', 4, '0000-00-00 00:00:00', 0, 0),
(391, 'digital & analog bread board trainer (salicon)', 1, 4, 'No', '2019-05-11 00:00:00', 4, '0000-00-00 00:00:00', 0, 0),
(392, 'digital & analog bread board trainer (scientech)', 1, 4, 'No', '2019-05-11 00:00:00', 4, '0000-00-00 00:00:00', 0, 0),
(393, 'Digital Camera ', 1, 4, 'No', '2019-05-11 00:00:00', 4, '0000-00-00 00:00:00', 0, 0),
(394, 'DIGITAL I.C TRAINER', 1, 4, 'No', '2019-05-11 00:00:00', 4, '0000-00-00 00:00:00', 0, 0),
(395, 'digital ic tester', 1, 4, 'No', '2019-05-11 00:00:00', 4, '0000-00-00 00:00:00', 0, 0),
(396, 'Digital IC Trainer Kit', 1, 4, 'No', '2019-05-11 00:00:00', 4, '0000-00-00 00:00:00', 0, 0),
(397, 'Digital ic trainer make OMEGA', 1, 4, 'No', '2019-05-11 00:00:00', 4, '0000-00-00 00:00:00', 0, 0),
(398, 'Digital ic trainer make VPL', 1, 4, 'No', '2019-05-11 00:00:00', 4, '0000-00-00 00:00:00', 0, 0),
(399, 'Digital micrometer 0-25mm .out side. L.C.0.001mm', 1, 4, 'No', '2019-05-11 00:00:00', 4, '0000-00-00 00:00:00', 0, 0),
(400, 'DIGITAL MULTI METER,AC  MEASURE ', 1, 4, 'No', '2019-05-11 00:00:00', 4, '0000-00-00 00:00:00', 0, 0),
(401, 'DIGITAL MULTIMETER', 1, 4, 'No', '2019-05-11 00:00:00', 4, '0000-00-00 00:00:00', 0, 0),
(402, 'Digital multimeter 4&1/2 Digit', 1, 4, 'No', '2019-05-11 00:00:00', 4, '0000-00-00 00:00:00', 0, 0),
(403, 'digital multimeter trainer', 1, 4, 'No', '2019-05-11 00:00:00', 4, '0000-00-00 00:00:00', 0, 0),
(404, 'Digital soldering station (50 watt) Signetic', 1, 4, 'No', '2019-05-11 00:00:00', 4, '0000-00-00 00:00:00', 0, 0),
(405, 'DIGITAL STOP WATCH 1/10 SECOND', 1, 4, 'No', '2019-05-11 00:00:00', 4, '0000-00-00 00:00:00', 0, 0),
(406, 'Digital to analog convertor', 1, 4, 'No', '2019-05-11 00:00:00', 4, '0000-00-00 00:00:00', 0, 0),
(407, 'Digital vernier caliper 0-150mm .L.C.0.001mm(Optional)', 1, 4, 'No', '2019-05-11 00:00:00', 4, '0000-00-00 00:00:00', 0, 0),
(408, 'DIGITAL VISCOMETER', 1, 4, 'No', '2019-05-11 00:00:00', 4, '0000-00-00 00:00:00', 0, 0),
(409, 'DIGITAL WATCH', 1, 4, 'No', '2019-05-11 00:00:00', 4, '0000-00-00 00:00:00', 0, 0),
(410, 'Digital Web Cam', 1, 4, 'No', '2019-05-11 00:00:00', 4, '0000-00-00 00:00:00', 0, 0),
(411, 'DIRECT ONLINE STARTER', 1, 4, 'No', '2019-05-11 00:00:00', 4, '0000-00-00 00:00:00', 0, 0),
(412, 'DIRECT ONLINE STARTER, 3 PHASE, 440 VOLT', 1, 4, 'No', '2019-05-11 00:00:00', 4, '0000-00-00 00:00:00', 0, 0),
(413, 'DISCREATE COMPONENT TRAINER', 1, 4, 'No', '2019-05-11 00:00:00', 4, '0000-00-00 00:00:00', 0, 0),
(414, 'Discrete Component Trainer / Basic Electronics Trainer', 1, 4, 'No', '2019-05-11 00:00:00', 4, '0000-00-00 00:00:00', 0, 0),
(415, 'Discussion Table 8? x 4? x 2? ?', 1, 4, 'No', '2019-05-11 00:00:00', 4, '0000-00-00 00:00:00', 0, 0),
(416, 'Dish Receiver (Tata sky)', 1, 4, 'No', '2019-05-11 00:00:00', 4, '0000-00-00 00:00:00', 0, 0),
(417, 'Disk brake with caliper assembly (ifs)', 1, 4, 'No', '2019-05-11 00:00:00', 4, '0000-00-00 00:00:00', 0, 0),
(418, 'DISTILLED WATER STILL 10 LITRES', 1, 4, 'No', '2019-05-11 00:00:00', 4, '0000-00-00 00:00:00', 0, 0),
(419, 'distortion meter', 1, 4, 'No', '2019-05-11 00:00:00', 4, '0000-00-00 00:00:00', 0, 0),
(420, 'Distributor ?Duel advance type, reluctance type', 1, 4, 'No', '2019-05-11 00:00:00', 4, '0000-00-00 00:00:00', 0, 0),
(421, 'Distributor fuel rotary pump (DPC) pumps ', 1, 4, 'No', '2019-05-11 00:00:00', 4, '0000-00-00 00:00:00', 0, 0),
(422, 'Divider 15cm spring ', 1, 4, 'No', '2019-05-11 00:00:00', 4, '0000-00-00 00:00:00', 0, 0),
(423, 'DIVIDER SPRING TYPE - 150 MM', 1, 4, 'No', '2019-05-11 00:00:00', 4, '0000-00-00 00:00:00', 0, 0),
(424, 'Dividers 200 mm', 1, 4, 'No', '2019-05-11 00:00:00', 4, '0000-00-00 00:00:00', 0, 0),
(425, 'D-link crimping tool (plier)', 1, 4, 'No', '2019-05-11 00:00:00', 4, '0000-00-00 00:00:00', 0, 0),
(426, 'DOL starter 3 Phase (Millborn)', 1, 4, 'No', '2019-05-11 00:00:00', 4, '0000-00-00 00:00:00', 0, 0),
(427, 'Dot slot punch 10cm.', 1, 4, 'No', '2019-05-11 00:00:00', 4, '0000-00-00 00:00:00', 0, 0),
(428, 'DOUBLE ENDED SPANNER 7 METRIC 6*7 TO 30 * 32', 1, 4, 'No', '2019-05-11 00:00:00', 4, '0000-00-00 00:00:00', 0, 0),
(429, 'DOUBLE PIPE HEAT EXCHANGER', 1, 4, 'No', '2019-05-11 00:00:00', 4, '0000-00-00 00:00:00', 0, 0),
(430, 'DRAUGHTSMAN DRAWING INSTRUMENT BOX', 1, 4, 'No', '2019-05-11 00:00:00', 4, '0000-00-00 00:00:00', 0, 0),
(431, 'DRAUGHTSMAN STOOL', 1, 4, 'No', '2019-05-11 00:00:00', 4, '0000-00-00 00:00:00', 0, 0),
(432, 'DRAUGHTSMAN TABLE', 1, 4, 'No', '2019-05-11 00:00:00', 4, '0000-00-00 00:00:00', 0, 0),
(433, 'DRAWING BOARD (700 MM X 500 MM) IS . 1444', 1, 4, 'No', '2019-05-11 00:00:00', 4, '0000-00-00 00:00:00', 0, 0),
(434, 'Drift Punch Copper 15 Cm', 1, 4, 'No', '2019-05-11 00:00:00', 4, '0000-00-00 00:00:00', 0, 0),
(435, 'DRILL  S.S TWIST BOLCK', 1, 7, 'No', '2019-05-11 00:00:00', 4, '0000-00-00 00:00:00', 0, 0),
(436, 'Drill chuck 12mm', 1, 4, 'No', '2019-05-11 00:00:00', 4, '0000-00-00 00:00:00', 0, 0),
(437, 'DRILL HAND  BRACE', 1, 4, 'No', '2019-05-11 00:00:00', 4, '0000-00-00 00:00:00', 0, 0),
(438, 'DRILL HAND BRACE', 1, 4, 'No', '2019-05-11 00:00:00', 4, '0000-00-00 00:00:00', 0, 0),
(439, 'DRILL S.S. TWIST ', 1, 7, 'No', '2019-05-11 00:00:00', 4, '0000-00-00 00:00:00', 0, 0),
(440, 'Drill twist 1.5 mm to 15 mm (various sizes) by 0.5 mm', 1, 4, 'No', '2019-05-11 00:00:00', 4, '0000-00-00 00:00:00', 0, 0),
(441, 'DRILL TWIST 7 - STRAIGHT SHANK - 3 MM TO 13 MM RY 0.5 MM', 1, 4, 'No', '2019-05-11 00:00:00', 4, '0000-00-00 00:00:00', 0, 0),
(442, 'DRILL TWIST 7 - TAPPER SHANK 12 TO 25 MM', 1, 4, 'No', '2019-05-11 00:00:00', 4, '0000-00-00 00:00:00', 0, 0),
(443, 'Drill twist straight shank 1.5 to12mm by 0.5mm', 1, 7, 'No', '2019-05-11 00:00:00', 4, '0000-00-00 00:00:00', 0, 0),
(444, 'Drill twist straight shank 8mmto15mm by1/2mm', 1, 7, 'No', '2019-05-11 00:00:00', 4, '0000-00-00 00:00:00', 0, 0),
(445, 'Drill twist straight shank 8mmto15mm by1/2mm', 1, 7, 'No', '2019-05-11 00:00:00', 4, '0000-00-00 00:00:00', 0, 0),
(446, 'Drill twist Taper shank 12mm to 25mm *1.5.', 1, 7, 'No', '2019-05-11 00:00:00', 4, '0000-00-00 00:00:00', 0, 0),
(447, 'DRILLING MACHINE - BENCH TYPE - 13 MM MOTORIZED WITH STANDARD ACCESSORIES', 1, 4, 'No', '2019-05-11 00:00:00', 4, '0000-00-00 00:00:00', 0, 0),
(448, 'Drilling machine bench to drill up to 12mm dia along with accessories', 1, 4, 'No', '2019-05-11 00:00:00', 4, '0000-00-00 00:00:00', 0, 0),
(449, 'Drilling Machine Electric', 1, 4, 'No', '2019-05-11 00:00:00', 4, '0000-00-00 00:00:00', 0, 0),
(450, 'Drilling machine pillar sensitive 0-20mm cap with swivel', 1, 4, 'No', '2019-05-11 00:00:00', 4, '0000-00-00 00:00:00', 0, 0),
(451, 'Drilling machine pillar sensitive 0-20mm cap with swivel table motorised with chuck & key.', 1, 4, 'No', '2019-05-11 00:00:00', 4, '0000-00-00 00:00:00', 0, 0),
(452, 'Drilling mechine bench sen sitive 0-12mm cap motorised ', 1, 4, 'No', '2019-05-11 00:00:00', 4, '0000-00-00 00:00:00', 0, 0),
(453, 'Drilling mechine bench sen sitive 0-12mm cap motorised with  chuck and key.', 1, 4, 'No', '2019-05-11 00:00:00', 4, '0000-00-00 00:00:00', 0, 0),
(454, 'DRIVING SIMULATOR', 1, 4, 'No', '2019-05-11 00:00:00', 4, '0000-00-00 00:00:00', 0, 0),
(455, 'DRUM - 100 LITERS ( OPTIONAL)', 1, 4, 'No', '2019-05-11 00:00:00', 4, '0000-00-00 00:00:00', 0, 0),
(456, 'Drum brake assembly', 1, 4, 'No', '2019-05-11 00:00:00', 4, '0000-00-00 00:00:00', 0, 0),
(457, 'DSO (colour) 2 channel (60 MHz)', 1, 4, 'No', '2019-05-11 00:00:00', 4, '0000-00-00 00:00:00', 0, 0),
(458, 'Dual dc regulated power supply (30-0-30V/2Amps) make VPL', 1, 4, 'No', '2019-05-11 00:00:00', 4, '0000-00-00 00:00:00', 0, 0),
(459, 'Dual Desk or Chair\nand Tables for Trainees', 1, 4, 'No', '2019-05-11 00:00:00', 4, '0000-00-00 00:00:00', 0, 0),
(460, 'Dual Magnetization Yoke : AC / HWDC, 230 VAC, 50Hz', 1, 4, 'No', '2019-05-11 00:00:00', 4, '0000-00-00 00:00:00', 0, 0),
(461, 'DUST BIN - 50 LITRES (OPTIONAL)', 1, 4, 'No', '2019-05-11 00:00:00', 4, '0000-00-00 00:00:00', 0, 0),
(462, 'DVD or Blu-Ray\nWriter', 1, 4, 'No', '2019-05-11 00:00:00', 4, '0000-00-00 00:00:00', 0, 0),
(463, 'DVD PLAYER', 1, 4, 'No', '2019-05-11 00:00:00', 4, '0000-00-00 00:00:00', 0, 0),
(464, 'E Commerce Simulation\nSoftware', 1, 4, 'No', '2019-05-11 00:00:00', 4, '0000-00-00 00:00:00', 0, 0),
(465, 'EAR PLUG', 1, 4, 'No', '2019-05-11 00:00:00', 4, '0000-00-00 00:00:00', 0, 0),
(466, 'Earth clamp  600A', 1, 4, 'No', '2019-05-11 00:00:00', 4, '0000-00-00 00:00:00', 0, 0),
(467, 'Earth clamps .', 1, 4, 'No', '2019-05-11 00:00:00', 4, '0000-00-00 00:00:00', 0, 0),
(468, 'EHT (probe) 1-1000v', 1, 4, 'No', '2019-05-11 00:00:00', 4, '0000-00-00 00:00:00', 0, 0),
(469, 'electric bell', 1, 4, 'No', '2019-05-11 00:00:00', 4, '0000-00-00 00:00:00', 0, 0);
INSERT INTO `row_materials` (`id`, `name`, `row_material_category_id`, `unit_id`, `reuseable`, `created_on`, `created_by`, `edited_on`, `edited_by`, `is_deleted`) VALUES
(470, 'ELECTRIC BLOWER HAND', 1, 4, 'No', '2019-05-11 00:00:00', 4, '0000-00-00 00:00:00', 0, 0),
(471, 'ELECTRIC FURNESS ', 1, 4, 'No', '2019-05-11 00:00:00', 4, '0000-00-00 00:00:00', 0, 0),
(472, 'ELECTRIC HOT PLATE , 2000 WATT', 1, 4, 'No', '2019-05-11 00:00:00', 4, '0000-00-00 00:00:00', 0, 0),
(473, 'ELECTRIC HOT PLATE,1500 WATT', 1, 4, 'No', '2019-05-11 00:00:00', 4, '0000-00-00 00:00:00', 0, 0),
(474, 'electric iron', 1, 4, 'No', '2019-05-11 00:00:00', 4, '0000-00-00 00:00:00', 0, 0),
(475, 'ELECTRIC IRON, 750 WATT', 1, 4, 'No', '2019-05-11 00:00:00', 4, '0000-00-00 00:00:00', 0, 0),
(476, 'ELECTRIC IRON,1500 WATT', 1, 4, 'No', '2019-05-11 00:00:00', 4, '0000-00-00 00:00:00', 0, 0),
(477, 'electric kettle', 1, 4, 'No', '2019-05-11 00:00:00', 4, '0000-00-00 00:00:00', 0, 0),
(478, 'ELECTRIC KETTLE, 2400 WATT', 1, 4, 'No', '2019-05-11 00:00:00', 4, '0000-00-00 00:00:00', 0, 0),
(479, 'ELECTRIC KETTLE,1500 WATT', 1, 4, 'No', '2019-05-11 00:00:00', 4, '0000-00-00 00:00:00', 0, 0),
(480, 'ELECTRIC MACHINE TRAINER', 1, 4, 'No', '2019-05-11 00:00:00', 4, '0000-00-00 00:00:00', 0, 0),
(481, 'ELECTRIC PANEL', 1, 4, 'No', '2019-05-11 00:00:00', 4, '0000-00-00 00:00:00', 0, 0),
(482, 'Electric Soldering Iron 230 V 60 watts 230 V 25 watts', 1, 4, 'No', '2019-05-11 00:00:00', 4, '0000-00-00 00:00:00', 0, 0),
(483, 'Electric testing screw driver', 1, 4, 'No', '2019-05-11 00:00:00', 4, '0000-00-00 00:00:00', 0, 0),
(484, 'ELECTRICAL MACHINE  TRAINER', 1, 4, 'No', '2019-05-11 00:00:00', 4, '0000-00-00 00:00:00', 0, 0),
(485, 'ELECTRICIAN  CONNECTOR, SCREW DRIVER INSULATED HANDLE THIN STEM, 100 M.M.', 1, 4, 'No', '2019-05-11 00:00:00', 4, '0000-00-00 00:00:00', 0, 0),
(486, 'ELECTRICIAN CONNECTOR, SCREW  DR IVER INSULATED HANDLE THIN STEM, 250M.M.', 1, 4, 'No', '2019-05-11 00:00:00', 4, '0000-00-00 00:00:00', 0, 0),
(487, 'Electrician knife 100 mm', 1, 4, 'No', '2019-05-11 00:00:00', 4, '0000-00-00 00:00:00', 0, 0),
(488, 'ELECTRICIAN KNIFE, SINGLE BLADE', 1, 4, 'No', '2019-05-11 00:00:00', 4, '0000-00-00 00:00:00', 0, 0),
(489, 'ELECTRICIAN KNIFE,DOUBLE BLADE', 1, 4, 'No', '2019-05-11 00:00:00', 4, '0000-00-00 00:00:00', 0, 0),
(490, 'Electrician Screw Driver 250mm', 1, 4, 'No', '2019-05-11 00:00:00', 4, '0000-00-00 00:00:00', 0, 0),
(491, 'ELECTRICIAN SCREW DRIVER THIN STEM INSLUTED HANDLE, 250MM', 1, 4, 'No', '2019-05-11 00:00:00', 4, '0000-00-00 00:00:00', 0, 0),
(492, 'ELECTRICIAN SCREW DRIVER THIN STEM INSLUTED HANDLE, 300MM', 1, 4, 'No', '2019-05-11 00:00:00', 4, '0000-00-00 00:00:00', 0, 0),
(493, 'ELECTRICIAN SCREW DRIVER THIN STEM INSLUTED HANDLE,200MM', 1, 4, 'No', '2019-05-11 00:00:00', 4, '0000-00-00 00:00:00', 0, 0),
(494, 'Electrode  holder 600 amps   ', 1, 4, 'No', '2019-05-11 00:00:00', 4, '0000-00-00 00:00:00', 0, 0),
(495, 'Eleectrician knife', 1, 4, 'No', '2019-05-11 00:00:00', 4, '0000-00-00 00:00:00', 0, 0),
(496, 'Engineer '' s try square (knife-edge ) 150mm blade  ', 1, 4, 'No', '2019-05-11 00:00:00', 4, '0000-00-00 00:00:00', 0, 0),
(497, 'Engineer?s square 15 cm. Blade', 1, 4, 'No', '2019-05-11 00:00:00', 4, '0000-00-00 00:00:00', 0, 0),
(498, 'Engineers stethoscope', 1, 4, 'No', '2019-05-11 00:00:00', 4, '0000-00-00 00:00:00', 0, 0),
(499, 'EPROM kit ', 1, 4, 'No', '2019-05-11 00:00:00', 4, '0000-00-00 00:00:00', 0, 0),
(500, 'Eprom Programmer', 1, 4, 'No', '2019-05-11 00:00:00', 4, '0000-00-00 00:00:00', 0, 0),
(501, 'EVAPORATING DISH - 50 ML', 1, 4, 'No', '2019-05-11 00:00:00', 4, '0000-00-00 00:00:00', 0, 0),
(502, 'Executive Auto Electrical tool kit', 1, 4, 'No', '2019-05-11 00:00:00', 4, '0000-00-00 00:00:00', 0, 0),
(503, 'EXHAST FAN', 1, 4, 'No', '2019-05-11 00:00:00', 4, '0000-00-00 00:00:00', 0, 0),
(504, 'External DVD Writer', 1, 4, 'No', '2019-05-11 00:00:00', 4, '0000-00-00 00:00:00', 0, 0),
(505, 'External Hard Disk', 1, 4, 'No', '2019-05-11 00:00:00', 4, '0000-00-00 00:00:00', 0, 0),
(506, 'EXTERNAL STORAGE DEVICE (16GB)', 1, 4, 'No', '2019-05-11 00:00:00', 4, '0000-00-00 00:00:00', 0, 0),
(507, 'FAN', 1, 4, 'No', '2019-05-11 00:00:00', 4, '0000-00-00 00:00:00', 0, 0),
(508, 'FAN WINDING MACHINE', 1, 4, 'No', '2019-05-11 00:00:00', 4, '0000-00-00 00:00:00', 0, 0),
(509, 'Fax M/c', 1, 4, 'No', '2019-05-11 00:00:00', 4, '0000-00-00 00:00:00', 0, 0),
(510, 'feeler gauge', 1, 4, 'No', '2019-05-11 00:00:00', 4, '0000-00-00 00:00:00', 0, 0),
(511, 'feeler gauge 10 blade', 1, 7, 'No', '2019-05-11 00:00:00', 4, '0000-00-00 00:00:00', 0, 0),
(512, 'Feeler gauge 20 blades (metric)', 1, 4, 'No', '2019-05-11 00:00:00', 4, '0000-00-00 00:00:00', 0, 0),
(513, 'Fiber optic  trainer', 1, 4, 'No', '2019-05-11 00:00:00', 4, '0000-00-00 00:00:00', 0, 0),
(514, 'Field Strenght Digital Meter (Portable)', 1, 4, 'No', '2019-05-11 00:00:00', 4, '0000-00-00 00:00:00', 0, 0),
(515, 'File', 1, 4, 'No', '2019-05-11 00:00:00', 4, '0000-00-00 00:00:00', 0, 0),
(516, 'FILE - FLAT - BASTARD - 250 MM', 1, 4, 'No', '2019-05-11 00:00:00', 4, '0000-00-00 00:00:00', 0, 0),
(517, 'FILE - FLAT - SECOOND CUT - 250MM ', 1, 4, 'No', '2019-05-11 00:00:00', 4, '0000-00-00 00:00:00', 0, 0),
(518, 'FILE - HALF ROUND - SECONDCUT - 250 MM', 1, 4, 'No', '2019-05-11 00:00:00', 4, '0000-00-00 00:00:00', 0, 0),
(519, 'FILE - ROUNG - SMOOTH - 250 MM', 1, 4, 'No', '2019-05-11 00:00:00', 4, '0000-00-00 00:00:00', 0, 0),
(520, 'FILE - TRIANGULAR - SMOOTH - 150 MM', 1, 4, 'No', '2019-05-11 00:00:00', 4, '0000-00-00 00:00:00', 0, 0),
(521, 'FILE , FLAT SMOOTH - 250 MM', 1, 4, 'No', '2019-05-11 00:00:00', 4, '0000-00-00 00:00:00', 0, 0),
(522, 'FILE , SQUARE - SECOND CUT - 200 MM', 1, 4, 'No', '2019-05-11 00:00:00', 4, '0000-00-00 00:00:00', 0, 0),
(523, 'File cut saw 15 cm smooth', 1, 4, 'No', '2019-05-11 00:00:00', 4, '0000-00-00 00:00:00', 0, 0),
(524, 'File feather edge15 cm smooth ', 1, 4, 'No', '2019-05-11 00:00:00', 4, '0000-00-00 00:00:00', 0, 0),
(525, 'FILE FLAT 150MM ROUGH', 1, 4, 'No', '2019-05-11 00:00:00', 4, '0000-00-00 00:00:00', 0, 0),
(526, 'File flat 20 cm bastard', 1, 4, 'No', '2019-05-11 00:00:00', 4, '0000-00-00 00:00:00', 0, 0),
(527, 'FILE FLAT 200MM 2ND CUT', 1, 4, 'No', '2019-05-11 00:00:00', 4, '0000-00-00 00:00:00', 0, 0),
(528, 'FILE FLAT 200MM 2ND CUT, 200mm', 1, 4, 'No', '2019-05-11 00:00:00', 4, '0000-00-00 00:00:00', 0, 0),
(529, 'FILE FLAT 250MM BASTARD', 1, 4, 'No', '2019-05-11 00:00:00', 4, '0000-00-00 00:00:00', 0, 0),
(530, 'FILE FLAT 250MM SMOOTH', 1, 4, 'No', '2019-05-11 00:00:00', 4, '0000-00-00 00:00:00', 0, 0),
(531, 'File flat 25cm. Second cut', 1, 4, 'No', '2019-05-11 00:00:00', 4, '0000-00-00 00:00:00', 0, 0),
(532, 'File flat 30 cm bastard.', 1, 4, 'No', '2019-05-11 00:00:00', 4, '0000-00-00 00:00:00', 0, 0),
(533, 'File flat 30 cm second cut', 1, 4, 'No', '2019-05-11 00:00:00', 4, '0000-00-00 00:00:00', 0, 0),
(534, 'File flat 350 mm bastard ', 1, 4, 'No', '2019-05-11 00:00:00', 4, '0000-00-00 00:00:00', 0, 0),
(535, 'FILE FLAT BASTARED ,250mm', 1, 4, 'No', '2019-05-11 00:00:00', 4, '0000-00-00 00:00:00', 0, 0),
(536, 'file flat basterd 15cm without handle', 1, 4, 'No', '2019-05-11 00:00:00', 4, '0000-00-00 00:00:00', 0, 0),
(537, 'FILE FLAT ROUGH , 150 MM', 1, 4, 'No', '2019-05-11 00:00:00', 4, '0000-00-00 00:00:00', 0, 0),
(538, 'FILE FLAT ROUGH ,250 MM', 1, 4, 'No', '2019-05-11 00:00:00', 4, '0000-00-00 00:00:00', 0, 0),
(539, 'FILE FLAT SMOOTH, 250mm', 1, 4, 'No', '2019-05-11 00:00:00', 4, '0000-00-00 00:00:00', 0, 0),
(540, 'FILE FLAT,150MM,2ND CUT', 1, 4, 'No', '2019-05-11 00:00:00', 4, '0000-00-00 00:00:00', 0, 0),
(541, 'FILE FLAT,200MM 2ND CUT ', 1, 4, 'No', '2019-05-11 00:00:00', 4, '0000-00-00 00:00:00', 0, 0),
(542, 'FILE FLAT,250MM  SMOOTH', 1, 4, 'No', '2019-05-11 00:00:00', 4, '0000-00-00 00:00:00', 0, 0),
(543, 'FILE FLAT,250MM BASTARD ', 1, 4, 'No', '2019-05-11 00:00:00', 4, '0000-00-00 00:00:00', 0, 0),
(544, 'File flate bastard 150 mm ', 1, 4, 'No', '2019-05-11 00:00:00', 4, '0000-00-00 00:00:00', 0, 0),
(545, 'File flate bastard 250 mm ', 1, 4, 'No', '2019-05-11 00:00:00', 4, '0000-00-00 00:00:00', 0, 0),
(546, 'File flate second cut 200mm ', 1, 4, 'No', '2019-05-11 00:00:00', 4, '0000-00-00 00:00:00', 0, 0),
(547, 'File flate second cut 250mm ', 1, 4, 'No', '2019-05-11 00:00:00', 4, '0000-00-00 00:00:00', 0, 0),
(548, 'File flate smooth 200 mm ', 1, 4, 'No', '2019-05-11 00:00:00', 4, '0000-00-00 00:00:00', 0, 0),
(549, 'FILE HALF ROUND 200MM  SINGLE CUT, 200 MM', 1, 4, 'No', '2019-05-11 00:00:00', 4, '0000-00-00 00:00:00', 0, 0),
(550, 'FILE HALF ROUND 200MM 2ND CUT', 1, 4, 'No', '2019-05-11 00:00:00', 4, '0000-00-00 00:00:00', 0, 0),
(551, 'file half round 25 cm bastard', 1, 4, 'No', '2019-05-11 00:00:00', 4, '0000-00-00 00:00:00', 0, 0),
(552, 'file half round 25 cm second cut', 1, 4, 'No', '2019-05-11 00:00:00', 4, '0000-00-00 00:00:00', 0, 0),
(553, 'File half round bastard 300 mm ', 1, 4, 'No', '2019-05-11 00:00:00', 4, '0000-00-00 00:00:00', 0, 0),
(554, 'file half round basterd 200mm ( with handle )', 1, 4, 'No', '2019-05-11 00:00:00', 4, '0000-00-00 00:00:00', 0, 0),
(555, 'File half round second cut 15cm.', 1, 4, 'No', '2019-05-11 00:00:00', 4, '0000-00-00 00:00:00', 0, 0),
(556, 'file half round second cut 200mm ( with handle )', 1, 4, 'No', '2019-05-11 00:00:00', 4, '0000-00-00 00:00:00', 0, 0),
(557, 'FILE HALF ROUND,200MM 2ND  CUT ', 1, 4, 'No', '2019-05-11 00:00:00', 4, '0000-00-00 00:00:00', 0, 0),
(558, 'FILE HALF ROUNDBASTARD, 200 MM', 1, 4, 'No', '2019-05-11 00:00:00', 4, '0000-00-00 00:00:00', 0, 0),
(559, 'FILE HALF ROUNDBASTARD, 250 MM', 1, 4, 'No', '2019-05-11 00:00:00', 4, '0000-00-00 00:00:00', 0, 0),
(560, 'file hand 15 cm second cut ', 1, 4, 'No', '2019-05-11 00:00:00', 4, '0000-00-00 00:00:00', 0, 0),
(561, 'File knife edge 15cm smooth', 1, 4, 'No', '2019-05-11 00:00:00', 4, '0000-00-00 00:00:00', 0, 0),
(562, 'FILE RASP HALF  ROUND,200MM BASTARD ', 1, 4, 'No', '2019-05-11 00:00:00', 4, '0000-00-00 00:00:00', 0, 0),
(563, 'FILE RASP, HALF ROUND 250MM BASTARD', 1, 4, 'No', '2019-05-11 00:00:00', 4, '0000-00-00 00:00:00', 0, 0),
(564, 'File round 20 cm second cut', 1, 4, 'No', '2019-05-11 00:00:00', 4, '0000-00-00 00:00:00', 0, 0),
(565, 'FILE ROUND 200 MM 2 ND CUT , 200 mm', 1, 4, 'No', '2019-05-11 00:00:00', 4, '0000-00-00 00:00:00', 0, 0),
(566, 'file round 200mm (with handle)', 1, 4, 'No', '2019-05-11 00:00:00', 4, '0000-00-00 00:00:00', 0, 0),
(567, 'FILE ROUND 200MM 2ND', 1, 4, 'No', '2019-05-11 00:00:00', 4, '0000-00-00 00:00:00', 0, 0),
(568, 'file round 30 cm bastard', 1, 4, 'No', '2019-05-11 00:00:00', 4, '0000-00-00 00:00:00', 0, 0),
(569, 'FILE ROUND,200MM 2ND  CUT', 1, 4, 'No', '2019-05-11 00:00:00', 4, '0000-00-00 00:00:00', 0, 0),
(570, 'File square 15 cm second cut ', 1, 4, 'No', '2019-05-11 00:00:00', 4, '0000-00-00 00:00:00', 0, 0),
(571, 'File square 25 cm second cut ', 1, 4, 'No', '2019-05-11 00:00:00', 4, '0000-00-00 00:00:00', 0, 0),
(572, 'file swiss type neeedle 7 of 12.', 1, 7, 'No', '2019-05-11 00:00:00', 4, '0000-00-00 00:00:00', 0, 0),
(573, 'File triangular 15 cm smooth', 1, 4, 'No', '2019-05-11 00:00:00', 4, '0000-00-00 00:00:00', 0, 0),
(574, 'File triangular 20 cm second cut', 1, 4, 'No', '2019-05-11 00:00:00', 4, '0000-00-00 00:00:00', 0, 0),
(575, 'File warding 15cm smooth', 1, 4, 'No', '2019-05-11 00:00:00', 4, '0000-00-00 00:00:00', 0, 0),
(576, 'File, half round 20 cm second cut', 1, 4, 'No', '2019-05-11 00:00:00', 4, '0000-00-00 00:00:00', 0, 0),
(577, 'File, Square 20 cm second cut', 1, 4, 'No', '2019-05-11 00:00:00', 4, '0000-00-00 00:00:00', 0, 0),
(578, 'File, Square 30 cm round', 1, 4, 'No', '2019-05-11 00:00:00', 4, '0000-00-00 00:00:00', 0, 0),
(579, 'File, triangular 15 cm second cut', 1, 4, 'No', '2019-05-11 00:00:00', 4, '0000-00-00 00:00:00', 0, 0),
(580, 'Files assorted sizes and types including safe edge file (20 4)', 1, 7, 'No', '2019-05-11 00:00:00', 4, '0000-00-00 00:00:00', 0, 0),
(581, 'FILING JIG FOR ADJUSTING PISTON RING GAP', 1, 4, 'No', '2019-05-11 00:00:00', 4, '0000-00-00 00:00:00', 0, 0),
(582, 'FINAL CONTROL ELEMENT (CONTROL VALVES PNEUMATICALLY & ELECTRICALLY', 1, 4, 'No', '2019-05-11 00:00:00', 4, '0000-00-00 00:00:00', 0, 0),
(583, 'FIRE , EXTINGUISHERS (CO?)', 1, 4, 'No', '2019-05-11 00:00:00', 4, '0000-00-00 00:00:00', 0, 0),
(584, 'FIRE ALARM SYSTEM WITH SPRINKLER SYSTEM', 1, 4, 'No', '2019-05-11 00:00:00', 4, '0000-00-00 00:00:00', 0, 0),
(585, 'FIRE BLANKET', 1, 4, 'No', '2019-05-11 00:00:00', 4, '0000-00-00 00:00:00', 0, 0),
(586, 'FIRE BUCKETS', 1, 4, 'No', '2019-05-11 00:00:00', 4, '0000-00-00 00:00:00', 0, 0),
(587, 'FIRE EXTENGUISHER, CO2  2KG', 1, 4, 'No', '2019-05-11 00:00:00', 4, '0000-00-00 00:00:00', 0, 0),
(588, 'Fire Extinguisher', 1, 4, 'No', '2019-05-11 00:00:00', 4, '0000-00-00 00:00:00', 0, 0),
(589, 'Fire extinguisher(for 4 units)', 1, 4, 'No', '2019-05-11 00:00:00', 4, '0000-00-00 00:00:00', 0, 0),
(590, 'FIRE EXTINGUISHERS (DRY CHEMICAL POWDER)', 1, 4, 'No', '2019-05-11 00:00:00', 4, '0000-00-00 00:00:00', 0, 0),
(591, 'Fire fighting equipments', 1, 4, 'No', '2019-05-11 00:00:00', 4, '0000-00-00 00:00:00', 0, 0),
(592, 'FIRMER CHISEL, 6 MM  ', 1, 4, 'No', '2019-05-11 00:00:00', 4, '0000-00-00 00:00:00', 0, 0),
(593, 'FIRMER CHISEL, 8MM', 1, 4, 'No', '2019-05-11 00:00:00', 4, '0000-00-00 00:00:00', 0, 0),
(594, 'First Aid box ', 1, 9, 'No', '2019-05-11 00:00:00', 4, '0000-00-00 00:00:00', 0, 0),
(595, 'Fix oscillator ', 1, 4, 'No', '2019-05-11 00:00:00', 4, '0000-00-00 00:00:00', 0, 0),
(596, 'Flash back arrester (cylinder  mounted) ', 1, 4, 'No', '2019-05-11 00:00:00', 4, '0000-00-00 00:00:00', 0, 0),
(597, 'Flash back arrester (torch mounted) ', 1, 4, 'No', '2019-05-11 00:00:00', 4, '0000-00-00 00:00:00', 0, 0),
(598, 'FLASH POINT APPARATUS', 1, 4, 'No', '2019-05-11 00:00:00', 4, '0000-00-00 00:00:00', 0, 0),
(599, 'Flat File 25 cm second cut', 1, 4, 'No', '2019-05-11 00:00:00', 4, '0000-00-00 00:00:00', 0, 0),
(600, 'Flat File 35 cm bastard', 1, 4, 'No', '2019-05-11 00:00:00', 4, '0000-00-00 00:00:00', 0, 0),
(601, 'Flat Tongs 350 mm long', 1, 4, 'No', '2019-05-11 00:00:00', 4, '0000-00-00 00:00:00', 0, 0),
(602, 'Flate 4e plier 130 mm', 1, 4, 'No', '2019-05-11 00:00:00', 4, '0000-00-00 00:00:00', 0, 0),
(603, 'Flatters(rodded) 55 mm square.', 1, 4, 'No', '2019-05-11 00:00:00', 4, '0000-00-00 00:00:00', 0, 0),
(604, 'FLAX CHART ', 1, 4, 'No', '2019-05-11 00:00:00', 4, '0000-00-00 00:00:00', 0, 0),
(605, 'Fluke meter', 1, 4, 'No', '2019-05-11 00:00:00', 4, '0000-00-00 00:00:00', 0, 0),
(606, 'FORD', 1, 4, 'No', '2019-05-11 00:00:00', 4, '0000-00-00 00:00:00', 0, 0),
(607, 'Forge portable hand blower 38cm to 45cm .', 1, 4, 'No', '2019-05-11 00:00:00', 4, '0000-00-00 00:00:00', 0, 0),
(608, 'Four stroke petrol engine with CNG 7up-working condition', 1, 4, 'No', '2019-05-11 00:00:00', 4, '0000-00-00 00:00:00', 0, 0),
(609, 'FRENCH CURVES ( 7 OF 12 CELLULOID)', 1, 4, 'No', '2019-05-11 00:00:00', 4, '0000-00-00 00:00:00', 0, 0),
(610, 'FREQUENCY METER', 1, 4, 'No', '2019-05-11 00:00:00', 4, '0000-00-00 00:00:00', 0, 0),
(611, 'Frequency modulator and demodulator trainer kit', 1, 4, 'No', '2019-05-11 00:00:00', 4, '0000-00-00 00:00:00', 0, 0),
(612, 'Front axle ( Rzeeppa Joint)', 1, 4, 'No', '2019-05-11 00:00:00', 4, '0000-00-00 00:00:00', 0, 0),
(613, 'Front Loading Mechanism', 1, 4, 'No', '2019-05-11 00:00:00', 4, '0000-00-00 00:00:00', 0, 0),
(614, 'Fuel injection pump (Diesel) inline', 1, 4, 'No', '2019-05-11 00:00:00', 4, '0000-00-00 00:00:00', 0, 0),
(615, 'Full floating axle and semi-floating axle assembly', 1, 4, 'No', '2019-05-11 00:00:00', 4, '0000-00-00 00:00:00', 0, 0),
(616, 'Fuller top & bottom 6 mm 9mm(pair)', 1, 4, 'No', '2019-05-11 00:00:00', 4, '0000-00-00 00:00:00', 0, 0),
(617, 'FUNCTION GEGNERATOR 1 MHZ', 1, 4, 'No', '2019-05-11 00:00:00', 4, '0000-00-00 00:00:00', 0, 0),
(618, 'Function generator (0-100Mhz) RIGOL DG4102', 1, 4, 'No', '2019-05-11 00:00:00', 4, '0000-00-00 00:00:00', 0, 0),
(619, 'Function generator (0-10Mhz) VPL1643', 1, 4, 'No', '2019-05-11 00:00:00', 4, '0000-00-00 00:00:00', 0, 0),
(620, 'Function generator (0-1Mhz) scientech4060', 1, 4, 'No', '2019-05-11 00:00:00', 4, '0000-00-00 00:00:00', 0, 0),
(621, 'Function Generator (Am|Fm)', 1, 4, 'No', '2019-05-11 00:00:00', 4, '0000-00-00 00:00:00', 0, 0),
(622, 'function generator trainer kit (nvis-7102)', 1, 4, 'No', '2019-05-11 00:00:00', 4, '0000-00-00 00:00:00', 0, 0),
(623, 'FUNCTION GENERATOR,DIGITAL', 1, 4, 'No', '2019-05-11 00:00:00', 4, '0000-00-00 00:00:00', 0, 0),
(624, 'Functional/experiment model of different type of sensors.', 1, 4, 'No', '2019-05-11 00:00:00', 4, '0000-00-00 00:00:00', 0, 0),
(625, 'FUNNELS DIA 7.5 CMS', 1, 4, 'No', '2019-05-11 00:00:00', 4, '0000-00-00 00:00:00', 0, 0),
(626, 'Galva4meter (30-0-30)', 1, 4, 'No', '2019-05-11 00:00:00', 4, '0000-00-00 00:00:00', 0, 0),
(627, 'Garage stand', 1, 4, 'No', '2019-05-11 00:00:00', 4, '0000-00-00 00:00:00', 0, 0),
(628, 'GAS DETECTOR WITH AIR TIGHT CHAMBER', 1, 4, 'No', '2019-05-11 00:00:00', 4, '0000-00-00 00:00:00', 0, 0),
(629, 'Gas lighter .', 1, 4, 'No', '2019-05-11 00:00:00', 4, '0000-00-00 00:00:00', 0, 0),
(630, 'Gas welding Goggles  ', 1, 4, 'No', '2019-05-11 00:00:00', 4, '0000-00-00 00:00:00', 0, 0),
(631, 'Gas welding table with positioner', 1, 4, 'No', '2019-05-11 00:00:00', 4, '0000-00-00 00:00:00', 0, 0),
(632, 'Gauge imperial sheet.', 1, 4, 'No', '2019-05-11 00:00:00', 4, '0000-00-00 00:00:00', 0, 0),
(633, 'Gauge plug single 3 ended 5to 55 by 5mm .7 of 11 8.', 1, 7, 'No', '2019-05-11 00:00:00', 4, '0000-00-00 00:00:00', 0, 0),
(634, 'GAUGE SCREW PITCH - METRIC - 0.24 TO 6 MM', 1, 4, 'No', '2019-05-11 00:00:00', 4, '0000-00-00 00:00:00', 0, 0),
(635, 'Gauge snap Go and 4t 25to 50mm by 5mm .7 8.', 1, 8, 'No', '2019-05-11 00:00:00', 4, '0000-00-00 00:00:00', 0, 0),
(636, 'Gauge telescopic un to 150mm', 1, 4, 'No', '2019-05-11 00:00:00', 4, '0000-00-00 00:00:00', 0, 0),
(637, 'GAUGE WIRE IMPERIAL, 0-36 swg', 1, 4, 'No', '2019-05-11 00:00:00', 4, '0000-00-00 00:00:00', 0, 0),
(638, 'GAUGE WIRE IMPERIAL,1-36 SWG', 1, 4, 'No', '2019-05-11 00:00:00', 4, '0000-00-00 00:00:00', 0, 0),
(639, 'GAUGE WIRE WITHOUT ASBESTOS', 1, 4, 'No', '2019-05-11 00:00:00', 4, '0000-00-00 00:00:00', 0, 0),
(640, 'GAUGE, WIRE IMPERIAL', 1, 4, 'No', '2019-05-11 00:00:00', 4, '0000-00-00 00:00:00', 0, 0),
(641, 'GEAR BOX', 1, 4, 'No', '2019-05-11 00:00:00', 4, '0000-00-00 00:00:00', 0, 0),
(642, 'GEAR PUMP ', 1, 4, 'No', '2019-05-11 00:00:00', 4, '0000-00-00 00:00:00', 0, 0),
(643, 'GEAR PUMP TEST RIG', 1, 4, 'No', '2019-05-11 00:00:00', 4, '0000-00-00 00:00:00', 0, 0),
(644, 'GEYSEAR (STORAGE TYPE)15 LTR MINIMUM', 1, 4, 'No', '2019-05-11 00:00:00', 4, '0000-00-00 00:00:00', 0, 0),
(645, 'GEYSER, 25 LTR', 1, 4, 'No', '2019-05-11 00:00:00', 4, '0000-00-00 00:00:00', 0, 0),
(646, 'gimallet', 1, 4, 'No', '2019-05-11 00:00:00', 4, '0000-00-00 00:00:00', 0, 0),
(647, 'GIMLET , 12MM', 1, 4, 'No', '2019-05-11 00:00:00', 4, '0000-00-00 00:00:00', 0, 0),
(648, 'GIMLET , 6MM', 1, 4, 'No', '2019-05-11 00:00:00', 4, '0000-00-00 00:00:00', 0, 0),
(649, 'GIMLET ,8MM', 1, 4, 'No', '2019-05-11 00:00:00', 4, '0000-00-00 00:00:00', 0, 0),
(650, 'GIMLET,10MM ', 1, 4, 'No', '2019-05-11 00:00:00', 4, '0000-00-00 00:00:00', 0, 0),
(651, 'GIMP / IrfanView\nImage editor or equivalent', 1, 4, 'No', '2019-05-11 00:00:00', 4, '0000-00-00 00:00:00', 0, 0),
(652, 'Glass magnifying 7 cm', 1, 4, 'No', '2019-05-11 00:00:00', 4, '0000-00-00 00:00:00', 0, 0),
(653, 'GLASS TEST TUBES - 15 ML', 1, 4, 'No', '2019-05-11 00:00:00', 4, '0000-00-00 00:00:00', 0, 0),
(654, 'Gloves (Leather) .', 1, 4, 'No', '2019-05-11 00:00:00', 4, '0000-00-00 00:00:00', 0, 0),
(655, 'GMAW  welding machine 400A capacity with air cooled torch, Regulator, Gas pre-heater, Gas hose and  ', 1, 7, 'No', '2019-05-11 00:00:00', 4, '0000-00-00 00:00:00', 0, 0),
(656, 'Granite surface plate 1600 x 1000 with stand and cover', 1, 4, 'No', '2019-05-11 00:00:00', 4, '0000-00-00 00:00:00', 0, 0),
(657, 'GREASE GUN', 1, 4, 'No', '2019-05-11 00:00:00', 4, '0000-00-00 00:00:00', 0, 0),
(658, 'Grease Gun', 1, 4, 'No', '2019-05-11 00:00:00', 4, '0000-00-00 00:00:00', 0, 0),
(659, 'Grease Gun heavy duty trolley type 10 kg capciaty', 1, 4, 'No', '2019-05-11 00:00:00', 4, '0000-00-00 00:00:00', 0, 0),
(660, 'GREASE GUN,WITHOUT HANDLE', 1, 4, 'No', '2019-05-11 00:00:00', 4, '0000-00-00 00:00:00', 0, 0),
(661, 'GREEN BOARD', 1, 4, 'No', '2019-05-11 00:00:00', 4, '0000-00-00 00:00:00', 0, 0),
(662, 'Green board (164cm ? 123cm)', 1, 4, 'No', '2019-05-11 00:00:00', 4, '0000-00-00 00:00:00', 0, 0),
(663, 'Grinding machine (general purpose) D.E. pedestal with 300 mm dia wheels rough and smooth', 1, 4, 'No', '2019-05-11 00:00:00', 4, '0000-00-00 00:00:00', 0, 0),
(664, 'GROWLER', 1, 4, 'No', '2019-05-11 00:00:00', 4, '0000-00-00 00:00:00', 0, 0),
(665, 'GROWLER , 1 PHASE , 230 VOLT', 1, 4, 'No', '2019-05-11 00:00:00', 4, '0000-00-00 00:00:00', 0, 0),
(666, 'Guitar Amplifier', 1, 4, 'No', '2019-05-11 00:00:00', 4, '0000-00-00 00:00:00', 0, 0),
(667, 'GYPSY ENGINE PETROL', 1, 4, 'No', '2019-05-11 00:00:00', 4, '0000-00-00 00:00:00', 0, 0),
(668, 'H.D.P. DISTIL WATER BOTTLE', 1, 4, 'No', '2019-05-11 00:00:00', 4, '0000-00-00 00:00:00', 0, 0),
(669, 'H.P. Welding torch with  5 4zzles   ', 1, 4, 'No', '2019-05-11 00:00:00', 4, '0000-00-00 00:00:00', 0, 0),
(670, 'HACK SAW FRAME ADJUSTABLE,300mm', 1, 4, 'No', '2019-05-11 00:00:00', 4, '0000-00-00 00:00:00', 0, 0),
(671, 'HACKSAW  FRAME 200MM,300MM ADJUSTABLE', 1, 4, 'No', '2019-05-11 00:00:00', 4, '0000-00-00 00:00:00', 0, 0),
(672, 'HACKSAW FRAME - 1 - 300MM', 1, 4, 'No', '2019-05-11 00:00:00', 4, '0000-00-00 00:00:00', 0, 0),
(673, 'Hacksaw frame adjustable 20-30 cm', 1, 4, 'No', '2019-05-11 00:00:00', 4, '0000-00-00 00:00:00', 0, 0),
(674, 'Hacksaw frame 1 30cm.', 1, 4, 'No', '2019-05-11 00:00:00', 4, '0000-00-00 00:00:00', 0, 0),
(675, 'Hammer  Ball Peen  0.75 Kg', 1, 4, 'No', '2019-05-11 00:00:00', 4, '0000-00-00 00:00:00', 0, 0),
(676, 'Hammer ball peen  340gg. with handle', 1, 4, 'No', '2019-05-11 00:00:00', 4, '0000-00-00 00:00:00', 0, 0),
(677, 'Hammer ball peen  354kg. with handle', 1, 4, 'No', '2019-05-11 00:00:00', 4, '0000-00-00 00:00:00', 0, 0),
(678, 'hammer ball peen 220g.with handle', 1, 4, 'No', '2019-05-11 00:00:00', 4, '0000-00-00 00:00:00', 0, 0),
(679, 'HAMMER BALL PEEN WITH HANDLE, 200GM', 1, 4, 'No', '2019-05-11 00:00:00', 4, '0000-00-00 00:00:00', 0, 0),
(680, 'HAMMER BALL PEEN WITH HANDLE, 250GM', 1, 4, 'No', '2019-05-11 00:00:00', 4, '0000-00-00 00:00:00', 0, 0),
(681, 'HAMMER BALL PEEN WITH HANDLE, 500GM', 1, 4, 'No', '2019-05-11 00:00:00', 4, '0000-00-00 00:00:00', 0, 0),
(682, 'HAMMER BALL PEEN WITH HANDLE, 600GM', 1, 4, 'No', '2019-05-11 00:00:00', 4, '0000-00-00 00:00:00', 0, 0),
(683, 'HAMMER BALL PEEN WITH HANDLE, 800GM', 1, 4, 'No', '2019-05-11 00:00:00', 4, '0000-00-00 00:00:00', 0, 0),
(684, 'hammer ball peen150g.with handle', 1, 4, 'No', '2019-05-11 00:00:00', 4, '0000-00-00 00:00:00', 0, 0),
(685, 'Hammer copper 1 Kg with handle', 1, 4, 'No', '2019-05-11 00:00:00', 4, '0000-00-00 00:00:00', 0, 0),
(686, 'HAMMER CORSS PEEN WITH HANDLE, 200GM', 1, 4, 'No', '2019-05-11 00:00:00', 4, '0000-00-00 00:00:00', 0, 0),
(687, 'HAMMER CORSS PEEN WITHOUT HANDLE, 100GM  ', 1, 4, 'No', '2019-05-11 00:00:00', 4, '0000-00-00 00:00:00', 0, 0),
(688, 'HAMMER CORSS PEEN WITHOUT HANDLE, 200GM', 1, 4, 'No', '2019-05-11 00:00:00', 4, '0000-00-00 00:00:00', 0, 0),
(689, 'hammer cross pane', 1, 4, 'No', '2019-05-11 00:00:00', 4, '0000-00-00 00:00:00', 0, 0),
(690, 'HAMMER CROSS PEEN WITH HANDLE , 100GM', 1, 4, 'No', '2019-05-11 00:00:00', 4, '0000-00-00 00:00:00', 0, 0),
(691, 'HAMMER EXTRA CTOR TYPE 0.40 KG', 1, 4, 'No', '2019-05-11 00:00:00', 4, '0000-00-00 00:00:00', 0, 0),
(692, 'HAMMER EXTRACTOR TYPE WITH HANDLE,340GM ', 1, 4, 'No', '2019-05-11 00:00:00', 4, '0000-00-00 00:00:00', 0, 0),
(693, 'HAMMER EXTRACTOR TYPE WITHOUT HANDLE,340GM  ', 1, 4, 'No', '2019-05-11 00:00:00', 4, '0000-00-00 00:00:00', 0, 0),
(694, 'HAMMER EXTRACTOR TYPE, 340gm', 1, 4, 'No', '2019-05-11 00:00:00', 4, '0000-00-00 00:00:00', 0, 0),
(695, 'Hammer Mallet', 1, 4, 'No', '2019-05-11 00:00:00', 4, '0000-00-00 00:00:00', 0, 0),
(696, 'HAMMER MILL', 1, 4, 'No', '2019-05-11 00:00:00', 4, '0000-00-00 00:00:00', 0, 0),
(697, 'Hammer Plastic', 1, 4, 'No', '2019-05-11 00:00:00', 4, '0000-00-00 00:00:00', 0, 0),
(698, 'Hammer sledge double faced 4 kg ', 1, 4, 'No', '2019-05-11 00:00:00', 4, '0000-00-00 00:00:00', 0, 0),
(699, 'Hammer smith 2 Kg. with handle.', 1, 4, 'No', '2019-05-11 00:00:00', 4, '0000-00-00 00:00:00', 0, 0),
(700, 'HAMMER, BALL PEEN WITH HANDLE', 1, 4, 'No', '2019-05-11 00:00:00', 4, '0000-00-00 00:00:00', 0, 0),
(701, 'HAMMER, CROSS PEEN WITH HANDLE', 1, 4, 'No', '2019-05-11 00:00:00', 4, '0000-00-00 00:00:00', 0, 0),
(702, 'Hand  shearing machine  capacity ', 1, 4, 'No', '2019-05-11 00:00:00', 4, '0000-00-00 00:00:00', 0, 0),
(703, 'Hand brush', 1, 4, 'No', '2019-05-11 00:00:00', 4, '0000-00-00 00:00:00', 0, 0),
(704, 'HAND CUTTER STONE ', 1, 4, 'No', '2019-05-11 00:00:00', 4, '0000-00-00 00:00:00', 0, 0),
(705, 'HAND DRILL MACHINE', 1, 4, 'No', '2019-05-11 00:00:00', 4, '0000-00-00 00:00:00', 0, 0),
(706, 'Hand drill machine (polishing type)', 1, 4, 'No', '2019-05-11 00:00:00', 4, '0000-00-00 00:00:00', 0, 0),
(707, 'Hand drill machine (wodden type type)', 1, 4, 'No', '2019-05-11 00:00:00', 4, '0000-00-00 00:00:00', 0, 0),
(708, 'HAND DRILL MACHINE,6MM CAPACITY', 1, 4, 'No', '2019-05-11 00:00:00', 4, '0000-00-00 00:00:00', 0, 0),
(709, 'HAND GRINDER', 1, 4, 'No', '2019-05-11 00:00:00', 4, '0000-00-00 00:00:00', 0, 0),
(710, 'Hand hammer 1kg. With handle .', 1, 4, 'No', '2019-05-11 00:00:00', 4, '0000-00-00 00:00:00', 0, 0),
(711, 'hand operated bending break', 1, 4, 'No', '2019-05-11 00:00:00', 4, '0000-00-00 00:00:00', 0, 0),
(712, 'Hand operated crimping tool (i) for crimping up to 4mm and (ii) for crimping up to 10mm', 1, 4, 'No', '2019-05-11 00:00:00', 4, '0000-00-00 00:00:00', 0, 0),
(713, 'Hand Reamer adjustable cover max 9 , 12, 18mm - 7 of 3', 1, 7, 'No', '2019-05-11 00:00:00', 4, '0000-00-00 00:00:00', 0, 0),
(714, 'Hand Reamer taper 4-9mm 7 of 6 OR 4-7 mm 7 of 4.', 1, 7, 'No', '2019-05-11 00:00:00', 4, '0000-00-00 00:00:00', 0, 0),
(715, 'Hand reamers adjustable 10.5 to 11.25 mm, 11.25 to 12.75 mm, 12.75\nto 14.25 mm and 14.25 to 15.75 mm', 1, 7, 'No', '2019-05-11 00:00:00', 4, '0000-00-00 00:00:00', 0, 0),
(716, 'Hand rubber gloves tested for 5000 V', 1, 10, 'No', '2019-05-11 00:00:00', 4, '0000-00-00 00:00:00', 0, 0),
(717, 'Hand Shear Universal 250mm', 1, 4, 'No', '2019-05-11 00:00:00', 4, '0000-00-00 00:00:00', 0, 0),
(718, 'Hand vice ? 37 mm', 1, 4, 'No', '2019-05-11 00:00:00', 4, '0000-00-00 00:00:00', 0, 0),
(719, 'HAND VICE , 35mm jaw', 1, 4, 'No', '2019-05-11 00:00:00', 4, '0000-00-00 00:00:00', 0, 0),
(720, 'HAND VICE 50MM JAW', 1, 4, 'No', '2019-05-11 00:00:00', 4, '0000-00-00 00:00:00', 0, 0),
(721, 'HAND VICE,20MM', 1, 4, 'No', '2019-05-11 00:00:00', 4, '0000-00-00 00:00:00', 0, 0),
(722, 'HAND VICE,30MM', 1, 4, 'No', '2019-05-11 00:00:00', 4, '0000-00-00 00:00:00', 0, 0),
(723, 'Hands file 20 cm. Second cut flat', 1, 4, 'No', '2019-05-11 00:00:00', 4, '0000-00-00 00:00:00', 0, 0),
(724, 'Handsaw (Ripsa) 457 mm', 1, 4, 'No', '2019-05-11 00:00:00', 4, '0000-00-00 00:00:00', 0, 0),
(725, 'Handsaw 450mm', 1, 4, 'No', '2019-05-11 00:00:00', 4, '0000-00-00 00:00:00', 0, 0),
(726, 'Hardle', 1, 4, 'No', '2019-05-11 00:00:00', 4, '0000-00-00 00:00:00', 0, 0),
(727, 'Hardware & network Trainer kit', 1, 4, 'No', '2019-05-11 00:00:00', 4, '0000-00-00 00:00:00', 0, 0),
(728, 'HD Display ', 1, 4, 'No', '2019-05-11 00:00:00', 4, '0000-00-00 00:00:00', 0, 0),
(729, 'Head phone with MIC', 1, 4, 'No', '2019-05-11 00:00:00', 4, '0000-00-00 00:00:00', 0, 0),
(730, 'Heavy Commercial vehicle type (without body on frame)', 1, 4, 'No', '2019-05-11 00:00:00', 4, '0000-00-00 00:00:00', 0, 0),
(731, 'HEAVY DUTY SCREW DRIVER , 250MM', 1, 4, 'No', '2019-05-11 00:00:00', 4, '0000-00-00 00:00:00', 0, 0),
(732, 'HEAVY DUTY SCREW DRIVER, 200MM', 1, 4, 'No', '2019-05-11 00:00:00', 4, '0000-00-00 00:00:00', 0, 0),
(733, 'HELMET', 1, 4, 'No', '2019-05-11 00:00:00', 4, '0000-00-00 00:00:00', 0, 0),
(734, 'High Voltage Tester 0-5 KV Ac. Dc', 1, 4, 'No', '2019-05-11 00:00:00', 4, '0000-00-00 00:00:00', 0, 0),
(735, 'Hollow Punch 7 of seven pieces 6mm to 15mm', 1, 7, 'No', '2019-05-11 00:00:00', 4, '0000-00-00 00:00:00', 0, 0),
(736, 'Horn and Horn relay', 1, 4, 'No', '2019-05-11 00:00:00', 4, '0000-00-00 00:00:00', 0, 0),
(737, 'HOT PATCH CLAMP', 1, 4, 'No', '2019-05-11 00:00:00', 4, '0000-00-00 00:00:00', 0, 0),
(738, 'Hot 7 rodded 25x20mm', 1, 4, 'No', '2019-05-11 00:00:00', 4, '0000-00-00 00:00:00', 0, 0),
(739, 'Hub -8 Port ', 1, 4, 'No', '2019-05-11 00:00:00', 4, '0000-00-00 00:00:00', 0, 0),
(740, 'HUMIDIFICATION CONTROL EQUIPMENT WITH DRY AND WET BULB TEMPERATURE', 1, 4, 'No', '2019-05-11 00:00:00', 4, '0000-00-00 00:00:00', 0, 0),
(741, 'Hydraulic jack HI-LIFT type -3 ton capacity, and 5 Ton capacity', 1, 4, 'No', '2019-05-11 00:00:00', 4, '0000-00-00 00:00:00', 0, 0),
(742, 'HYDRAULIC TRAINER SYSTEM', 1, 4, 'No', '2019-05-11 00:00:00', 4, '0000-00-00 00:00:00', 0, 0),
(743, 'HYDRO METER', 1, 4, 'No', '2019-05-11 00:00:00', 4, '0000-00-00 00:00:00', 0, 0),
(744, 'IC -puller', 1, 4, 'No', '2019-05-11 00:00:00', 4, '0000-00-00 00:00:00', 0, 0),
(745, 'IMMERSION HEATER ,1000 WATT', 1, 4, 'No', '2019-05-11 00:00:00', 4, '0000-00-00 00:00:00', 0, 0),
(746, 'IMMERSION HEATER,1500 WATT', 1, 4, 'No', '2019-05-11 00:00:00', 4, '0000-00-00 00:00:00', 0, 0),
(747, 'Impact screw driver', 1, 4, 'No', '2019-05-11 00:00:00', 4, '0000-00-00 00:00:00', 0, 0),
(748, 'in circuit semiconductor tester ', 1, 4, 'No', '2019-05-11 00:00:00', 4, '0000-00-00 00:00:00', 0, 0),
(749, 'IN Circuit Tester (Transistor)', 1, 4, 'No', '2019-05-11 00:00:00', 4, '0000-00-00 00:00:00', 0, 0),
(750, 'INCLINED PLANE WITH PULLEY , PAN , WELGHTS ETC.', 1, 4, 'No', '2019-05-11 00:00:00', 4, '0000-00-00 00:00:00', 0, 0),
(751, 'Inductance bridge', 1, 4, 'No', '2019-05-11 00:00:00', 4, '0000-00-00 00:00:00', 0, 0),
(752, 'Industrial electropneumatic trainer (assembled) with Air compressor', 1, 4, 'No', '2019-05-11 00:00:00', 4, '0000-00-00 00:00:00', 0, 0),
(753, 'Industrial electropneumatic trainer (unassembled) without Air compressor', 1, 4, 'No', '2019-05-11 00:00:00', 4, '0000-00-00 00:00:00', 0, 0),
(754, 'Injector ? Multi hole type, Pintle type', 1, 4, 'No', '2019-05-11 00:00:00', 4, '0000-00-00 00:00:00', 0, 0),
(755, 'injector cable', 1, 4, 'No', '2019-05-11 00:00:00', 4, '0000-00-00 00:00:00', 0, 0),
(756, 'Injector cleaning unit', 1, 4, 'No', '2019-05-11 00:00:00', 4, '0000-00-00 00:00:00', 0, 0),
(757, 'Injector testing 7 (Hand tester)', 1, 4, 'No', '2019-05-11 00:00:00', 4, '0000-00-00 00:00:00', 0, 0),
(758, 'INK JET/ LASER PRINTER', 1, 4, 'No', '2019-05-11 00:00:00', 4, '0000-00-00 00:00:00', 0, 0),
(759, 'INSIDE  CALLIPER', 1, 4, 'No', '2019-05-11 00:00:00', 4, '0000-00-00 00:00:00', 0, 0),
(760, 'INSIDE DIVIDER CALLIPER, 175 MM', 1, 4, 'No', '2019-05-11 00:00:00', 4, '0000-00-00 00:00:00', 0, 0),
(761, 'INSIDE MICRO METER ( 25-50MM)', 1, 4, 'No', '2019-05-11 00:00:00', 4, '0000-00-00 00:00:00', 0, 0),
(762, 'INSIDE MICROMETER,0-25MM', 1, 4, 'No', '2019-05-11 00:00:00', 4, '0000-00-00 00:00:00', 0, 0),
(763, 'Instructional Material ? NIMI Books/Ref.books', 1, 4, 'No', '2019-05-11 00:00:00', 4, '0000-00-00 00:00:00', 0, 0),
(764, 'INSTRUCTOR / OFFICE CHAIR', 1, 4, 'No', '2019-05-11 00:00:00', 4, '0000-00-00 00:00:00', 0, 0),
(765, 'INSTRUCTOR / OFFICE TABLE', 1, 4, 'No', '2019-05-11 00:00:00', 4, '0000-00-00 00:00:00', 0, 0),
(766, 'instrument file 7 ', 1, 4, 'No', '2019-05-11 00:00:00', 4, '0000-00-00 00:00:00', 0, 0),
(767, 'INSTRUMENT FOR DETERMINING ''''C'''' (SIMPLE PENDULLAM)', 1, 4, 'No', '2019-05-11 00:00:00', 4, '0000-00-00 00:00:00', 0, 0),
(768, 'Insulated combination plier 160 mm', 1, 4, 'No', '2019-05-11 00:00:00', 4, '0000-00-00 00:00:00', 0, 0),
(769, 'Insulated combination plier 190 mm', 1, 4, 'No', '2019-05-11 00:00:00', 4, '0000-00-00 00:00:00', 0, 0),
(770, 'INSULATED COMBINATION PLIER, 200MM', 1, 4, 'No', '2019-05-11 00:00:00', 4, '0000-00-00 00:00:00', 0, 0),
(771, 'INSULATED COMBINATION PLIER,150MM', 1, 4, 'No', '2019-05-11 00:00:00', 4, '0000-00-00 00:00:00', 0, 0),
(772, 'Insulated End cutting nipper  (120mm)', 1, 4, 'No', '2019-05-11 00:00:00', 4, '0000-00-00 00:00:00', 0, 0),
(773, 'Insulated Heat sink plier (135mm)', 1, 4, 'No', '2019-05-11 00:00:00', 4, '0000-00-00 00:00:00', 0, 0),
(774, 'Insulated K4b screw driver 100mm ', 1, 4, 'No', '2019-05-11 00:00:00', 4, '0000-00-00 00:00:00', 0, 0),
(775, 'Insulated K4b screw driver 120mm ', 1, 4, 'No', '2019-05-11 00:00:00', 4, '0000-00-00 00:00:00', 0, 0),
(776, 'Insulated Screw driver 20 cm x 9mm blade  (15 CM )', 1, 4, 'No', '2019-05-11 00:00:00', 4, '0000-00-00 00:00:00', 0, 0),
(777, 'Insulated Screw driver 30 cm x 9mm blade  (25CM.)', 1, 4, 'No', '2019-05-11 00:00:00', 4, '0000-00-00 00:00:00', 0, 0),
(778, 'INSULATED SCREW DRIVER, 100MM', 1, 4, 'No', '2019-05-11 00:00:00', 4, '0000-00-00 00:00:00', 0, 0),
(779, 'INSULATED SCREW DRIVER, 150MM ', 1, 4, 'No', '2019-05-11 00:00:00', 4, '0000-00-00 00:00:00', 0, 0),
(780, 'INSULATED SCREW DRIVER,130MM', 1, 4, 'No', '2019-05-11 00:00:00', 4, '0000-00-00 00:00:00', 0, 0),
(781, 'INSULATED SCREW DRIVER,250MM', 1, 4, 'No', '2019-05-11 00:00:00', 4, '0000-00-00 00:00:00', 0, 0),
(782, 'INSULATED SCREW DRIVER,300MM', 1, 4, 'No', '2019-05-11 00:00:00', 4, '0000-00-00 00:00:00', 0, 0),
(783, 'Insulated side cutting plier 100 mm', 1, 4, 'No', '2019-05-11 00:00:00', 4, '0000-00-00 00:00:00', 0, 0),
(784, 'Insulated side cutting plier 150 mm', 1, 4, 'No', '2019-05-11 00:00:00', 4, '0000-00-00 00:00:00', 0, 0),
(785, 'Insulated side cutting plier 160 mm', 1, 4, 'No', '2019-05-11 00:00:00', 4, '0000-00-00 00:00:00', 0, 0),
(786, 'Insulated side cutting plier 170 mm', 1, 4, 'No', '2019-05-11 00:00:00', 4, '0000-00-00 00:00:00', 0, 0),
(787, 'insulation tester (megger)', 1, 4, 'No', '2019-05-11 00:00:00', 4, '0000-00-00 00:00:00', 0, 0),
(788, 'Interchangeable ratchet socket 7 with a 12 mm driver, sized 10-32 mm 7 of  18 socket & attachments.', 1, 7, 'No', '2019-05-11 00:00:00', 4, '0000-00-00 00:00:00', 0, 0),
(789, 'intercom epabx (panasonic)', 1, 4, 'No', '2019-05-11 00:00:00', 4, '0000-00-00 00:00:00', 0, 0),
(790, 'Internet\nConnectivity', 1, 7, 'No', '2019-05-11 00:00:00', 4, '0000-00-00 00:00:00', 0, 0),
(791, 'INVERTER', 1, 4, 'No', '2019-05-11 00:00:00', 4, '0000-00-00 00:00:00', 0, 0),
(792, 'INVERTER , 600VA', 1, 4, 'No', '2019-05-11 00:00:00', 4, '0000-00-00 00:00:00', 0, 0),
(793, 'junior saw', 1, 4, 'No', '2019-05-11 00:00:00', 4, '0000-00-00 00:00:00', 0, 0),
(794, 'KEY BOARD', 1, 4, 'No', '2019-05-11 00:00:00', 4, '0000-00-00 00:00:00', 0, 0),
(795, 'KEY Board (old key board)', 1, 4, 'No', '2019-05-11 00:00:00', 4, '0000-00-00 00:00:00', 0, 0),
(796, 'KEY Board Amplifier (Casio)', 1, 4, 'No', '2019-05-11 00:00:00', 4, '0000-00-00 00:00:00', 0, 0),
(797, 'KILO WATT METER 0-1-3 KW', 1, 4, 'No', '2019-05-11 00:00:00', 4, '0000-00-00 00:00:00', 0, 0),
(798, 'KILO WATTMETER , 1500 WATT', 1, 4, 'No', '2019-05-11 00:00:00', 4, '0000-00-00 00:00:00', 0, 0),
(799, 'KILO WATTMETER , 4000 WATT', 1, 4, 'No', '2019-05-11 00:00:00', 4, '0000-00-00 00:00:00', 0, 0),
(800, 'KNIFE  DUBLE BLADED', 1, 4, 'No', '2019-05-11 00:00:00', 4, '0000-00-00 00:00:00', 0, 0),
(801, 'KNIFE  SINGLE BLADED', 1, 4, 'No', '2019-05-11 00:00:00', 4, '0000-00-00 00:00:00', 0, 0),
(802, 'KNIFE  SWITCH DPDT , 16 AMP', 1, 4, 'No', '2019-05-11 00:00:00', 4, '0000-00-00 00:00:00', 0, 0),
(803, 'KNIFE  SWITCH TPDT  FITTED  WITH FUSE TERMINALS 16 AMP', 1, 4, 'No', '2019-05-11 00:00:00', 4, '0000-00-00 00:00:00', 0, 0),
(804, 'KNIFE DOUBLE BLADED ELECTRICIAN', 1, 4, 'No', '2019-05-11 00:00:00', 4, '0000-00-00 00:00:00', 0, 0),
(805, 'KNIFE SWITCH  ,TPDT FITTED WITH FUSE 16A (RAW MAT.)', 1, 4, 'No', '2019-05-11 00:00:00', 4, '0000-00-00 00:00:00', 0, 0),
(806, 'KNIFE SWITCH TPDT , 32 AMP', 1, 4, 'No', '2019-05-11 00:00:00', 4, '0000-00-00 00:00:00', 0, 0),
(807, 'KNIFE SWITCH,DPDT  FITTED WITH FUSE TERMINALS 16A (RAW MAT.)', 1, 4, 'No', '2019-05-11 00:00:00', 4, '0000-00-00 00:00:00', 0, 0),
(808, 'KNIFE SWTICH DPDT FITTED WITH FUSE TERMINAL 16 AMP', 1, 4, 'No', '2019-05-11 00:00:00', 4, '0000-00-00 00:00:00', 0, 0),
(809, 'Lab Stool', 1, 4, 'No', '2019-05-11 00:00:00', 4, '0000-00-00 00:00:00', 0, 0),
(810, 'LABORATORY TYPE  INDUCTION COIL', 1, 4, 'No', '2019-05-11 00:00:00', 4, '0000-00-00 00:00:00', 0, 0),
(811, 'LADEL', 1, 4, 'No', '2019-05-11 00:00:00', 4, '0000-00-00 00:00:00', 0, 0),
(812, 'Lan Card Tester', 1, 4, 'No', '2019-05-11 00:00:00', 4, '0000-00-00 00:00:00', 0, 0),
(813, 'Lan Cards,wifi lan cards', 1, 4, 'No', '2019-05-11 00:00:00', 4, '0000-00-00 00:00:00', 0, 0),
(814, 'Lan network & internet sequrity trainer', 1, 4, 'No', '2019-05-11 00:00:00', 4, '0000-00-00 00:00:00', 0, 0),
(815, 'Lan protocol simulation & analyser software', 1, 4, 'No', '2019-05-11 00:00:00', 4, '0000-00-00 00:00:00', 0, 0),
(816, 'LAOD BANK,5KW (LAMP/HEATER TYPE)', 1, 4, 'No', '2019-05-11 00:00:00', 4, '0000-00-00 00:00:00', 0, 0),
(817, 'Laptop', 1, 4, 'No', '2019-05-11 00:00:00', 4, '0000-00-00 00:00:00', 0, 0),
(818, 'Laptop kits', 1, 4, 'No', '2019-05-11 00:00:00', 4, '0000-00-00 00:00:00', 0, 0),
(819, 'Laser Printer', 1, 4, 'No', '2019-05-11 00:00:00', 4, '0000-00-00 00:00:00', 0, 0),
(820, 'Laserjet printer (ricoh)', 1, 4, 'No', '2019-05-11 00:00:00', 4, '0000-00-00 00:00:00', 0, 0),
(821, 'Lathe tools bit 10mm x 85mm .', 1, 4, 'No', '2019-05-11 00:00:00', 4, '0000-00-00 00:00:00', 0, 0),
(822, 'Lathe tools bit 6mm x 75mm .', 1, 4, 'No', '2019-05-11 00:00:00', 4, '0000-00-00 00:00:00', 0, 0),
(823, 'Lathe tools bit 8mm x 75mm .', 1, 4, 'No', '2019-05-11 00:00:00', 4, '0000-00-00 00:00:00', 0, 0),
(824, 'lathe tools H.S.S. tipped 7 .', 1, 4, 'No', '2019-05-11 00:00:00', 4, '0000-00-00 00:00:00', 0, 0),
(825, 'LCD based DPM trainer kit (sigma) ', 1, 4, 'No', '2019-05-11 00:00:00', 4, '0000-00-00 00:00:00', 0, 0),
(826, 'LCD Projector', 1, 4, 'No', '2019-05-11 00:00:00', 4, '0000-00-00 00:00:00', 0, 0),
(827, 'LCD projector/ LED /LCD TV (42?)', 1, 4, 'No', '2019-05-11 00:00:00', 4, '0000-00-00 00:00:00', 0, 0),
(828, 'LCD PROJECTOR/OHP', 1, 4, 'No', '2019-05-11 00:00:00', 4, '0000-00-00 00:00:00', 0, 0),
(829, 'LCD TV (42'''') LG', 1, 4, 'No', '2019-05-11 00:00:00', 4, '0000-00-00 00:00:00', 0, 0),
(830, 'LCD TV trainer kit (SIGMA)', 1, 4, 'No', '2019-05-11 00:00:00', 4, '0000-00-00 00:00:00', 0, 0),
(831, 'LCD/LED/TFT Monitors', 1, 4, 'No', '2019-05-11 00:00:00', 4, '0000-00-00 00:00:00', 0, 0),
(832, 'LCR meter digital hand held ', 1, 4, 'No', '2019-05-11 00:00:00', 4, '0000-00-00 00:00:00', 0, 0),
(833, 'Lead Acid Cell', 1, 4, 'No', '2019-05-11 00:00:00', 4, '0000-00-00 00:00:00', 0, 0),
(834, 'LEAF FILTER', 1, 4, 'No', '2019-05-11 00:00:00', 4, '0000-00-00 00:00:00', 0, 0),
(835, 'Leather Apron', 1, 4, 'No', '2019-05-11 00:00:00', 4, '0000-00-00 00:00:00', 0, 0),
(836, 'Leather Hand Gloves 14?   ', 1, 7, 'No', '2019-05-11 00:00:00', 4, '0000-00-00 00:00:00', 0, 0),
(837, 'Leather hand sleeves 16?  ', 1, 7, 'No', '2019-05-11 00:00:00', 4, '0000-00-00 00:00:00', 0, 0),
(838, 'LED T.V.', 1, 4, 'No', '2019-05-11 00:00:00', 4, '0000-00-00 00:00:00', 0, 0),
(839, 'LED TV (42'''')', 1, 4, 'No', '2019-05-11 00:00:00', 4, '0000-00-00 00:00:00', 0, 0),
(840, 'Left cut snips 250mm', 1, 4, 'No', '2019-05-11 00:00:00', 4, '0000-00-00 00:00:00', 0, 0),
(841, 'Leg guards leather ', 1, 7, 'No', '2019-05-11 00:00:00', 4, '0000-00-00 00:00:00', 0, 0),
(842, 'LETTER AND NUMBER PUNCH - 5 MM', 1, 4, 'No', '2019-05-11 00:00:00', 4, '0000-00-00 00:00:00', 0, 0),
(843, 'Letter punch 6 mm ', 1, 7, 'No', '2019-05-11 00:00:00', 4, '0000-00-00 00:00:00', 0, 0),
(844, 'Lifting jack screw type 3 ton, 5ton & 20 Ton capacity', 1, 4, 'No', '2019-05-11 00:00:00', 4, '0000-00-00 00:00:00', 0, 0),
(845, 'LIMIT  SWITCH ', 1, 4, 'No', '2019-05-11 00:00:00', 4, '0000-00-00 00:00:00', 0, 0),
(846, 'LIMIT SWITCH, 10 AMP', 1, 4, 'No', '2019-05-11 00:00:00', 4, '0000-00-00 00:00:00', 0, 0),
(847, 'LIMIT SWITCH,(RAW MAT.)', 1, 4, 'No', '2019-05-11 00:00:00', 4, '0000-00-00 00:00:00', 0, 0),
(848, 'LINEAR IC TRAINER', 1, 4, 'No', '2019-05-11 00:00:00', 4, '0000-00-00 00:00:00', 0, 0),
(849, 'Linux operating System', 1, 4, 'No', '2019-05-11 00:00:00', 4, '0000-00-00 00:00:00', 0, 0),
(850, 'Liquid penetrant Inspection kit', 1, 4, 'No', '2019-05-11 00:00:00', 4, '0000-00-00 00:00:00', 0, 0),
(851, 'LOAD BANK 5 KW ', 1, 4, 'No', '2019-05-11 00:00:00', 4, '0000-00-00 00:00:00', 0, 0),
(852, 'LOCKER', 1, 4, 'No', '2019-05-11 00:00:00', 4, '0000-00-00 00:00:00', 0, 0),
(853, 'LOCKERS WITH 16 ORAWERS STANDARD  SIZE', 1, 4, 'No', '2019-05-11 00:00:00', 4, '0000-00-00 00:00:00', 0, 0),
(854, 'Lockers with 6 drawers (standard size)', 1, 4, 'No', '2019-05-11 00:00:00', 4, '0000-00-00 00:00:00', 0, 0),
(855, 'Lockers with 8 drawers ', 1, 4, 'No', '2019-05-11 00:00:00', 4, '0000-00-00 00:00:00', 0, 0),
(856, 'LOCKING DEVICES LOCK NUT , CASTLE NUT', 1, 4, 'No', '2019-05-11 00:00:00', 4, '0000-00-00 00:00:00', 0, 0),
(857, 'Logic Pluse Cum probe', 1, 4, 'No', '2019-05-11 00:00:00', 4, '0000-00-00 00:00:00', 0, 0),
(858, 'Logic Probe', 1, 4, 'No', '2019-05-11 00:00:00', 4, '0000-00-00 00:00:00', 0, 0),
(859, 'Long 4e Plier', 1, 4, 'No', '2019-05-11 00:00:00', 4, '0000-00-00 00:00:00', 0, 0),
(860, 'Long 4e plier 150 mm', 1, 4, 'No', '2019-05-11 00:00:00', 4, '0000-00-00 00:00:00', 0, 0),
(861, 'Long 4e plier 160 mm', 1, 4, 'No', '2019-05-11 00:00:00', 4, '0000-00-00 00:00:00', 0, 0),
(862, 'Long 4e plier 170 mm', 1, 4, 'No', '2019-05-11 00:00:00', 4, '0000-00-00 00:00:00', 0, 0),
(863, 'loud speaker', 1, 4, 'No', '2019-05-11 00:00:00', 4, '0000-00-00 00:00:00', 0, 0),
(864, 'Lungs for cable ', 1, 4, 'No', '2019-05-11 00:00:00', 4, '0000-00-00 00:00:00', 0, 0),
(865, 'LUX METER ,1 KVA  ', 1, 4, 'No', '2019-05-11 00:00:00', 4, '0000-00-00 00:00:00', 0, 0),
(866, 'LUX METER, DEGITAL', 1, 4, 'No', '2019-05-11 00:00:00', 4, '0000-00-00 00:00:00', 0, 0),
(867, 'M.C.B , 16 AMP', 1, 4, 'No', '2019-05-11 00:00:00', 4, '0000-00-00 00:00:00', 0, 0),
(868, 'MACHANICAL BOARD FOR TESTING TRINGLE AND PARALLELORGRAM OF FORCEC INCLUDING ALL ACCESSORIES', 1, 4, 'No', '2019-05-11 00:00:00', 4, '0000-00-00 00:00:00', 0, 0),
(869, 'MACHINE PANNEL', 1, 4, 'No', '2019-05-11 00:00:00', 4, '0000-00-00 00:00:00', 0, 0),
(870, 'Machine vice 10 cm.', 1, 4, 'No', '2019-05-11 00:00:00', 4, '0000-00-00 00:00:00', 0, 0),
(871, 'MACHINERY PANEL', 1, 4, 'No', '2019-05-11 00:00:00', 4, '0000-00-00 00:00:00', 0, 0),
(872, 'MAGEER 500 VOLTS', 1, 4, 'No', '2019-05-11 00:00:00', 4, '0000-00-00 00:00:00', 0, 0),
(873, 'Magnetic particle testing Kit # ', 1, 11, 'No', '2019-05-11 00:00:00', 4, '0000-00-00 00:00:00', 0, 0),
(874, 'Magneto spanner 7 with 8 spanners', 1, 7, 'No', '2019-05-11 00:00:00', 4, '0000-00-00 00:00:00', 0, 0),
(875, 'Magnifier with Light ', 1, 4, 'No', '2019-05-11 00:00:00', 4, '0000-00-00 00:00:00', 0, 0),
(876, 'Magnifying glass 100 mm .dia', 1, 4, 'No', '2019-05-11 00:00:00', 4, '0000-00-00 00:00:00', 0, 0),
(877, 'Magnifying glass 75mm', 1, 4, 'No', '2019-05-11 00:00:00', 4, '0000-00-00 00:00:00', 0, 0),
(878, 'MAHINDRA SIX CYLINDER ENGINE', 1, 4, 'No', '2019-05-11 00:00:00', 4, '0000-00-00 00:00:00', 0, 0),
(879, 'mallet', 1, 4, 'No', '2019-05-11 00:00:00', 4, '0000-00-00 00:00:00', 0, 0),
(880, 'MALLET HARD WOOD 0.50 KG.', 1, 4, 'No', '2019-05-11 00:00:00', 4, '0000-00-00 00:00:00', 0, 0),
(881, 'Marking out table 90X60X90 cm.', 1, 4, 'No', '2019-05-11 00:00:00', 4, '0000-00-00 00:00:00', 0, 0),
(882, 'marking table 91*91*122cm.', 1, 4, 'No', '2019-05-11 00:00:00', 4, '0000-00-00 00:00:00', 0, 0),
(883, 'MATEL BOARD WOOD, 500gm', 1, 4, 'No', '2019-05-11 00:00:00', 4, '0000-00-00 00:00:00', 0, 0),
(884, 'max well bridge', 1, 4, 'No', '2019-05-11 00:00:00', 4, '0000-00-00 00:00:00', 0, 0),
(885, 'Mchine vice 15 cm', 1, 4, 'No', '2019-05-11 00:00:00', 4, '0000-00-00 00:00:00', 0, 0),
(886, 'MEASURING CYLINDER 1000 ML GLASS/ PLASTIC', 1, 4, 'No', '2019-05-11 00:00:00', 4, '0000-00-00 00:00:00', 0, 0),
(887, 'MEASURING CYLINDER 250 ML GLASS', 1, 4, 'No', '2019-05-11 00:00:00', 4, '0000-00-00 00:00:00', 0, 0),
(888, 'MEASURING CYLINDER 500 ML GLASS', 1, 4, 'No', '2019-05-11 00:00:00', 4, '0000-00-00 00:00:00', 0, 0),
(889, 'MECHANICAL SEAL (MULTIPLE SPRING)', 1, 4, 'No', '2019-05-11 00:00:00', 4, '0000-00-00 00:00:00', 0, 0),
(890, 'Mechine vice 100mm', 1, 4, 'No', '2019-05-11 00:00:00', 4, '0000-00-00 00:00:00', 0, 0),
(891, 'Media conver tor', 1, 4, 'No', '2019-05-11 00:00:00', 4, '0000-00-00 00:00:00', 0, 0),
(892, 'MEGGER, 500 M OHM', 1, 4, 'No', '2019-05-11 00:00:00', 4, '0000-00-00 00:00:00', 0, 0),
(893, 'MEGGER,500V', 1, 4, 'No', '2019-05-11 00:00:00', 4, '0000-00-00 00:00:00', 0, 0),
(894, 'MELTING  POT ', 1, 4, 'No', '2019-05-11 00:00:00', 4, '0000-00-00 00:00:00', 0, 0),
(895, 'Memory Card', 1, 4, 'No', '2019-05-11 00:00:00', 4, '0000-00-00 00:00:00', 0, 0),
(896, 'METAL RACK', 1, 4, 'No', '2019-05-11 00:00:00', 4, '0000-00-00 00:00:00', 0, 0),
(897, 'Metal rack 182 x 182 x45 cm', 1, 4, 'No', '2019-05-11 00:00:00', 4, '0000-00-00 00:00:00', 0, 0),
(898, 'metal rack, (200cm ? 91cm ? 49cm)', 1, 4, 'No', '2019-05-11 00:00:00', 4, '0000-00-00 00:00:00', 0, 0),
(899, 'metal rack, (200cm ? 92cm ? 38cm)', 1, 4, 'No', '2019-05-11 00:00:00', 4, '0000-00-00 00:00:00', 0, 0),
(900, 'METERING PUMP', 1, 4, 'No', '2019-05-11 00:00:00', 4, '0000-00-00 00:00:00', 0, 0),
(901, 'mic stand', 1, 4, 'No', '2019-05-11 00:00:00', 4, '0000-00-00 00:00:00', 0, 0),
(902, 'Micro meter 0-25mm outside.', 1, 4, 'No', '2019-05-11 00:00:00', 4, '0000-00-00 00:00:00', 0, 0),
(903, 'Microcontroller kit (8051) (NV-5001)', 1, 4, 'No', '2019-05-11 00:00:00', 4, '0000-00-00 00:00:00', 0, 0),
(904, 'MICROMETER - OUTSIDE - 0.25 MM', 1, 4, 'No', '2019-05-11 00:00:00', 4, '0000-00-00 00:00:00', 0, 0),
(905, 'Micrometer 25-50mm outside', 1, 4, 'No', '2019-05-11 00:00:00', 4, '0000-00-00 00:00:00', 0, 0),
(906, 'Micrometer 50-75mm outside', 1, 4, 'No', '2019-05-11 00:00:00', 4, '0000-00-00 00:00:00', 0, 0),
(907, 'Micrometer inside 25-50mm with extension rods', 1, 4, 'No', '2019-05-11 00:00:00', 4, '0000-00-00 00:00:00', 0, 0),
(908, 'microphone hand held', 1, 4, 'No', '2019-05-11 00:00:00', 4, '0000-00-00 00:00:00', 0, 0),
(909, 'microprocessor trainer kit (8085/8086)', 1, 4, 'No', '2019-05-11 00:00:00', 4, '0000-00-00 00:00:00', 0, 0),
(910, 'MILI VOLT METER (CENTRE ZERO) M.C. TYPE,100-0-100', 1, 4, 'No', '2019-05-11 00:00:00', 4, '0000-00-00 00:00:00', 0, 0),
(911, 'MILI VOLT METER CENTRE ZERO 100-0-100MV', 1, 4, 'No', '2019-05-11 00:00:00', 4, '0000-00-00 00:00:00', 0, 0),
(912, 'MILLI VOLTMETER  CENTRE ZERO 100-0-100M VOLT', 1, 4, 'No', '2019-05-11 00:00:00', 4, '0000-00-00 00:00:00', 0, 0),
(913, 'MILLI VOLTMETER (i) 0-5 mv (ii) ) 0 - 500 mv', 1, 4, 'No', '2019-05-11 00:00:00', 4, '0000-00-00 00:00:00', 0, 0),
(914, 'Mini Dongle for Bluetooth devices connection', 1, 4, 'No', '2019-05-11 00:00:00', 4, '0000-00-00 00:00:00', 0, 0),
(915, 'MINI DRAFTER', 1, 4, 'No', '2019-05-11 00:00:00', 4, '0000-00-00 00:00:00', 0, 0),
(916, 'MINIATURE BREAKER 16 AMP', 1, 4, 'No', '2019-05-11 00:00:00', 4, '0000-00-00 00:00:00', 0, 0),
(917, 'MINIATURE BREAKER,16A (RAW METERIALS)', 1, 4, 'No', '2019-05-11 00:00:00', 4, '0000-00-00 00:00:00', 0, 0),
(918, 'MIXER 7TLER TYPE EXTRACTOR', 1, 4, 'No', '2019-05-11 00:00:00', 4, '0000-00-00 00:00:00', 0, 0),
(919, 'MIXETURE & GRINDER', 1, 4, 'No', '2019-05-11 00:00:00', 4, '0000-00-00 00:00:00', 0, 0),
(920, 'mobile screw 7 ', 1, 4, 'No', '2019-05-11 00:00:00', 4, '0000-00-00 00:00:00', 0, 0),
(921, 'MODEL OF HEAD LIGHT SYSTEM', 1, 4, 'No', '2019-05-11 00:00:00', 4, '0000-00-00 00:00:00', 0, 0),
(922, 'MODEL OF HORN CIRCUIT', 1, 4, 'No', '2019-05-11 00:00:00', 4, '0000-00-00 00:00:00', 0, 0),
(923, 'MODEL OF IGNITION SYSTEM', 1, 4, 'No', '2019-05-11 00:00:00', 4, '0000-00-00 00:00:00', 0, 0),
(924, 'MODEL OF STARTING SYSTEM', 1, 4, 'No', '2019-05-11 00:00:00', 4, '0000-00-00 00:00:00', 0, 0),
(925, 'model of torque converter', 1, 4, 'No', '2019-05-11 00:00:00', 4, '0000-00-00 00:00:00', 0, 0),
(926, 'Models : Solid & cut section ', 1, 4, 'No', '2019-05-11 00:00:00', 4, '0000-00-00 00:00:00', 0, 0),
(927, 'Modem', 1, 4, 'No', '2019-05-11 00:00:00', 4, '0000-00-00 00:00:00', 0, 0),
(928, 'Motherboards (old mother board)', 1, 4, 'No', '2019-05-11 00:00:00', 4, '0000-00-00 00:00:00', 0, 0),
(929, 'MOTOR GENERATOR  ,2 TO 5 HP A.C. MOTORS', 1, 4, 'No', '2019-05-11 00:00:00', 4, '0000-00-00 00:00:00', 0, 0),
(930, 'MOTOR GENERATOR D.C. TO A.C. ,3.5 KVA, 440 VOLT', 1, 7, 'No', '2019-05-11 00:00:00', 4, '0000-00-00 00:00:00', 0, 0),
(931, 'MOTOR GENERATOR 7 (A.C. TO D.C.,AC, 440V 3 PHASE TO 600V D.C.', 1, 4, 'No', '2019-05-11 00:00:00', 4, '0000-00-00 00:00:00', 0, 0),
(932, 'MOTOR GENRATOR (AC TO DC), 5 HP MOTOR AND 5 KW GENERATOR', 1, 4, 'No', '2019-05-11 00:00:00', 4, '0000-00-00 00:00:00', 0, 0),
(933, 'MOTOR PUMP 7 1HP,1PHASE,240V', 1, 4, 'No', '2019-05-11 00:00:00', 4, '0000-00-00 00:00:00', 0, 0),
(934, 'MOTOR SCRAPE', 1, 4, 'No', '2019-05-11 00:00:00', 4, '0000-00-00 00:00:00', 0, 0),
(935, 'MOTORISED BENCH GRINDER', 1, 4, 'No', '2019-05-11 00:00:00', 4, '0000-00-00 00:00:00', 0, 0),
(936, 'MOTORISED BENCH GRINDER,1/4 HP MOTOR, SINGLE PHASE, 240 VOLT', 1, 4, 'No', '2019-05-11 00:00:00', 4, '0000-00-00 00:00:00', 0, 0),
(937, 'MOTORISED BENCH GRINDER,3-PHASE 440V', 1, 4, 'No', '2019-05-11 00:00:00', 4, '0000-00-00 00:00:00', 0, 0),
(938, 'Mouse (old mouse)', 1, 4, 'No', '2019-05-11 00:00:00', 4, '0000-00-00 00:00:00', 0, 0),
(939, 'MPFI petrol engine with swiveling stand along for dismantling and assembling', 1, 4, 'No', '2019-05-11 00:00:00', 4, '0000-00-00 00:00:00', 0, 0),
(940, 'MS Office', 1, 4, 'No', '2019-05-11 00:00:00', 4, '0000-00-00 00:00:00', 0, 0),
(941, 'MULTI METER (ANALOG) 0 TO 1000M OHMS, 2.5 TO 500 V', 1, 4, 'No', '2019-05-11 00:00:00', 4, '0000-00-00 00:00:00', 0, 0),
(942, 'MULTI METER (DIGITAL)', 1, 4, 'No', '2019-05-11 00:00:00', 4, '0000-00-00 00:00:00', 0, 0),
(943, 'Multi meter Digital /3.5 Digit', 1, 4, 'No', '2019-05-11 00:00:00', 4, '0000-00-00 00:00:00', 0, 0),
(944, 'MULTI METER,ANALOG TYPE', 1, 4, 'No', '2019-05-11 00:00:00', 4, '0000-00-00 00:00:00', 0, 0),
(945, 'Multi Scan Tool with oscilloscope', 1, 4, 'No', '2019-05-11 00:00:00', 4, '0000-00-00 00:00:00', 0, 0),
(946, 'MULTIMETER ANALOG', 1, 4, 'No', '2019-05-11 00:00:00', 4, '0000-00-00 00:00:00', 0, 0);
INSERT INTO `row_materials` (`id`, `name`, `row_material_category_id`, `unit_id`, `reuseable`, `created_on`, `created_by`, `edited_on`, `edited_by`, `is_deleted`) VALUES
(947, 'Multi-point fuel injection pump', 1, 4, 'No', '2019-05-11 00:00:00', 4, '0000-00-00 00:00:00', 0, 0),
(948, 'MULTISTAGE RECIPROCATING COMPRESSOR FITTED WITH INTER COOLER & AFTER COOLER', 1, 4, 'No', '2019-05-11 00:00:00', 4, '0000-00-00 00:00:00', 0, 0),
(949, 'MURCURY', 1, 4, 'No', '2019-05-11 00:00:00', 4, '0000-00-00 00:00:00', 0, 0),
(950, 'Music System', 1, 4, 'No', '2019-05-11 00:00:00', 4, '0000-00-00 00:00:00', 0, 0),
(951, 'NEON TESTER', 1, 4, 'No', '2019-05-11 00:00:00', 4, '0000-00-00 00:00:00', 0, 0),
(952, 'NEON TESTER  O-500V,AC', 1, 4, 'No', '2019-05-11 00:00:00', 4, '0000-00-00 00:00:00', 0, 0),
(953, 'Neon tester (500V) 60mm', 1, 4, 'No', '2019-05-11 00:00:00', 4, '0000-00-00 00:00:00', 0, 0),
(954, 'NEON TESTER, 0-500V ', 1, 4, 'No', '2019-05-11 00:00:00', 4, '0000-00-00 00:00:00', 0, 0),
(955, 'Network  Laser\nPrinter', 1, 4, 'No', '2019-05-11 00:00:00', 4, '0000-00-00 00:00:00', 0, 0),
(956, 'Network and internet security Trainer', 1, 4, 'No', '2019-05-11 00:00:00', 4, '0000-00-00 00:00:00', 0, 0),
(957, 'Network cable flat ,ribbon, coaxial', 1, 4, 'No', '2019-05-11 00:00:00', 4, '0000-00-00 00:00:00', 0, 0),
(958, 'Network camera (outdoor/ indoor)', 1, 4, 'No', '2019-05-11 00:00:00', 4, '0000-00-00 00:00:00', 0, 0),
(959, 'Network Printer (new Photocopy machine)', 1, 4, 'No', '2019-05-11 00:00:00', 4, '0000-00-00 00:00:00', 0, 0),
(960, 'Network Rack', 1, 4, 'No', '2019-05-11 00:00:00', 4, '0000-00-00 00:00:00', 0, 0),
(961, 'Network training system', 1, 4, 'No', '2019-05-11 00:00:00', 4, '0000-00-00 00:00:00', 0, 0),
(962, 'NITROGEN TYE INFLATOR', 1, 4, 'No', '2019-05-11 00:00:00', 4, '0000-00-00 00:00:00', 0, 0),
(963, '4TCH FILTER', 1, 4, 'No', '2019-05-11 00:00:00', 4, '0000-00-00 00:00:00', 0, 0),
(964, '4TICE BOARD - 2 X 3 FEET', 1, 4, 'No', '2019-05-11 00:00:00', 4, '0000-00-00 00:00:00', 0, 0),
(965, 'Number punch  6 mm ', 1, 7, 'No', '2019-05-11 00:00:00', 4, '0000-00-00 00:00:00', 0, 0),
(966, 'Ohm meter (25ohm&2000ohm)', 1, 4, 'No', '2019-05-11 00:00:00', 4, '0000-00-00 00:00:00', 0, 0),
(967, 'OHM METER SERIES  TYPE AND SHUNT TYPE', 1, 4, 'No', '2019-05-11 00:00:00', 4, '0000-00-00 00:00:00', 0, 0),
(968, 'OHM METER,SERIES INFINITY-0 ', 1, 4, 'No', '2019-05-11 00:00:00', 4, '0000-00-00 00:00:00', 0, 0),
(969, 'OHM METER,SHUNT 0- INFINITY', 1, 4, 'No', '2019-05-11 00:00:00', 4, '0000-00-00 00:00:00', 0, 0),
(970, 'OHM MITER, SERIES', 1, 4, 'No', '2019-05-11 00:00:00', 4, '0000-00-00 00:00:00', 0, 0),
(971, 'OHM MITER, SHUNT', 1, 4, 'No', '2019-05-11 00:00:00', 4, '0000-00-00 00:00:00', 0, 0),
(972, 'OIL CAN 0.12 LTR', 1, 4, 'No', '2019-05-11 00:00:00', 4, '0000-00-00 00:00:00', 0, 0),
(973, 'Oil Can 0.25 Liters.', 1, 4, 'No', '2019-05-11 00:00:00', 4, '0000-00-00 00:00:00', 0, 0),
(974, 'Oil Can 0.25 Liters.', 1, 4, 'No', '2019-05-11 00:00:00', 4, '0000-00-00 00:00:00', 0, 0),
(975, 'Oil can 0.5/0.25 liter capacity', 1, 4, 'No', '2019-05-11 00:00:00', 4, '0000-00-00 00:00:00', 0, 0),
(976, 'OIL CAN,0.12 LTR', 1, 4, 'No', '2019-05-11 00:00:00', 4, '0000-00-00 00:00:00', 0, 0),
(977, 'OIL FILTER SPANNER', 1, 4, 'No', '2019-05-11 00:00:00', 4, '0000-00-00 00:00:00', 0, 0),
(978, 'Oil pump for dismantling and assembling.', 1, 4, 'No', '2019-05-11 00:00:00', 4, '0000-00-00 00:00:00', 0, 0),
(979, 'Oil Stone 15 cm x 5 cm x 2.5 cm', 1, 4, 'No', '2019-05-11 00:00:00', 4, '0000-00-00 00:00:00', 0, 0),
(980, 'OIL TESTING KIT', 1, 4, 'No', '2019-05-11 00:00:00', 4, '0000-00-00 00:00:00', 0, 0),
(981, 'Online UPS', 1, 4, 'No', '2019-05-11 00:00:00', 4, '0000-00-00 00:00:00', 0, 0),
(982, 'Online UPS 2KVA', 1, 4, 'No', '2019-05-11 00:00:00', 4, '0000-00-00 00:00:00', 0, 0),
(983, 'Op-Amp trainer (make Nvis)', 1, 4, 'No', '2019-05-11 00:00:00', 4, '0000-00-00 00:00:00', 0, 0),
(984, 'Op-Amp trainer (make Salicon)', 1, 4, 'No', '2019-05-11 00:00:00', 4, '0000-00-00 00:00:00', 0, 0),
(985, 'Op-Amp trainer (make VPL)', 1, 4, 'No', '2019-05-11 00:00:00', 4, '0000-00-00 00:00:00', 0, 0),
(986, 'Open Office or equivalent', 1, 4, 'No', '2019-05-11 00:00:00', 4, '0000-00-00 00:00:00', 0, 0),
(987, 'Operators chair', 1, 4, 'No', '2019-05-11 00:00:00', 4, '0000-00-00 00:00:00', 0, 0),
(988, 'Optical Drives (DVD Writer)', 1, 4, 'No', '2019-05-11 00:00:00', 4, '0000-00-00 00:00:00', 0, 0),
(989, 'Optical power meter', 1, 4, 'No', '2019-05-11 00:00:00', 4, '0000-00-00 00:00:00', 0, 0),
(990, 'Optical Scanner', 1, 4, 'No', '2019-05-11 00:00:00', 4, '0000-00-00 00:00:00', 0, 0),
(991, 'Optical Scanner (Hand Held Type)', 1, 4, 'No', '2019-05-11 00:00:00', 4, '0000-00-00 00:00:00', 0, 0),
(992, 'Optical transducer trainer (ST-2301)', 1, 4, 'No', '2019-05-11 00:00:00', 4, '0000-00-00 00:00:00', 0, 0),
(993, 'Oscillo scope 20-25 Mhz Dual Trace', 1, 4, 'No', '2019-05-11 00:00:00', 4, '0000-00-00 00:00:00', 0, 0),
(994, 'OSCILLO SCOPE DUAL TRACE,30MHZ', 1, 4, 'No', '2019-05-11 00:00:00', 4, '0000-00-00 00:00:00', 0, 0),
(995, 'Oscilloscope 20MHz', 1, 4, 'No', '2019-05-11 00:00:00', 4, '0000-00-00 00:00:00', 0, 0),
(996, 'OSCILLOSCOPE 30 MHZ', 1, 4, 'No', '2019-05-11 00:00:00', 4, '0000-00-00 00:00:00', 0, 0),
(997, 'oscilloscope aplab 25mhz', 1, 4, 'No', '2019-05-11 00:00:00', 4, '0000-00-00 00:00:00', 0, 0),
(998, 'OUT SIDE AND INSIDE  DIVIDER CALLIPER', 1, 4, 'No', '2019-05-11 00:00:00', 4, '0000-00-00 00:00:00', 0, 0),
(999, 'OUT SIDE MICROMETER', 1, 4, 'No', '2019-05-11 00:00:00', 4, '0000-00-00 00:00:00', 0, 0),
(1000, 'OUT SIDE MICROMETER,0-25MM X 0.01MM', 1, 4, 'No', '2019-05-11 00:00:00', 4, '0000-00-00 00:00:00', 0, 0),
(1001, 'output power meter', 1, 4, 'No', '2019-05-11 00:00:00', 4, '0000-00-00 00:00:00', 0, 0),
(1002, 'OUTSIDE  CALLIPER', 1, 4, 'No', '2019-05-11 00:00:00', 4, '0000-00-00 00:00:00', 0, 0),
(1003, 'OUTSIDE DIVIDER CALLIPER ,175 MM', 1, 4, 'No', '2019-05-11 00:00:00', 4, '0000-00-00 00:00:00', 0, 0),
(1004, 'Outside micrometer 0 to 25 mm', 1, 4, 'No', '2019-05-11 00:00:00', 4, '0000-00-00 00:00:00', 0, 0),
(1005, 'Outside micrometer 25 to 50 mm', 1, 4, 'No', '2019-05-11 00:00:00', 4, '0000-00-00 00:00:00', 0, 0),
(1006, 'Outside micrometer 50 to 75 mm', 1, 4, 'No', '2019-05-11 00:00:00', 4, '0000-00-00 00:00:00', 0, 0),
(1007, 'Outside micrometer 75 to 100 mm', 1, 4, 'No', '2019-05-11 00:00:00', 4, '0000-00-00 00:00:00', 0, 0),
(1008, 'OVEN STOVE', 1, 4, 'No', '2019-05-11 00:00:00', 4, '0000-00-00 00:00:00', 0, 0),
(1009, 'OVEN STOVE ,1200 WATT', 1, 4, 'No', '2019-05-11 00:00:00', 4, '0000-00-00 00:00:00', 0, 0),
(1010, 'Oven, electrode drying ', 1, 4, 'No', '2019-05-11 00:00:00', 4, '0000-00-00 00:00:00', 0, 0),
(1011, 'Oxy - acetylene gas welding 7 equipment with hoses regulator and other accessories .', 1, 7, 'No', '2019-05-11 00:00:00', 4, '0000-00-00 00:00:00', 0, 0),
(1012, 'Oxy Acetylene Gas cutting blow pipe ', 1, 4, 'No', '2019-05-11 00:00:00', 4, '0000-00-00 00:00:00', 0, 0),
(1013, 'Oxygen Gas Pressure regulator  double stage ', 1, 4, 'No', '2019-05-11 00:00:00', 4, '0000-00-00 00:00:00', 0, 0),
(1014, 'Oxygen, Acetylene Cylinders * ', 1, 4, 'No', '2019-05-11 00:00:00', 4, '0000-00-00 00:00:00', 0, 0),
(1015, 'P.F. METER,0.5-1-0.5', 1, 4, 'No', '2019-05-11 00:00:00', 4, '0000-00-00 00:00:00', 0, 0),
(1016, 'P.T , 1 PHASE , 230 VOLT', 1, 4, 'No', '2019-05-11 00:00:00', 4, '0000-00-00 00:00:00', 0, 0),
(1017, 'pa-amplifier', 1, 4, 'No', '2019-05-11 00:00:00', 4, '0000-00-00 00:00:00', 0, 0),
(1018, 'PACKED DISTILLATION TOWER', 1, 4, 'No', '2019-05-11 00:00:00', 4, '0000-00-00 00:00:00', 0, 0),
(1019, 'PACKED TOWER OF GLASS FOR FLOODING VELOCITY EXPERIMENT', 1, 4, 'No', '2019-05-11 00:00:00', 4, '0000-00-00 00:00:00', 0, 0),
(1020, 'PAM, PPM, PWM trainer kit', 1, 4, 'No', '2019-05-11 00:00:00', 4, '0000-00-00 00:00:00', 0, 0),
(1021, 'Patch Panel', 1, 4, 'No', '2019-05-11 00:00:00', 4, '0000-00-00 00:00:00', 0, 0),
(1022, 'PCI slot Testing Tool', 1, 4, 'No', '2019-05-11 00:00:00', 4, '0000-00-00 00:00:00', 0, 0),
(1023, 'PCM trainer kit (modulation transmitter & modulation receiver)', 1, 4, 'No', '2019-05-11 00:00:00', 4, '0000-00-00 00:00:00', 0, 0),
(1024, 'Pedestal  grinder fitted with coarse  and medium grain size grinding wheels dia. 300 mm ', 1, 4, 'No', '2019-05-11 00:00:00', 4, '0000-00-00 00:00:00', 0, 0),
(1025, 'PEDESTAL GRINDER - DOUBLE ENDED - 200 MM', 1, 4, 'No', '2019-05-11 00:00:00', 4, '0000-00-00 00:00:00', 0, 0),
(1026, 'PEN DRIVE - 16 GB', 1, 4, 'No', '2019-05-11 00:00:00', 4, '0000-00-00 00:00:00', 0, 0),
(1027, 'PENTIUM COMPUTER LATEST', 1, 4, 'No', '2019-05-11 00:00:00', 4, '0000-00-00 00:00:00', 0, 0),
(1028, 'PERFORMANCE CHART ', 1, 4, 'No', '2019-05-11 00:00:00', 4, '0000-00-00 00:00:00', 0, 0),
(1029, 'permanent bar magnet', 1, 4, 'No', '2019-05-11 00:00:00', 4, '0000-00-00 00:00:00', 0, 0),
(1030, 'Personal Computer [pentium-||(200Mhz,Or Higher) 8mb ,256kb,2.1GbHDD ,1.44Mb FDD,Pcivga,32Bit Etherne', 1, 4, 'No', '2019-05-11 00:00:00', 4, '0000-00-00 00:00:00', 0, 0),
(1031, 'Petrol Engine(2-stroke) Motor Cycle/Scooter along with special tools and accessories', 1, 4, 'No', '2019-05-11 00:00:00', 4, '0000-00-00 00:00:00', 0, 0),
(1032, 'Petrol MPFI Engine Assembly with fault simulation board', 1, 4, 'No', '2019-05-11 00:00:00', 4, '0000-00-00 00:00:00', 0, 0),
(1033, 'Petrol 4zzle', 1, 4, 'No', '2019-05-11 00:00:00', 4, '0000-00-00 00:00:00', 0, 0),
(1034, 'PETROLEUM PLANT SIMULATOR', 1, 4, 'No', '2019-05-11 00:00:00', 4, '0000-00-00 00:00:00', 0, 0),
(1035, 'Ph  METER DIGITAL', 1, 4, 'No', '2019-05-11 00:00:00', 4, '0000-00-00 00:00:00', 0, 0),
(1036, 'Philips Screw Driver 7 of 5 pieces (100 mm to 300 mm)', 1, 4, 'No', '2019-05-11 00:00:00', 4, '0000-00-00 00:00:00', 0, 0),
(1037, 'Photocopying Machine (old)', 1, 4, 'No', '2019-05-11 00:00:00', 4, '0000-00-00 00:00:00', 0, 0),
(1038, 'Pigeon hole cabinet', 1, 4, 'No', '2019-05-11 00:00:00', 4, '0000-00-00 00:00:00', 0, 0),
(1039, 'PILER ROUND 4E, 150mm', 1, 4, 'No', '2019-05-11 00:00:00', 4, '0000-00-00 00:00:00', 0, 0),
(1040, 'PILLAR ELECTRIC DRILL MACHINE,12MM CAPACITY', 1, 4, 'No', '2019-05-11 00:00:00', 4, '0000-00-00 00:00:00', 0, 0),
(1041, 'PIN  TYPE SHACKLE TYPE SUSPENSION TYPE INSULATOR (RAW MATERIAL)', 1, 7, 'No', '2019-05-11 00:00:00', 4, '0000-00-00 00:00:00', 0, 0),
(1042, 'PIN TYPE INSULATOR', 1, 4, 'No', '2019-05-11 00:00:00', 4, '0000-00-00 00:00:00', 0, 0),
(1043, 'PINCER , 200 MM', 1, 4, 'No', '2019-05-11 00:00:00', 4, '0000-00-00 00:00:00', 0, 0),
(1044, 'PINCER 150 MM', 1, 4, 'No', '2019-05-11 00:00:00', 4, '0000-00-00 00:00:00', 0, 0),
(1045, 'Pipe bender spool type up to 25mm .with stand manually', 1, 4, 'No', '2019-05-11 00:00:00', 4, '0000-00-00 00:00:00', 0, 0),
(1046, 'Pipe Bending Machine (Hydraulic type) 12mm to 30mm', 1, 4, 'No', '2019-05-11 00:00:00', 4, '0000-00-00 00:00:00', 0, 0),
(1047, 'Pipe cutter 6mmto 50mm wheel type.', 1, 4, 'No', '2019-05-11 00:00:00', 4, '0000-00-00 00:00:00', 0, 0),
(1048, 'PIPE CUTTER TO  CUT PIPES UP TO 5 CM DIA, 100 MM', 1, 4, 'No', '2019-05-11 00:00:00', 4, '0000-00-00 00:00:00', 0, 0),
(1049, 'PIPE CUTTER TO  CUT PIPES UP TO 5 CM DIA, 35mm', 1, 4, 'No', '2019-05-11 00:00:00', 4, '0000-00-00 00:00:00', 0, 0),
(1050, 'PIPE CUTTER TO CUT PIPES ABOVE 5 CM DIA, 25mm', 1, 4, 'No', '2019-05-11 00:00:00', 4, '0000-00-00 00:00:00', 0, 0),
(1051, 'PIPE CUTTER TO CUT PIPES UPTO 5 CM DIA', 1, 4, 'No', '2019-05-11 00:00:00', 4, '0000-00-00 00:00:00', 0, 0),
(1052, 'PIPE CUTTER,ABOVE 5 CM', 1, 4, 'No', '2019-05-11 00:00:00', 4, '0000-00-00 00:00:00', 0, 0),
(1053, 'Pipe cutting tool', 1, 4, 'No', '2019-05-11 00:00:00', 4, '0000-00-00 00:00:00', 0, 0),
(1054, 'PIPE VICE', 1, 4, 'No', '2019-05-11 00:00:00', 4, '0000-00-00 00:00:00', 0, 0),
(1055, 'pipe vice 100mm', 1, 4, 'No', '2019-05-11 00:00:00', 4, '0000-00-00 00:00:00', 0, 0),
(1056, 'PIPE VICE,250MM', 1, 4, 'No', '2019-05-11 00:00:00', 4, '0000-00-00 00:00:00', 0, 0),
(1057, 'PIPE VOICE,75 MM', 1, 4, 'No', '2019-05-11 00:00:00', 4, '0000-00-00 00:00:00', 0, 0),
(1058, 'PIPE WRENCH 14''''', 1, 4, 'No', '2019-05-11 00:00:00', 4, '0000-00-00 00:00:00', 0, 0),
(1059, 'pipe wrench 40cm', 1, 4, 'No', '2019-05-11 00:00:00', 4, '0000-00-00 00:00:00', 0, 0),
(1060, 'PIPETTES 10 ML', 1, 4, 'No', '2019-05-11 00:00:00', 4, '0000-00-00 00:00:00', 0, 0),
(1061, 'Piston ring compressor', 1, 4, 'No', '2019-05-11 00:00:00', 4, '0000-00-00 00:00:00', 0, 0),
(1062, 'Piston Ring expander and remover.', 1, 4, 'No', '2019-05-11 00:00:00', 4, '0000-00-00 00:00:00', 0, 0),
(1063, 'PITOT TUBE 7UP', 1, 4, 'No', '2019-05-11 00:00:00', 4, '0000-00-00 00:00:00', 0, 0),
(1064, 'PLAN SMOOTHING CUTTER,50MM', 1, 4, 'No', '2019-05-11 00:00:00', 4, '0000-00-00 00:00:00', 0, 0),
(1065, 'Planishing hammer ', 1, 4, 'No', '2019-05-11 00:00:00', 4, '0000-00-00 00:00:00', 0, 0),
(1066, 'Plastic brush ', 1, 4, 'No', '2019-05-11 00:00:00', 4, '0000-00-00 00:00:00', 0, 0),
(1067, 'PLATE AND FRAME FILTER PRESS', 1, 4, 'No', '2019-05-11 00:00:00', 4, '0000-00-00 00:00:00', 0, 0),
(1068, 'PLATE TYPE HEAT EXCHANGER', 1, 4, 'No', '2019-05-11 00:00:00', 4, '0000-00-00 00:00:00', 0, 0),
(1069, 'PLC KIT', 1, 4, 'No', '2019-05-11 00:00:00', 4, '0000-00-00 00:00:00', 0, 0),
(1070, 'PLIER FLAT 4E,100MM', 1, 4, 'No', '2019-05-11 00:00:00', 4, '0000-00-00 00:00:00', 0, 0),
(1071, 'PLIER FLAT 4E,150MM', 1, 4, 'No', '2019-05-11 00:00:00', 4, '0000-00-00 00:00:00', 0, 0),
(1072, 'PLIER ROUND 4E,150MM', 1, 4, 'No', '2019-05-11 00:00:00', 4, '0000-00-00 00:00:00', 0, 0),
(1073, 'PLIER SIDE CUTTING, 150 M.M.', 1, 4, 'No', '2019-05-11 00:00:00', 4, '0000-00-00 00:00:00', 0, 0),
(1074, 'Pliers combination 15cm', 1, 4, 'No', '2019-05-11 00:00:00', 4, '0000-00-00 00:00:00', 0, 0),
(1075, 'Pliers combination 20 cm.', 1, 4, 'No', '2019-05-11 00:00:00', 4, '0000-00-00 00:00:00', 0, 0),
(1076, 'Pliers flat 4e 15 cm', 1, 4, 'No', '2019-05-11 00:00:00', 4, '0000-00-00 00:00:00', 0, 0),
(1077, 'PLIERS FLAT 4E 150 MM', 1, 4, 'No', '2019-05-11 00:00:00', 4, '0000-00-00 00:00:00', 0, 0),
(1078, 'PLIERS ROUND 4E 100 MM', 1, 4, 'No', '2019-05-11 00:00:00', 4, '0000-00-00 00:00:00', 0, 0),
(1079, 'Pliers round 4e 15 cm', 1, 4, 'No', '2019-05-11 00:00:00', 4, '0000-00-00 00:00:00', 0, 0),
(1080, 'Pliers side cutting 15 cm', 1, 4, 'No', '2019-05-11 00:00:00', 4, '0000-00-00 00:00:00', 0, 0),
(1081, 'PLOTTER (MAX. AO SIZE) MODLE 4. - HPT520 36 IN', 1, 4, 'No', '2019-05-11 00:00:00', 4, '0000-00-00 00:00:00', 0, 0),
(1082, 'PM trainer kit (modulation & demodulation)ST-2102', 1, 4, 'No', '2019-05-11 00:00:00', 4, '0000-00-00 00:00:00', 0, 0),
(1083, 'Pneumatic rivet gun with standard accessories', 1, 4, 'No', '2019-05-11 00:00:00', 4, '0000-00-00 00:00:00', 0, 0),
(1084, 'Pocker', 1, 4, 'No', '2019-05-11 00:00:00', 4, '0000-00-00 00:00:00', 0, 0),
(1085, 'POCKER (WOODEN HANDLE),150 MM', 1, 4, 'No', '2019-05-11 00:00:00', 4, '0000-00-00 00:00:00', 0, 0),
(1086, 'Poe Adapter', 1, 4, 'No', '2019-05-11 00:00:00', 4, '0000-00-00 00:00:00', 0, 0),
(1087, 'Portable abrasive cut-off machine ', 1, 4, 'No', '2019-05-11 00:00:00', 4, '0000-00-00 00:00:00', 0, 0),
(1088, 'Portable drilling machine ', 1, 4, 'No', '2019-05-11 00:00:00', 4, '0000-00-00 00:00:00', 0, 0),
(1089, 'PORTABLE ELECTRIC DRILL MACHINE 6 MM', 1, 4, 'No', '2019-05-11 00:00:00', 4, '0000-00-00 00:00:00', 0, 0),
(1090, 'Portable gas cutting machine ', 1, 4, 'No', '2019-05-11 00:00:00', 4, '0000-00-00 00:00:00', 0, 0),
(1091, 'Portable hand drill(electric) 0to6mm', 1, 4, 'No', '2019-05-11 00:00:00', 4, '0000-00-00 00:00:00', 0, 0),
(1092, 'POTENTIAL  TRANSFORMER,415V,50HZ PT. 11KV', 1, 4, 'No', '2019-05-11 00:00:00', 4, '0000-00-00 00:00:00', 0, 0),
(1093, 'Power Electronic Trainer ', 1, 4, 'No', '2019-05-11 00:00:00', 4, '0000-00-00 00:00:00', 0, 0),
(1094, 'power electronic trainer (Salicon)', 1, 4, 'No', '2019-05-11 00:00:00', 4, '0000-00-00 00:00:00', 0, 0),
(1095, 'power electronic trainer (Scientech)', 1, 4, 'No', '2019-05-11 00:00:00', 4, '0000-00-00 00:00:00', 0, 0),
(1096, 'power electronic trainer (VPL)', 1, 4, 'No', '2019-05-11 00:00:00', 4, '0000-00-00 00:00:00', 0, 0),
(1097, 'POWER FACTOR  METER', 1, 4, 'No', '2019-05-11 00:00:00', 4, '0000-00-00 00:00:00', 0, 0),
(1098, 'power factor meter (? 0.5)', 1, 4, 'No', '2019-05-11 00:00:00', 4, '0000-00-00 00:00:00', 0, 0),
(1099, 'POWER FACTOR METER, 1-phase 5 amp', 1, 4, 'No', '2019-05-11 00:00:00', 4, '0000-00-00 00:00:00', 0, 0),
(1100, 'POWER HACKSAW WITHOUT MOTER', 1, 4, 'No', '2019-05-11 00:00:00', 4, '0000-00-00 00:00:00', 0, 0),
(1101, 'Power saw  machine     ', 1, 4, 'No', '2019-05-11 00:00:00', 4, '0000-00-00 00:00:00', 0, 0),
(1102, 'Power Supply 30-0-30, 2 Amp.', 1, 4, 'No', '2019-05-11 00:00:00', 4, '0000-00-00 00:00:00', 0, 0),
(1103, 'Precision 7 of screw drivers T5, T6, T7 (7 of 30)', 1, 4, 'No', '2019-05-11 00:00:00', 4, '0000-00-00 00:00:00', 0, 0),
(1104, 'PRESSURE VESSEL WITH ALL ACCESSORIES', 1, 4, 'No', '2019-05-11 00:00:00', 4, '0000-00-00 00:00:00', 0, 0),
(1105, 'Prick punch', 1, 4, 'No', '2019-05-11 00:00:00', 4, '0000-00-00 00:00:00', 0, 0),
(1106, 'Prick Punch 15 cm', 1, 4, 'No', '2019-05-11 00:00:00', 4, '0000-00-00 00:00:00', 0, 0),
(1107, 'Printer table', 1, 4, 'No', '2019-05-11 00:00:00', 4, '0000-00-00 00:00:00', 0, 0),
(1108, 'Processors (of Diff. Make) in old cpu', 1, 4, 'No', '2019-05-11 00:00:00', 4, '0000-00-00 00:00:00', 0, 0),
(1109, 'Projector Screen', 1, 4, 'No', '2019-05-11 00:00:00', 4, '0000-00-00 00:00:00', 0, 0),
(1110, 'PULLY PULLER', 1, 4, 'No', '2019-05-11 00:00:00', 4, '0000-00-00 00:00:00', 0, 0),
(1111, 'PULLY PULLER,100MM', 1, 4, 'No', '2019-05-11 00:00:00', 4, '0000-00-00 00:00:00', 0, 0),
(1112, 'PULLY PULLER,200MM', 1, 4, 'No', '2019-05-11 00:00:00', 4, '0000-00-00 00:00:00', 0, 0),
(1113, 'PULLY PULLER,75MM', 1, 4, 'No', '2019-05-11 00:00:00', 4, '0000-00-00 00:00:00', 0, 0),
(1114, 'PUNCH CENTRE - DIAMETER - 10MM AND LENGTH - 100 MM ', 1, 4, 'No', '2019-05-11 00:00:00', 4, '0000-00-00 00:00:00', 0, 0),
(1115, 'PUNCH CENTRE 150 MM X 9MM', 1, 4, 'No', '2019-05-11 00:00:00', 4, '0000-00-00 00:00:00', 0, 0),
(1116, 'PUNCH CENTRE,100MMX9MM', 1, 4, 'No', '2019-05-11 00:00:00', 4, '0000-00-00 00:00:00', 0, 0),
(1117, 'PUNCH CENTRE,120MMX9MM', 1, 4, 'No', '2019-05-11 00:00:00', 4, '0000-00-00 00:00:00', 0, 0),
(1118, 'punch hollow 6mm to 19 7 of 5', 1, 7, 'No', '2019-05-11 00:00:00', 4, '0000-00-00 00:00:00', 0, 0),
(1119, 'punch letter 3mm 7', 1, 4, 'No', '2019-05-11 00:00:00', 4, '0000-00-00 00:00:00', 0, 0),
(1120, 'Punch Letter 4mm (Number)', 1, 7, 'No', '2019-05-11 00:00:00', 4, '0000-00-00 00:00:00', 0, 0),
(1121, 'punch number 7 3mm', 1, 4, 'No', '2019-05-11 00:00:00', 4, '0000-00-00 00:00:00', 0, 0),
(1122, 'PUNCH PRICK - 100 MM', 1, 4, 'No', '2019-05-11 00:00:00', 4, '0000-00-00 00:00:00', 0, 0),
(1123, 'punch round 3mm*4mm 7 of 2', 1, 7, 'No', '2019-05-11 00:00:00', 4, '0000-00-00 00:00:00', 0, 0),
(1124, 'PUNCHING MACHINE ', 1, 4, 'No', '2019-05-11 00:00:00', 4, '0000-00-00 00:00:00', 0, 0),
(1125, 'Punching Tool', 1, 4, 'No', '2019-05-11 00:00:00', 4, '0000-00-00 00:00:00', 0, 0),
(1126, 'push button telephone ', 1, 4, 'No', '2019-05-11 00:00:00', 4, '0000-00-00 00:00:00', 0, 0),
(1127, 'Quenching tank (to be made in the institute)', 1, 4, 'No', '2019-05-11 00:00:00', 4, '0000-00-00 00:00:00', 0, 0),
(1128, 'R.T.D. THERMOMETER PT 100', 1, 4, 'No', '2019-05-11 00:00:00', 4, '0000-00-00 00:00:00', 0, 0),
(1129, 'Radiator cut section-cross flow', 1, 4, 'No', '2019-05-11 00:00:00', 4, '0000-00-00 00:00:00', 0, 0),
(1130, 'Radiator cut section-down flow', 1, 4, 'No', '2019-05-11 00:00:00', 4, '0000-00-00 00:00:00', 0, 0),
(1131, 'Radiator pressure cap', 1, 4, 'No', '2019-05-11 00:00:00', 4, '0000-00-00 00:00:00', 0, 0),
(1132, 'Rake.', 1, 4, 'No', '2019-05-11 00:00:00', 4, '0000-00-00 00:00:00', 0, 0),
(1133, 'ratchet brace drill', 1, 4, 'No', '2019-05-11 00:00:00', 4, '0000-00-00 00:00:00', 0, 0),
(1134, 'RAWL PLUG TOOL  & BIT', 1, 7, 'No', '2019-05-11 00:00:00', 4, '0000-00-00 00:00:00', 0, 0),
(1135, 'RAWL PLUG TOOL AND BIT', 1, 4, 'No', '2019-05-11 00:00:00', 4, '0000-00-00 00:00:00', 0, 0),
(1136, 'R-C coupled amplifier board', 1, 4, 'No', '2019-05-11 00:00:00', 4, '0000-00-00 00:00:00', 0, 0),
(1137, 'REACTOR TRAINER WITH ALL CONTROLLING ACCESSORIES', 1, 4, 'No', '2019-05-11 00:00:00', 4, '0000-00-00 00:00:00', 0, 0),
(1138, 'Reamer parallel 12 - 16mm 7 of 5.', 1, 7, 'No', '2019-05-11 00:00:00', 4, '0000-00-00 00:00:00', 0, 0),
(1139, 'RECIPROCATING PUMP TEST RIG', 1, 4, 'No', '2019-05-11 00:00:00', 4, '0000-00-00 00:00:00', 0, 0),
(1140, 'REDWOOD VISCOMETER', 1, 4, 'No', '2019-05-11 00:00:00', 4, '0000-00-00 00:00:00', 0, 0),
(1141, 'Registered Domain', 1, 4, 'No', '2019-05-11 00:00:00', 4, '0000-00-00 00:00:00', 0, 0),
(1142, 'Resistance box ', 1, 4, 'No', '2019-05-11 00:00:00', 4, '0000-00-00 00:00:00', 0, 0),
(1143, 'RESISTANCE BOX 0 TO 500 OHMS', 1, 4, 'No', '2019-05-11 00:00:00', 4, '0000-00-00 00:00:00', 0, 0),
(1144, 'RESISTANCE COILS (2 OHMS,5 OHMS , 10 OHMS, 100 OHMS)', 1, 4, 'No', '2019-05-11 00:00:00', 4, '0000-00-00 00:00:00', 0, 0),
(1145, 'RESISTANCE TYPE STARTER ', 1, 4, 'No', '2019-05-11 00:00:00', 4, '0000-00-00 00:00:00', 0, 0),
(1146, 'RESISTANCE TYPE STARTER,3 PHASE, 440 VOLT', 1, 4, 'No', '2019-05-11 00:00:00', 4, '0000-00-00 00:00:00', 0, 0),
(1147, 'REY4LD''S FQUIPMENT', 1, 4, 'No', '2019-05-11 00:00:00', 4, '0000-00-00 00:00:00', 0, 0),
(1148, 'RF Generator with Audio Modulation Facility', 1, 4, 'No', '2019-05-11 00:00:00', 4, '0000-00-00 00:00:00', 0, 0),
(1149, 'RHEOSTAT (A) RHEOSTAT 25 OHMS (B) RHEOSTAT 100 OHMS', 1, 4, 'No', '2019-05-11 00:00:00', 4, '0000-00-00 00:00:00', 0, 0),
(1150, 'RHEOSTAT 0-1 OHM, 5 AMP ,0-10 OHMM, 5AMP ,0-25 ONM ,1AMP,0-300 OHM, 1 AMP', 1, 4, 'No', '2019-05-11 00:00:00', 4, '0000-00-00 00:00:00', 0, 0),
(1151, 'RHEOSTATE,0-10 OHM,5A', 1, 4, 'No', '2019-05-11 00:00:00', 4, '0000-00-00 00:00:00', 0, 0),
(1152, 'RHEOSTATE,25 OHM, 1A', 1, 4, 'No', '2019-05-11 00:00:00', 4, '0000-00-00 00:00:00', 0, 0),
(1153, 'RHEOSTATE,296 OHM,2.8 A', 1, 4, 'No', '2019-05-11 00:00:00', 4, '0000-00-00 00:00:00', 0, 0),
(1154, 'Rheostats various value & rating', 1, 4, 'No', '2019-05-11 00:00:00', 4, '0000-00-00 00:00:00', 0, 0),
(1155, 'RHOSTATE , 10 ohm', 1, 4, 'No', '2019-05-11 00:00:00', 4, '0000-00-00 00:00:00', 0, 0),
(1156, 'RHOSTATE , 25 ohm', 1, 4, 'No', '2019-05-11 00:00:00', 4, '0000-00-00 00:00:00', 0, 0),
(1157, 'RHOSTATE , 300 ohm', 1, 4, 'No', '2019-05-11 00:00:00', 4, '0000-00-00 00:00:00', 0, 0),
(1158, 'RHOSTATE ,286 ohm', 1, 4, 'No', '2019-05-11 00:00:00', 4, '0000-00-00 00:00:00', 0, 0),
(1159, 'Rice cookeer', 1, 4, 'No', '2019-05-11 00:00:00', 4, '0000-00-00 00:00:00', 0, 0),
(1160, 'Right cut snips 250mm', 1, 4, 'No', '2019-05-11 00:00:00', 4, '0000-00-00 00:00:00', 0, 0),
(1161, 'RISING AND FALLING FILM EVAPORATOR', 1, 4, 'No', '2019-05-11 00:00:00', 4, '0000-00-00 00:00:00', 0, 0),
(1162, 'Rivet 7s snap and Dolly combined 3mm, 4mm, 6mm', 1, 4, 'No', '2019-05-11 00:00:00', 4, '0000-00-00 00:00:00', 0, 0),
(1163, 'Rj-45 Cable Extendar', 1, 4, 'No', '2019-05-11 00:00:00', 4, '0000-00-00 00:00:00', 0, 0),
(1164, 'RJ-45 connector', 1, 4, 'No', '2019-05-11 00:00:00', 4, '0000-00-00 00:00:00', 0, 0),
(1165, 'RJ-45 info outlate with Faceplate', 1, 4, 'No', '2019-05-11 00:00:00', 4, '0000-00-00 00:00:00', 0, 0),
(1166, 'RJ-45 To USB convertor', 1, 4, 'No', '2019-05-11 00:00:00', 4, '0000-00-00 00:00:00', 0, 0),
(1167, 'RODS WITH SCREW AT ONE END FOR ELECTRO CHEMICAL EQUIVALENT (i) CARBON (ii) ZINC (iii) COPPER', 1, 4, 'No', '2019-05-11 00:00:00', 4, '0000-00-00 00:00:00', 0, 0),
(1168, 'ROTARY DRUM DRIER', 1, 4, 'No', '2019-05-11 00:00:00', 4, '0000-00-00 00:00:00', 0, 0),
(1169, 'ROTARY DRUM VACUUM FILTER', 1, 4, 'No', '2019-05-11 00:00:00', 4, '0000-00-00 00:00:00', 0, 0),
(1170, 'ROTARY SWTICH 16 A', 1, 4, 'No', '2019-05-11 00:00:00', 4, '0000-00-00 00:00:00', 0, 0),
(1171, 'ROTARY SWTICH,16A (RAW MAT)', 1, 4, 'No', '2019-05-11 00:00:00', 4, '0000-00-00 00:00:00', 0, 0),
(1172, 'ROTORY SWITCH, 15 AMP', 1, 4, 'No', '2019-05-11 00:00:00', 4, '0000-00-00 00:00:00', 0, 0),
(1173, 'ROUND BOTTOM DISTILLATION FLASK WITH SIDE NECK 500 ML', 1, 4, 'No', '2019-05-11 00:00:00', 4, '0000-00-00 00:00:00', 0, 0),
(1174, 'round hote plate', 1, 4, 'No', '2019-05-11 00:00:00', 4, '0000-00-00 00:00:00', 0, 0),
(1175, 'Round 4e plier 120 mm ', 1, 4, 'No', '2019-05-11 00:00:00', 4, '0000-00-00 00:00:00', 0, 0),
(1176, 'Router', 1, 4, 'No', '2019-05-11 00:00:00', 4, '0000-00-00 00:00:00', 0, 0),
(1177, 'RUBBER BULB FOR PIPETTES', 1, 4, 'No', '2019-05-11 00:00:00', 4, '0000-00-00 00:00:00', 0, 0),
(1178, 'RUBBER CORK OF (2.5 CM, 3 CM) SIZE VARIOUS SIZE', 1, 4, 'No', '2019-05-11 00:00:00', 4, '0000-00-00 00:00:00', 0, 0),
(1179, 'rubber gloves pair', 1, 4, 'No', '2019-05-11 00:00:00', 4, '0000-00-00 00:00:00', 0, 0),
(1180, 'RUBBER HOSE - ACETYLENE, DIAMETER - 8MM , LENGTH -10 METER', 1, 2, 'No', '2019-05-11 00:00:00', 4, '0000-00-00 00:00:00', 0, 0),
(1181, 'RUBBER HOSE - OXYGEN , DIAMETER - 8MM , LENGTH - 10 METERS', 1, 2, 'No', '2019-05-11 00:00:00', 4, '0000-00-00 00:00:00', 0, 0),
(1182, 'Rubber hose acetylene ', 1, 2, 'No', '2019-05-11 00:00:00', 4, '0000-00-00 00:00:00', 0, 0),
(1183, 'RUBBER HOSE CLIES - 1/2 INCH', 1, 4, 'No', '2019-05-11 00:00:00', 4, '0000-00-00 00:00:00', 0, 0),
(1184, 'Rubber hose clips ?"', 1, 4, 'No', '2019-05-11 00:00:00', 4, '0000-00-00 00:00:00', 0, 0),
(1185, 'Rubber hose oxygen ', 1, 2, 'No', '2019-05-11 00:00:00', 4, '0000-00-00 00:00:00', 0, 0),
(1186, 'RUBBER TUBING (ID - 5 MM) 8/10 ML', 1, 4, 'No', '2019-05-11 00:00:00', 4, '0000-00-00 00:00:00', 0, 0),
(1187, 'S.S tape 5 meters flexible in case ', 1, 4, 'No', '2019-05-11 00:00:00', 4, '0000-00-00 00:00:00', 0, 0),
(1188, 'S.S Wire brush 5 rows and 3 rows ', 1, 4, 'No', '2019-05-11 00:00:00', 4, '0000-00-00 00:00:00', 0, 0),
(1189, 'Safety boots for welders   ', 1, 7, 'No', '2019-05-11 00:00:00', 4, '0000-00-00 00:00:00', 0, 0),
(1190, 'SAFETY GOGGLES ', 1, 4, 'No', '2019-05-11 00:00:00', 4, '0000-00-00 00:00:00', 0, 0),
(1191, 'SAFETY HAND GLOVES LEATHER (REGULAR SIZE)', 1, 4, 'No', '2019-05-11 00:00:00', 4, '0000-00-00 00:00:00', 0, 0),
(1192, 'SAFFTY SHOES (REGULAR SIZE)', 1, 4, 'No', '2019-05-11 00:00:00', 4, '0000-00-00 00:00:00', 0, 0),
(1193, 'sampling & reconstruction trainer (ST-2101)', 1, 4, 'No', '2019-05-11 00:00:00', 4, '0000-00-00 00:00:00', 0, 0),
(1194, 'Satellite db meter', 1, 4, 'No', '2019-05-11 00:00:00', 4, '0000-00-00 00:00:00', 0, 0),
(1195, 'saw te4n 25cms', 1, 4, 'No', '2019-05-11 00:00:00', 4, '0000-00-00 00:00:00', 0, 0),
(1196, 'SCISSORS BLADE ,200mm', 1, 4, 'No', '2019-05-11 00:00:00', 4, '0000-00-00 00:00:00', 0, 0),
(1197, 'SCISSORS BLADE ,250mm', 1, 4, 'No', '2019-05-11 00:00:00', 4, '0000-00-00 00:00:00', 0, 0),
(1198, 'SCISSORS BLADE 150MM', 1, 4, 'No', '2019-05-11 00:00:00', 4, '0000-00-00 00:00:00', 0, 0),
(1199, 'SCISSORS,200MM', 1, 4, 'No', '2019-05-11 00:00:00', 4, '0000-00-00 00:00:00', 0, 0),
(1200, 'SCISSORS,220MM', 1, 4, 'No', '2019-05-11 00:00:00', 4, '0000-00-00 00:00:00', 0, 0),
(1201, 'SCISSORS,250MM', 1, 4, 'No', '2019-05-11 00:00:00', 4, '0000-00-00 00:00:00', 0, 0),
(1202, 'SCOOTER', 1, 4, 'No', '2019-05-11 00:00:00', 4, '0000-00-00 00:00:00', 0, 0),
(1203, 'Scraper flat 15 cm.', 1, 4, 'No', '2019-05-11 00:00:00', 4, '0000-00-00 00:00:00', 0, 0),
(1204, 'Scraper flat 25 cm', 1, 4, 'No', '2019-05-11 00:00:00', 4, '0000-00-00 00:00:00', 0, 0),
(1205, 'Scraper half round 15 cm', 1, 4, 'No', '2019-05-11 00:00:00', 4, '0000-00-00 00:00:00', 0, 0),
(1206, 'Scraper half round 25 cm', 1, 4, 'No', '2019-05-11 00:00:00', 4, '0000-00-00 00:00:00', 0, 0),
(1207, 'Scraper triangular 15 cm', 1, 4, 'No', '2019-05-11 00:00:00', 4, '0000-00-00 00:00:00', 0, 0),
(1208, 'Scraper Triangular 25 cm', 1, 4, 'No', '2019-05-11 00:00:00', 4, '0000-00-00 00:00:00', 0, 0),
(1209, 'Screw Driver  250mm blade   ', 1, 4, 'No', '2019-05-11 00:00:00', 4, '0000-00-00 00:00:00', 0, 0),
(1210, 'SCREW DRIVER - 9 X 300 MM', 1, 4, 'No', '2019-05-11 00:00:00', 4, '0000-00-00 00:00:00', 0, 0),
(1211, 'Screw driver 15cm', 1, 4, 'No', '2019-05-11 00:00:00', 4, '0000-00-00 00:00:00', 0, 0),
(1212, 'Screw driver 20cm.X 9mm. Blade', 1, 4, 'No', '2019-05-11 00:00:00', 4, '0000-00-00 00:00:00', 0, 0),
(1213, 'Screw driver 30 cm. X 9 mm. Blade', 1, 4, 'No', '2019-05-11 00:00:00', 4, '0000-00-00 00:00:00', 0, 0),
(1214, 'Screw Driver 7', 1, 7, 'No', '2019-05-11 00:00:00', 4, '0000-00-00 00:00:00', 0, 0),
(1215, 'Screw driver 7 ( Assorted type', 1, 4, 'No', '2019-05-11 00:00:00', 4, '0000-00-00 00:00:00', 0, 0),
(1216, 'Screw driver 7 (professional screw driver (jackly))', 1, 4, 'No', '2019-05-11 00:00:00', 4, '0000-00-00 00:00:00', 0, 0),
(1217, 'Screw driver 7 (7 of 5)', 1, 4, 'No', '2019-05-11 00:00:00', 4, '0000-00-00 00:00:00', 0, 0),
(1218, 'Screw driver 7 (7 of 6)', 1, 4, 'No', '2019-05-11 00:00:00', 4, '0000-00-00 00:00:00', 0, 0),
(1219, 'Screw driver 7 (7 of 7)', 1, 4, 'No', '2019-05-11 00:00:00', 4, '0000-00-00 00:00:00', 0, 0),
(1220, 'SCREW DRIVER, 100 M.M.', 1, 4, 'No', '2019-05-11 00:00:00', 4, '0000-00-00 00:00:00', 0, 0),
(1221, 'SCREW DRIVER, 150 M.M.', 1, 4, 'No', '2019-05-11 00:00:00', 4, '0000-00-00 00:00:00', 0, 0),
(1222, 'Screw pitch gauge.', 1, 4, 'No', '2019-05-11 00:00:00', 4, '0000-00-00 00:00:00', 0, 0),
(1223, 'SCREW PUMP', 1, 4, 'No', '2019-05-11 00:00:00', 4, '0000-00-00 00:00:00', 0, 0),
(1224, 'Screw thread micrometer with interchangeable 0-25mm pitch anvils for checking metric threads 60.', 1, 4, 'No', '2019-05-11 00:00:00', 4, '0000-00-00 00:00:00', 0, 0),
(1225, 'SCRIBER - STRAIGHT - 150MM', 1, 4, 'No', '2019-05-11 00:00:00', 4, '0000-00-00 00:00:00', 0, 0),
(1226, 'SCRIBER (KNURLED CENTRE  POSITION)(170) BENT TYPE', 1, 4, 'No', '2019-05-11 00:00:00', 4, '0000-00-00 00:00:00', 0, 0),
(1227, 'SCRIBER (KNURLED CENTRE  POSITION),(160MM) STRAIGHT TYPE', 1, 4, 'No', '2019-05-11 00:00:00', 4, '0000-00-00 00:00:00', 0, 0),
(1228, 'SCRIBER (KNURLED CENTRE  POSITION),(170MM) KNIFE TYPE', 1, 4, 'No', '2019-05-11 00:00:00', 4, '0000-00-00 00:00:00', 0, 0),
(1229, 'SCRIBER (KNURLED CENTRE POSITION)', 1, 4, 'No', '2019-05-11 00:00:00', 4, '0000-00-00 00:00:00', 0, 0),
(1230, 'Scriber 15 cm', 1, 4, 'No', '2019-05-11 00:00:00', 4, '0000-00-00 00:00:00', 0, 0),
(1231, 'Scriber 150 mm double point', 1, 4, 'No', '2019-05-11 00:00:00', 4, '0000-00-00 00:00:00', 0, 0),
(1232, 'Scriber straight 150 mm', 1, 4, 'No', '2019-05-11 00:00:00', 4, '0000-00-00 00:00:00', 0, 0),
(1233, 'Scriber with scribing black universal', 1, 4, 'No', '2019-05-11 00:00:00', 4, '0000-00-00 00:00:00', 0, 0),
(1234, 'SCRIBER, DOUBLE ENDED', 1, 4, 'No', '2019-05-11 00:00:00', 4, '0000-00-00 00:00:00', 0, 0),
(1235, 'SCRIBER, KNIFE EDGE', 1, 4, 'No', '2019-05-11 00:00:00', 4, '0000-00-00 00:00:00', 0, 0),
(1236, 'SEARLE''S APPARATUS FOR YOUNG''S MODULUS ', 1, 4, 'No', '2019-05-11 00:00:00', 4, '0000-00-00 00:00:00', 0, 0),
(1237, 'SECTIONISED ENGINE', 1, 4, 'No', '2019-05-11 00:00:00', 4, '0000-00-00 00:00:00', 0, 0),
(1238, '7 of stock and dies ? Metric', 1, 7, 'No', '2019-05-11 00:00:00', 4, '0000-00-00 00:00:00', 0, 0),
(1239, '7 SQUARE CELLULOD 30?-60? (250 X 1.5 MM)', 1, 4, 'No', '2019-05-11 00:00:00', 4, '0000-00-00 00:00:00', 0, 0),
(1240, '7 SQUARE CELLULOD 45? (250 X 1.5 MM)', 1, 4, 'No', '2019-05-11 00:00:00', 4, '0000-00-00 00:00:00', 0, 0),
(1241, '7ting hammers with handle', 1, 4, 'No', '2019-05-11 00:00:00', 4, '0000-00-00 00:00:00', 0, 0),
(1242, 'Seven segment DPM ', 1, 4, 'No', '2019-05-11 00:00:00', 4, '0000-00-00 00:00:00', 0, 0),
(1243, 'SEVER (TRUE DEDICATED SEVER)', 1, 4, 'No', '2019-05-11 00:00:00', 4, '0000-00-00 00:00:00', 0, 0),
(1244, 'SHACKLE TYPE INSULATOR', 1, 4, 'No', '2019-05-11 00:00:00', 4, '0000-00-00 00:00:00', 0, 0),
(1245, 'SHADED POLE  MOTOR,SHADED POLE MOTOR', 1, 4, 'No', '2019-05-11 00:00:00', 4, '0000-00-00 00:00:00', 0, 0),
(1246, 'SHADED POLE MOTOR, 1-PHASE 230V', 1, 4, 'No', '2019-05-11 00:00:00', 4, '0000-00-00 00:00:00', 0, 0),
(1247, 'Shear Tin Man?s 450 mm x 600mm', 1, 4, 'No', '2019-05-11 00:00:00', 4, '0000-00-00 00:00:00', 0, 0),
(1248, 'SHEEL AND TUBE HEAT EXCHANGER', 1, 4, 'No', '2019-05-11 00:00:00', 4, '0000-00-00 00:00:00', 0, 0),
(1249, 'Sheet Metal Gauge', 1, 4, 'No', '2019-05-11 00:00:00', 4, '0000-00-00 00:00:00', 0, 0),
(1250, 'Sher Tinmans 300mm', 1, 4, 'No', '2019-05-11 00:00:00', 4, '0000-00-00 00:00:00', 0, 0),
(1251, 'Shovel', 1, 4, 'No', '2019-05-11 00:00:00', 4, '0000-00-00 00:00:00', 0, 0),
(1252, 'Side Cutter ', 1, 4, 'No', '2019-05-11 00:00:00', 4, '0000-00-00 00:00:00', 0, 0),
(1253, 'SIDE CUTTING PILER, 150MM', 1, 4, 'No', '2019-05-11 00:00:00', 4, '0000-00-00 00:00:00', 0, 0),
(1254, 'SIDE WALL FAN', 1, 4, 'No', '2019-05-11 00:00:00', 4, '0000-00-00 00:00:00', 0, 0),
(1255, 'SIEVE PLATE DISTILLATION COLUMN', 1, 4, 'No', '2019-05-11 00:00:00', 4, '0000-00-00 00:00:00', 0, 0),
(1256, 'SIEVE SHAKER AND SIEVES', 1, 4, 'No', '2019-05-11 00:00:00', 4, '0000-00-00 00:00:00', 0, 0),
(1257, 'SIGHT GLASS LEVEL INDICATOR', 1, 4, 'No', '2019-05-11 00:00:00', 4, '0000-00-00 00:00:00', 0, 0),
(1258, 'Signal generator 0-100 KHz with analog display', 1, 4, 'No', '2019-05-11 00:00:00', 4, '0000-00-00 00:00:00', 0, 0),
(1259, 'signal injector', 1, 4, 'No', '2019-05-11 00:00:00', 4, '0000-00-00 00:00:00', 0, 0),
(1260, 'SILLING FAN', 1, 4, 'No', '2019-05-11 00:00:00', 4, '0000-00-00 00:00:00', 0, 0),
(1261, 'Simple double ended spanner 7 (7 of 8)', 1, 7, 'No', '2019-05-11 00:00:00', 4, '0000-00-00 00:00:00', 0, 0),
(1262, 'SIMPLE MACHINES - SCREW JACK WITH ACCESSORIES', 1, 4, 'No', '2019-05-11 00:00:00', 4, '0000-00-00 00:00:00', 0, 0),
(1263, 'Sine bar 125mm .', 1, 4, 'No', '2019-05-11 00:00:00', 4, '0000-00-00 00:00:00', 0, 0),
(1264, 'Sine bar 250mm.', 1, 4, 'No', '2019-05-11 00:00:00', 4, '0000-00-00 00:00:00', 0, 0),
(1265, 'SINFGLE  PHASE TRANSFORMER, 1 KVA', 1, 4, 'No', '2019-05-11 00:00:00', 4, '0000-00-00 00:00:00', 0, 0),
(1266, 'SINGLE PHASE CAPACITOR START MOTOR', 1, 4, 'No', '2019-05-11 00:00:00', 4, '0000-00-00 00:00:00', 0, 0),
(1267, 'SINGLE PHASE CAPACITOR START MOTOR, 1-PHASE, 230V AC, 1 HP', 1, 4, 'No', '2019-05-11 00:00:00', 4, '0000-00-00 00:00:00', 0, 0),
(1268, 'SINGLE PHASE T/F CORE  TYPE AIR COOLED ,1 KVA 240V / 415V 50HZ', 1, 4, 'No', '2019-05-11 00:00:00', 4, '0000-00-00 00:00:00', 0, 0),
(1269, 'SINGLE PHASE TRANSFORMER, CORE TYPE, AIR COOLED 1 KVA, 240 V', 1, 4, 'No', '2019-05-11 00:00:00', 4, '0000-00-00 00:00:00', 0, 0),
(1270, 'Single plate clutch assembly.', 1, 4, 'No', '2019-05-11 00:00:00', 4, '0000-00-00 00:00:00', 0, 0),
(1271, 'Sleeve drill Morse 0-1, 1-2, 2-3.', 1, 7, 'No', '2019-05-11 00:00:00', 4, '0000-00-00 00:00:00', 0, 0),
(1272, 'Slip Gauge as johnson metric 7.', 1, 7, 'No', '2019-05-11 00:00:00', 4, '0000-00-00 00:00:00', 0, 0),
(1273, 'small 4e plier ', 1, 4, 'No', '2019-05-11 00:00:00', 4, '0000-00-00 00:00:00', 0, 0),
(1274, 'SMD Recoverstation(Max-8550)', 1, 4, 'No', '2019-05-11 00:00:00', 4, '0000-00-00 00:00:00', 0, 0),
(1275, 'Smith ''s square 45 cm x 30 cm.', 1, 4, 'No', '2019-05-11 00:00:00', 4, '0000-00-00 00:00:00', 0, 0),
(1276, 'SMOKE DITECTOR', 1, 4, 'No', '2019-05-11 00:00:00', 4, '0000-00-00 00:00:00', 0, 0),
(1277, 'SMOKE TESTER', 1, 4, 'No', '2019-05-11 00:00:00', 4, '0000-00-00 00:00:00', 0, 0),
(1278, 'SMPS for Computer', 1, 4, 'No', '2019-05-11 00:00:00', 4, '0000-00-00 00:00:00', 0, 0),
(1279, 'Smps tester', 1, 4, 'No', '2019-05-11 00:00:00', 4, '0000-00-00 00:00:00', 0, 0),
(1280, 'SMPS Trainer', 1, 4, 'No', '2019-05-11 00:00:00', 4, '0000-00-00 00:00:00', 0, 0),
(1281, 'SMPS Trainer (VPL)', 1, 4, 'No', '2019-05-11 00:00:00', 4, '0000-00-00 00:00:00', 0, 0),
(1282, 'SNIP BENT , 250mm', 1, 4, 'No', '2019-05-11 00:00:00', 4, '0000-00-00 00:00:00', 0, 0),
(1283, 'Snip bent 25 cm ', 1, 4, 'No', '2019-05-11 00:00:00', 4, '0000-00-00 00:00:00', 0, 0),
(1284, 'Snip bent 25 cm ', 1, 4, 'No', '2019-05-11 00:00:00', 4, '0000-00-00 00:00:00', 0, 0),
(1285, 'SNIP STRAIGHT , 200mm', 1, 4, 'No', '2019-05-11 00:00:00', 4, '0000-00-00 00:00:00', 0, 0),
(1286, 'SNIP STRAIGHT AND BENT 150 MM', 1, 4, 'No', '2019-05-11 00:00:00', 4, '0000-00-00 00:00:00', 0, 0),
(1287, 'SNIP STRAIGHT,100MM', 1, 4, 'No', '2019-05-11 00:00:00', 4, '0000-00-00 00:00:00', 0, 0),
(1288, 'SNIP STRAIGHT,250MM', 1, 4, 'No', '2019-05-11 00:00:00', 4, '0000-00-00 00:00:00', 0, 0),
(1289, 'Snips straight 25 cm ', 1, 4, 'No', '2019-05-11 00:00:00', 4, '0000-00-00 00:00:00', 0, 0),
(1290, 'SOFTWARE: MS- OFFICE LATEST VERSION, CAD WITH LICENED VERSION', 1, 4, 'No', '2019-05-11 00:00:00', 4, '0000-00-00 00:00:00', 0, 0),
(1291, 'Soldering Copper Hatchet type 500gms', 1, 4, 'No', '2019-05-11 00:00:00', 4, '0000-00-00 00:00:00', 0, 0),
(1292, 'Soldering De-soldering Station', 1, 4, 'No', '2019-05-11 00:00:00', 4, '0000-00-00 00:00:00', 0, 0),
(1293, 'SOLDERING IRON  , 125 WATT', 1, 4, 'No', '2019-05-11 00:00:00', 4, '0000-00-00 00:00:00', 0, 0),
(1294, 'SOLDERING IRON  , 65 WATT', 1, 4, 'No', '2019-05-11 00:00:00', 4, '0000-00-00 00:00:00', 0, 0),
(1295, 'Soldering Iron (10W)', 1, 4, 'No', '2019-05-11 00:00:00', 4, '0000-00-00 00:00:00', 0, 0),
(1296, 'Soldering Iron (240W)', 1, 4, 'No', '2019-05-11 00:00:00', 4, '0000-00-00 00:00:00', 0, 0),
(1297, 'soldering iron (250watt)', 1, 4, 'No', '2019-05-11 00:00:00', 4, '0000-00-00 00:00:00', 0, 0),
(1298, 'Soldering Iron (25W)', 1, 4, 'No', '2019-05-11 00:00:00', 4, '0000-00-00 00:00:00', 0, 0),
(1299, 'Soldering iron (30watt)', 1, 4, 'No', '2019-05-11 00:00:00', 4, '0000-00-00 00:00:00', 0, 0),
(1300, 'Soldering iron (35watt)', 1, 4, 'No', '2019-05-11 00:00:00', 4, '0000-00-00 00:00:00', 0, 0),
(1301, 'Soldering iron (60watt)', 1, 4, 'No', '2019-05-11 00:00:00', 4, '0000-00-00 00:00:00', 0, 0),
(1302, 'soldering iron (65watt)', 1, 4, 'No', '2019-05-11 00:00:00', 4, '0000-00-00 00:00:00', 0, 0),
(1303, 'Soldering Iron 350 gm.', 1, 4, 'No', '2019-05-11 00:00:00', 4, '0000-00-00 00:00:00', 0, 0),
(1304, 'Soldering iron changeable bit 15 WATT', 1, 4, 'No', '2019-05-11 00:00:00', 4, '0000-00-00 00:00:00', 0, 0),
(1305, 'Soldering Iron stand', 1, 4, 'No', '2019-05-11 00:00:00', 4, '0000-00-00 00:00:00', 0, 0),
(1306, 'SOLDERING IRON,125W', 1, 4, 'No', '2019-05-11 00:00:00', 4, '0000-00-00 00:00:00', 0, 0),
(1307, 'Solid Parallels in pairs (Different size) in Metric', 1, 4, 'No', '2019-05-11 00:00:00', 4, '0000-00-00 00:00:00', 0, 0),
(1308, 'SPANER ADJUSTABLE 150 MM, 300 MM', 1, 4, 'No', '2019-05-11 00:00:00', 4, '0000-00-00 00:00:00', 0, 0),
(1309, 'Spanner adjustable 15 cm', 1, 4, 'No', '2019-05-11 00:00:00', 4, '0000-00-00 00:00:00', 0, 0),
(1310, 'SPANNER ADJUSTABLE, 150MM', 1, 4, 'No', '2019-05-11 00:00:00', 4, '0000-00-00 00:00:00', 0, 0),
(1311, 'SPANNER ADJUSTABLE, 250MM', 1, 4, 'No', '2019-05-11 00:00:00', 4, '0000-00-00 00:00:00', 0, 0),
(1312, 'SPANNER ADJUSTABLE,200MM', 1, 4, 'No', '2019-05-11 00:00:00', 4, '0000-00-00 00:00:00', 0, 0),
(1313, 'Spanner D.E. 6 -26 mm 7 of 10 8.', 1, 7, 'No', '2019-05-11 00:00:00', 4, '0000-00-00 00:00:00', 0, 0),
(1314, 'Spanner D.E. 6 mm to 32mm ', 1, 7, 'No', '2019-05-11 00:00:00', 4, '0000-00-00 00:00:00', 0, 0),
(1315, 'Spanner D.E. 7 of 12 pieces (6mm to 32mm)', 1, 4, 'No', '2019-05-11 00:00:00', 4, '0000-00-00 00:00:00', 0, 0),
(1316, 'Spanner 7', 1, 4, 'No', '2019-05-11 00:00:00', 4, '0000-00-00 00:00:00', 0, 0),
(1317, 'Spanner T. flocks for screwing up and up-screwing inaccessible', 1, 4, 'No', '2019-05-11 00:00:00', 4, '0000-00-00 00:00:00', 0, 0),
(1318, 'Spanner, adjustable 15cm.', 1, 4, 'No', '2019-05-11 00:00:00', 4, '0000-00-00 00:00:00', 0, 0),
(1319, 'Spanner, ring 7 of 12 metric sizes 6 to 32 mm.', 1, 4, 'No', '2019-05-11 00:00:00', 4, '0000-00-00 00:00:00', 0, 0),
(1320, 'Spanners socket with speed handle, T-bar, ratchet and universal upto 32 mm 7 of 28 pieces with box', 1, 4, 'No', '2019-05-11 00:00:00', 4, '0000-00-00 00:00:00', 0, 0),
(1321, 'SPARK LIGHTER ', 1, 4, 'No', '2019-05-11 00:00:00', 4, '0000-00-00 00:00:00', 0, 0),
(1322, 'Spark plug spanner 14mm x 18mm x Size', 1, 4, 'No', '2019-05-11 00:00:00', 4, '0000-00-00 00:00:00', 0, 0),
(1323, 'SPARKLE FILTER', 1, 4, 'No', '2019-05-11 00:00:00', 4, '0000-00-00 00:00:00', 0, 0),
(1324, 'SPATULA - 8 ''''', 1, 4, 'No', '2019-05-11 00:00:00', 4, '0000-00-00 00:00:00', 0, 0),
(1325, 'speaker stand', 1, 4, 'No', '2019-05-11 00:00:00', 4, '0000-00-00 00:00:00', 0, 0),
(1326, 'SPECIFIC GRAVITY BOTTLE 25 CC', 1, 4, 'No', '2019-05-11 00:00:00', 4, '0000-00-00 00:00:00', 0, 0),
(1327, 'Speedking Mechanism', 1, 4, 'No', '2019-05-11 00:00:00', 4, '0000-00-00 00:00:00', 0, 0),
(1328, 'Spindle key     ', 1, 4, 'No', '2019-05-11 00:00:00', 4, '0000-00-00 00:00:00', 0, 0),
(1329, 'Spindle key for cylinder valve ', 1, 4, 'No', '2019-05-11 00:00:00', 4, '0000-00-00 00:00:00', 0, 0),
(1330, 'Spirit leval 15cm metal', 1, 4, 'No', '2019-05-11 00:00:00', 4, '0000-00-00 00:00:00', 0, 0),
(1331, 'SPOT WELDING M/C', 1, 4, 'No', '2019-05-11 00:00:00', 4, '0000-00-00 00:00:00', 0, 0),
(1332, 'Spot welding machine ', 1, 4, 'No', '2019-05-11 00:00:00', 4, '0000-00-00 00:00:00', 0, 0),
(1333, 'SPRAY EXTRACTION COLUMN', 1, 4, 'No', '2019-05-11 00:00:00', 4, '0000-00-00 00:00:00', 0, 0),
(1334, 'SPRAY PAINTING GUN', 1, 4, 'No', '2019-05-11 00:00:00', 4, '0000-00-00 00:00:00', 0, 0),
(1335, 'spring cutter ', 1, 4, 'No', '2019-05-11 00:00:00', 4, '0000-00-00 00:00:00', 0, 0),
(1336, 'Spring tension tester', 1, 4, 'No', '2019-05-11 00:00:00', 4, '0000-00-00 00:00:00', 0, 0),
(1337, 'Squar adjustable 15cm blade ', 1, 4, 'No', '2019-05-11 00:00:00', 4, '0000-00-00 00:00:00', 0, 0),
(1338, 'SS and SC centre lathe (all geared) with Minimum centre height 6'''' / 150 mm &length 4.5''/1400 mm alo', 1, 4, 'No', '2019-05-11 00:00:00', 4, '0000-00-00 00:00:00', 0, 0),
(1339, 'Stainless steel rule 300 mm', 1, 4, 'No', '2019-05-11 00:00:00', 4, '0000-00-00 00:00:00', 0, 0),
(1340, 'Stake grooving', 1, 4, 'No', '2019-05-11 00:00:00', 4, '0000-00-00 00:00:00', 0, 0),
(1341, 'Stake hatchet', 1, 4, 'No', '2019-05-11 00:00:00', 4, '0000-00-00 00:00:00', 0, 0),
(1342, 'STANDS WITH CLAMPS FOR BURETTE', 1, 4, 'No', '2019-05-11 00:00:00', 4, '0000-00-00 00:00:00', 0, 0),
(1343, 'STAR DELTA AUTOMATIC STARTER,3 PHASE, 440 VOLT', 1, 4, 'No', '2019-05-11 00:00:00', 4, '0000-00-00 00:00:00', 0, 0),
(1344, 'STAR DELTA MANUAL STARTER, 3 PHASE, 440 VOLT', 1, 4, 'No', '2019-05-11 00:00:00', 4, '0000-00-00 00:00:00', 0, 0),
(1345, 'STAR DELTA SEMI AUTOMATIC STARTER,3 PHASE, 440 VOLT', 1, 4, 'No', '2019-05-11 00:00:00', 4, '0000-00-00 00:00:00', 0, 0),
(1346, 'STAR DELTA STARTER MANUAL  SEMI AUTOMATIC AND AUTOMATIC', 1, 4, 'No', '2019-05-11 00:00:00', 4, '0000-00-00 00:00:00', 0, 0),
(1347, 'STARTER ,2 TO 5 HP A.C. MOTORS', 1, 4, 'No', '2019-05-11 00:00:00', 4, '0000-00-00 00:00:00', 0, 0),
(1348, 'Starter motor axial type, pre-engagement type & Co-axial type', 1, 4, 'No', '2019-05-11 00:00:00', 4, '0000-00-00 00:00:00', 0, 0),
(1349, 'STEAM GENERATOR (COPPER) CAP. , 1000 ML', 1, 4, 'No', '2019-05-11 00:00:00', 4, '0000-00-00 00:00:00', 0, 0),
(1350, 'STEEL ALMIRAH', 1, 4, 'No', '2019-05-11 00:00:00', 4, '0000-00-00 00:00:00', 0, 0),
(1351, 'STEEL ALMIRAH - LARGE (OPTIONAL)', 1, 4, 'No', '2019-05-11 00:00:00', 4, '0000-00-00 00:00:00', 0, 0),
(1352, 'Steel almirah / cupboard ', 1, 4, 'No', '2019-05-11 00:00:00', 4, '0000-00-00 00:00:00', 0, 0),
(1353, 'steel almirah, (124 cm ? 83cm ? 45cm)', 1, 4, 'No', '2019-05-11 00:00:00', 4, '0000-00-00 00:00:00', 0, 0),
(1354, 'steel almirah, (129 cm ? 80cm ? 45cm)', 1, 4, 'No', '2019-05-11 00:00:00', 4, '0000-00-00 00:00:00', 0, 0),
(1355, 'STEEL LOCKER - 12 PIGEON HOLE', 1, 4, 'No', '2019-05-11 00:00:00', 4, '0000-00-00 00:00:00', 0, 0),
(1356, 'Steel lockers with 8 Pigeon holes', 1, 4, 'No', '2019-05-11 00:00:00', 4, '0000-00-00 00:00:00', 0, 0),
(1357, 'Steel measuring tape 10 meter in a case', 1, 4, 'No', '2019-05-11 00:00:00', 4, '0000-00-00 00:00:00', 0, 0),
(1358, 'Steel measuring tape 3m', 1, 4, 'No', '2019-05-11 00:00:00', 4, '0000-00-00 00:00:00', 0, 0),
(1359, 'STEEL RULE - 300 MM , GRADUATED BOTH IN METRIC AND ENGLISH UNIT', 1, 4, 'No', '2019-05-11 00:00:00', 4, '0000-00-00 00:00:00', 0, 0),
(1360, 'Steel Rule (150 MM)', 1, 4, 'No', '2019-05-11 00:00:00', 4, '0000-00-00 00:00:00', 0, 0),
(1361, 'Steel rule 15 cm inch and metric', 1, 4, 'No', '2019-05-11 00:00:00', 4, '0000-00-00 00:00:00', 0, 0),
(1362, 'Steel Rule 15 cm with metric graduation', 1, 4, 'No', '2019-05-11 00:00:00', 4, '0000-00-00 00:00:00', 0, 0),
(1363, 'Steel rule 30 cm inch and metric', 1, 4, 'No', '2019-05-11 00:00:00', 4, '0000-00-00 00:00:00', 0, 0),
(1364, 'STEEL RULE 300 MM', 1, 4, 'No', '2019-05-11 00:00:00', 4, '0000-00-00 00:00:00', 0, 0),
(1365, 'Steel rule 300mm', 1, 4, 'No', '2019-05-11 00:00:00', 4, '0000-00-00 00:00:00', 0, 0),
(1366, 'Steel rule 30cm.', 1, 4, 'No', '2019-05-11 00:00:00', 4, '0000-00-00 00:00:00', 0, 0),
(1367, 'Steel rule 60cm.', 1, 4, 'No', '2019-05-11 00:00:00', 4, '0000-00-00 00:00:00', 0, 0),
(1368, 'STEEL RULE, 300MM', 1, 4, 'No', '2019-05-11 00:00:00', 4, '0000-00-00 00:00:00', 0, 0),
(1369, 'STEEL TAP, 15M', 1, 4, 'No', '2019-05-11 00:00:00', 4, '0000-00-00 00:00:00', 0, 0),
(1370, 'STEEL TAP, 3 METER', 1, 4, 'No', '2019-05-11 00:00:00', 4, '0000-00-00 00:00:00', 0, 0),
(1371, 'STEEL TAP,15 METER', 1, 4, 'No', '2019-05-11 00:00:00', 4, '0000-00-00 00:00:00', 0, 0),
(1372, 'Steel tool box with lock and key (folding type) 400x200x150 mm', 1, 4, 'No', '2019-05-11 00:00:00', 4, '0000-00-00 00:00:00', 0, 0),
(1373, 'Steel wire Brush 50mmx150mm', 1, 4, 'No', '2019-05-11 00:00:00', 4, '0000-00-00 00:00:00', 0, 0),
(1374, 'Steering assembly - 1.Rack & pinion, 2.Worm & roller 3. Recirculating ball, 4.Power steering', 1, 4, 'No', '2019-05-11 00:00:00', 4, '0000-00-00 00:00:00', 0, 0),
(1375, 'STEPPER MOTOR ,DIGITAL  CONTROLLER ', 1, 4, 'No', '2019-05-11 00:00:00', 4, '0000-00-00 00:00:00', 0, 0),
(1376, 'STEPPER MOTOR WITH DIGITAL  CONTROLLER, 1-PHASE 230V', 1, 4, 'No', '2019-05-11 00:00:00', 4, '0000-00-00 00:00:00', 0, 0),
(1377, 'stilson wrenches 25cm ', 1, 4, 'No', '2019-05-11 00:00:00', 4, '0000-00-00 00:00:00', 0, 0),
(1378, 'STOCK AND DIE 7 FOR 20 MM TO 50 MM G.I. PIPE', 1, 4, 'No', '2019-05-11 00:00:00', 4, '0000-00-00 00:00:00', 0, 0),
(1379, 'STOCK AND DIES CONDUILT', 1, 4, 'No', '2019-05-11 00:00:00', 4, '0000-00-00 00:00:00', 0, 0),
(1380, 'Stone carborandum 15 cm x 5 cm x 5 cm x 4 cm.', 1, 4, 'No', '2019-05-11 00:00:00', 4, '0000-00-00 00:00:00', 0, 0),
(1381, 'STOOL', 1, 4, 'No', '2019-05-11 00:00:00', 4, '0000-00-00 00:00:00', 0, 0),
(1382, 'STOOL - HEIGHT - 450 MM', 1, 4, 'No', '2019-05-11 00:00:00', 4, '0000-00-00 00:00:00', 0, 0),
(1383, 'Stool for trainees ', 1, 4, 'No', '2019-05-11 00:00:00', 4, '0000-00-00 00:00:00', 0, 0),
(1384, 'STOOL WOODEN', 1, 4, 'No', '2019-05-11 00:00:00', 4, '0000-00-00 00:00:00', 0, 0),
(1385, 'Storage cabinet', 1, 4, 'No', '2019-05-11 00:00:00', 4, '0000-00-00 00:00:00', 0, 0),
(1386, 'Straight  edge45cm.steel', 1, 4, 'No', '2019-05-11 00:00:00', 4, '0000-00-00 00:00:00', 0, 0),
(1387, 'Straight Scriber15cm', 1, 4, 'No', '2019-05-11 00:00:00', 4, '0000-00-00 00:00:00', 0, 0),
(1388, 'Strain gauge load cell trainer', 1, 4, 'No', '2019-05-11 00:00:00', 4, '0000-00-00 00:00:00', 0, 0),
(1389, 'Structured cabling\nin Lab', 1, 7, 'No', '2019-05-11 00:00:00', 4, '0000-00-00 00:00:00', 0, 0),
(1390, 'stud Extractor EZY -out ', 1, 4, 'No', '2019-05-11 00:00:00', 4, '0000-00-00 00:00:00', 0, 0),
(1391, 'Stud remover with socket handle', 1, 4, 'No', '2019-05-11 00:00:00', 4, '0000-00-00 00:00:00', 0, 0),
(1392, 'STUDDENT LOCKERS', 1, 4, 'No', '2019-05-11 00:00:00', 4, '0000-00-00 00:00:00', 0, 0),
(1393, 'student table big size', 1, 4, 'No', '2019-05-11 00:00:00', 4, '0000-00-00 00:00:00', 0, 0),
(1394, 'Student Table With chair', 1, 4, 'No', '2019-05-11 00:00:00', 4, '0000-00-00 00:00:00', 0, 0),
(1395, 'Students chairs with writing pads ', 1, 4, 'No', '2019-05-11 00:00:00', 4, '0000-00-00 00:00:00', 0, 0),
(1396, 'Suitable  Arc welding table with positioner  ', 1, 4, 'No', '2019-05-11 00:00:00', 4, '0000-00-00 00:00:00', 0, 0),
(1397, 'Suitable  gas welding table with fire bricks ', 1, 4, 'No', '2019-05-11 00:00:00', 4, '0000-00-00 00:00:00', 0, 0),
(1398, 'Suitable Gas cutting table ', 1, 4, 'No', '2019-05-11 00:00:00', 4, '0000-00-00 00:00:00', 0, 0),
(1399, 'SUREANCE PLATE - GRANITE - 450 MM STAND', 1, 4, 'No', '2019-05-11 00:00:00', 4, '0000-00-00 00:00:00', 0, 0),
(1400, 'Surface plate 45*45cmCI/granite.', 1, 4, 'No', '2019-05-11 00:00:00', 4, '0000-00-00 00:00:00', 0, 0),
(1401, 'Surface roughness comparison plates N1-N12 grade', 1, 4, 'No', '2019-05-11 00:00:00', 4, '0000-00-00 00:00:00', 0, 0),
(1402, 'Surround Sound speakers (philips, frontech)', 1, 4, 'No', '2019-05-11 00:00:00', 4, '0000-00-00 00:00:00', 0, 0),
(1403, 'SUSPENSION TYPE INSULATOR', 1, 4, 'No', '2019-05-11 00:00:00', 4, '0000-00-00 00:00:00', 0, 0),
(1404, 'Swage block ', 1, 4, 'No', '2019-05-11 00:00:00', 4, '0000-00-00 00:00:00', 0, 0),
(1405, 'Swage block 35x35x12 cm', 1, 4, 'No', '2019-05-11 00:00:00', 4, '0000-00-00 00:00:00', 0, 0),
(1406, 'Swages top & bottom 12 mm/19', 1, 4, 'No', '2019-05-11 00:00:00', 4, '0000-00-00 00:00:00', 0, 0),
(1407, 'Switch', 1, 4, 'No', '2019-05-11 00:00:00', 4, '0000-00-00 00:00:00', 0, 0),
(1408, 'Switch With Poe ports', 1, 4, 'No', '2019-05-11 00:00:00', 4, '0000-00-00 00:00:00', 0, 0),
(1409, 'Synchro4us Gear box with stand for Dismantling and assembly.', 1, 4, 'No', '2019-05-11 00:00:00', 4, '0000-00-00 00:00:00', 0, 0),
(1410, 'SYNCHRO4US MOTOR', 1, 4, 'No', '2019-05-11 00:00:00', 4, '0000-00-00 00:00:00', 0, 0),
(1411, 'SYNCHRO4US MOTOR, 3-PHASE 440V AC, 3 HP', 1, 4, 'No', '2019-05-11 00:00:00', 4, '0000-00-00 00:00:00', 0, 0),
(1412, 'Synthesisers ( casio)', 1, 4, 'No', '2019-05-11 00:00:00', 4, '0000-00-00 00:00:00', 0, 0),
(1413, 'TABLE FOR SERVER , PRINTERS', 1, 4, 'No', '2019-05-11 00:00:00', 4, '0000-00-00 00:00:00', 0, 0),
(1414, 'TABLE VICE 100MM JAW', 1, 4, 'No', '2019-05-11 00:00:00', 4, '0000-00-00 00:00:00', 0, 0),
(1415, 'TABLE VICE, 125 MM', 1, 4, 'No', '2019-05-11 00:00:00', 4, '0000-00-00 00:00:00', 0, 0),
(1416, 'TABLE VICE, 150 MM', 1, 4, 'No', '2019-05-11 00:00:00', 4, '0000-00-00 00:00:00', 0, 0),
(1417, 'Tacho Generator', 1, 4, 'No', '2019-05-11 00:00:00', 4, '0000-00-00 00:00:00', 0, 0),
(1418, 'TACHOMETER', 1, 4, 'No', '2019-05-11 00:00:00', 4, '0000-00-00 00:00:00', 0, 0),
(1419, 'Tachometer (Counting type)', 1, 4, 'No', '2019-05-11 00:00:00', 4, '0000-00-00 00:00:00', 0, 0),
(1420, 'Tally', 1, 4, 'No', '2019-05-11 00:00:00', 4, '0000-00-00 00:00:00', 0, 0),
(1421, 'Tandem master cylinder with booster', 1, 4, 'No', '2019-05-11 00:00:00', 4, '0000-00-00 00:00:00', 0, 0),
(1422, 'Tape Motor', 1, 4, 'No', '2019-05-11 00:00:00', 4, '0000-00-00 00:00:00', 0, 0);
INSERT INTO `row_materials` (`id`, `name`, `row_material_category_id`, `unit_id`, `reuseable`, `created_on`, `created_by`, `edited_on`, `edited_by`, `is_deleted`) VALUES
(1423, 'tape recoder', 1, 4, 'No', '2019-05-11 00:00:00', 4, '0000-00-00 00:00:00', 0, 0),
(1424, 'tape 7', 1, 4, 'No', '2019-05-11 00:00:00', 4, '0000-00-00 00:00:00', 0, 0),
(1425, 'Taps & dies complete 7 in box B.A', 1, 4, 'No', '2019-05-11 00:00:00', 4, '0000-00-00 00:00:00', 0, 0),
(1426, 'Taps & dies complete 7 in box with-worth', 1, 4, 'No', '2019-05-11 00:00:00', 4, '0000-00-00 00:00:00', 0, 0),
(1427, 'Taps & dies complete 7 in box3-18mm 7 of10', 1, 4, 'No', '2019-05-11 00:00:00', 4, '0000-00-00 00:00:00', 0, 0),
(1428, 'Taps and Dies complete 7s BSF', 1, 7, 'No', '2019-05-11 00:00:00', 4, '0000-00-00 00:00:00', 0, 0),
(1429, 'Taps and wrenches - metric', 1, 7, 'No', '2019-05-11 00:00:00', 4, '0000-00-00 00:00:00', 0, 0),
(1430, 'TECH4METER , ANALOG', 1, 4, 'No', '2019-05-11 00:00:00', 4, '0000-00-00 00:00:00', 0, 0),
(1431, 'TECH4METER , DIGITAL', 1, 4, 'No', '2019-05-11 00:00:00', 4, '0000-00-00 00:00:00', 0, 0),
(1432, 'TELEPHONE ', 1, 4, 'No', '2019-05-11 00:00:00', 4, '0000-00-00 00:00:00', 0, 0),
(1433, 'Telephone Answering Machine (cordless)', 1, 4, 'No', '2019-05-11 00:00:00', 4, '0000-00-00 00:00:00', 0, 0),
(1434, 'Telephone Line', 1, 4, 'No', '2019-05-11 00:00:00', 4, '0000-00-00 00:00:00', 0, 0),
(1435, 'Telescope gauge', 1, 4, 'No', '2019-05-11 00:00:00', 4, '0000-00-00 00:00:00', 0, 0),
(1436, 'Temperature gauge with sensor 0-100 deg c', 1, 4, 'No', '2019-05-11 00:00:00', 4, '0000-00-00 00:00:00', 0, 0),
(1437, 'Tester sparking plug ?NEON? Type', 1, 4, 'No', '2019-05-11 00:00:00', 4, '0000-00-00 00:00:00', 0, 0),
(1438, 'THERMOCOUPLE', 1, 4, 'No', '2019-05-11 00:00:00', 4, '0000-00-00 00:00:00', 0, 0),
(1439, 'Thermocouple meter 1200 digree centigrade', 1, 4, 'No', '2019-05-11 00:00:00', 4, '0000-00-00 00:00:00', 0, 0),
(1440, 'Thermocouple meter 400 digree centigrade', 1, 4, 'No', '2019-05-11 00:00:00', 4, '0000-00-00 00:00:00', 0, 0),
(1441, 'THERMOMETER (i) 0 TO 110 ?C (ii) O TO 250 ? C (iii) 0 TO 360 ?C', 1, 4, 'No', '2019-05-11 00:00:00', 4, '0000-00-00 00:00:00', 0, 0),
(1442, 'THERMOMRTRT 0 TO 100 DEGREE C', 1, 4, 'No', '2019-05-11 00:00:00', 4, '0000-00-00 00:00:00', 0, 0),
(1443, 'Thermostat', 1, 4, 'No', '2019-05-11 00:00:00', 4, '0000-00-00 00:00:00', 0, 0),
(1444, 'Thread pitch gauge metric, BSW', 1, 4, 'No', '2019-05-11 00:00:00', 4, '0000-00-00 00:00:00', 0, 0),
(1445, 'THREE PHASE T/F, 5KVA', 1, 4, 'No', '2019-05-11 00:00:00', 4, '0000-00-00 00:00:00', 0, 0),
(1446, 'THYRISTOR 1 GBT CONTROLLED A.C. MOTOR', 1, 4, 'No', '2019-05-11 00:00:00', 4, '0000-00-00 00:00:00', 0, 0),
(1447, 'THYRISTOR I.G.B.T. CONTROLLED A.C. MOTOR, 440 VOLT, AC', 1, 4, 'No', '2019-05-11 00:00:00', 4, '0000-00-00 00:00:00', 0, 0),
(1448, 'THYRISTOR I.G.B.T. CONTROLLED D.C. MOTOR, 220 VOLT , DC', 1, 4, 'No', '2019-05-11 00:00:00', 4, '0000-00-00 00:00:00', 0, 0),
(1449, 'Timing lighter', 1, 4, 'No', '2019-05-11 00:00:00', 4, '0000-00-00 00:00:00', 0, 0),
(1450, 'Tin smiths bench folder 600 x 1.6mm', 1, 4, 'No', '2019-05-11 00:00:00', 4, '0000-00-00 00:00:00', 0, 0),
(1451, 'Tip cleaner', 1, 4, 'No', '2019-05-11 00:00:00', 4, '0000-00-00 00:00:00', 0, 0),
(1452, 'Toe-in, toe-out gauge', 1, 7, 'No', '2019-05-11 00:00:00', 4, '0000-00-00 00:00:00', 0, 0),
(1453, 'TONG - FLAT - 200 MM ', 1, 4, 'No', '2019-05-11 00:00:00', 4, '0000-00-00 00:00:00', 0, 0),
(1454, 'TONG - FLAT - 300 MM', 1, 4, 'No', '2019-05-11 00:00:00', 4, '0000-00-00 00:00:00', 0, 0),
(1455, 'TONG TESTER, DEGITAL', 1, 4, 'No', '2019-05-11 00:00:00', 4, '0000-00-00 00:00:00', 0, 0),
(1456, 'TONG TESTER/ CLAMP CONTACTS, 0-100A AC', 1, 4, 'No', '2019-05-11 00:00:00', 4, '0000-00-00 00:00:00', 0, 0),
(1457, 'TONG TESTER/ CLAMP METER 0-100AMP A.C.', 1, 4, 'No', '2019-05-11 00:00:00', 4, '0000-00-00 00:00:00', 0, 0),
(1458, 'Tongs fiat 350 mm.', 1, 4, 'No', '2019-05-11 00:00:00', 4, '0000-00-00 00:00:00', 0, 0),
(1459, 'Tongs roving 350 mm ', 1, 4, 'No', '2019-05-11 00:00:00', 4, '0000-00-00 00:00:00', 0, 0),
(1460, 'Tool Cabinet - 6? ? x 3? x 1??', 1, 4, 'No', '2019-05-11 00:00:00', 4, '0000-00-00 00:00:00', 0, 0),
(1461, 'Tool maker vice 50 mm clamp', 1, 4, 'No', '2019-05-11 00:00:00', 4, '0000-00-00 00:00:00', 0, 0),
(1462, 'TOOLS BOARD ', 1, 4, 'No', '2019-05-11 00:00:00', 4, '0000-00-00 00:00:00', 0, 0),
(1463, 'TORCH ', 1, 4, 'No', '2019-05-11 00:00:00', 4, '0000-00-00 00:00:00', 0, 0),
(1464, 'Torque wrench (14to68nm).', 1, 4, 'No', '2019-05-11 00:00:00', 4, '0000-00-00 00:00:00', 0, 0),
(1465, 'Torque wrenches 5-35 Nm, 12-68 Nm & 50-225 Nm', 1, 4, 'No', '2019-05-11 00:00:00', 4, '0000-00-00 00:00:00', 0, 0),
(1466, 'Trammel 30 cm', 1, 4, 'No', '2019-05-11 00:00:00', 4, '0000-00-00 00:00:00', 0, 0),
(1467, 'Transfer case with stand for Dismantling and assembly.', 1, 4, 'No', '2019-05-11 00:00:00', 4, '0000-00-00 00:00:00', 0, 0),
(1468, 'Transformer welding 7 150amps.-conti4uswelding current ,with all accessories and electrode cover ', 1, 4, 'No', '2019-05-11 00:00:00', 4, '0000-00-00 00:00:00', 0, 0),
(1469, 'transistor tester', 1, 4, 'No', '2019-05-11 00:00:00', 4, '0000-00-00 00:00:00', 0, 0),
(1470, 'TRAX ENGINE DIESEL', 1, 4, 'No', '2019-05-11 00:00:00', 4, '0000-00-00 00:00:00', 0, 0),
(1471, 'TRAY DRVER / SPRAY DRVER', 1, 4, 'No', '2019-05-11 00:00:00', 4, '0000-00-00 00:00:00', 0, 0),
(1472, 'TRIANGLES CLAY', 1, 4, 'No', '2019-05-11 00:00:00', 4, '0000-00-00 00:00:00', 0, 0),
(1473, 'TRIPLE EFFECT EVAPORATOR', 1, 4, 'No', '2019-05-11 00:00:00', 4, '0000-00-00 00:00:00', 0, 0),
(1474, 'TRIPODS STAND', 1, 4, 'No', '2019-05-11 00:00:00', 4, '0000-00-00 00:00:00', 0, 0),
(1475, 'Trolley for cylinder (H.P. Unit) ', 1, 4, 'No', '2019-05-11 00:00:00', 4, '0000-00-00 00:00:00', 0, 0),
(1476, 'Trolley for gas cylinders .', 1, 4, 'No', '2019-05-11 00:00:00', 4, '0000-00-00 00:00:00', 0, 0),
(1477, 'Trolley type portable air compressor  single cylinder with 45 liters capacity Air tank, along with a', 1, 4, 'No', '2019-05-11 00:00:00', 4, '0000-00-00 00:00:00', 0, 0),
(1478, 'TRY SQUARE - 150 MM', 1, 4, 'No', '2019-05-11 00:00:00', 4, '0000-00-00 00:00:00', 0, 0),
(1479, 'Try square  6?', 1, 4, 'No', '2019-05-11 00:00:00', 4, '0000-00-00 00:00:00', 0, 0),
(1480, 'Try square 10cm blade', 1, 4, 'No', '2019-05-11 00:00:00', 4, '0000-00-00 00:00:00', 0, 0),
(1481, 'TRY SQUARE 150 ,, BLADE', 1, 4, 'No', '2019-05-11 00:00:00', 4, '0000-00-00 00:00:00', 0, 0),
(1482, 'TRY SQUARE,150MM', 1, 4, 'No', '2019-05-11 00:00:00', 4, '0000-00-00 00:00:00', 0, 0),
(1483, 'TRY SQUARE,200MM', 1, 4, 'No', '2019-05-11 00:00:00', 4, '0000-00-00 00:00:00', 0, 0),
(1484, 'TTLIC Tester (IC Tester )', 1, 4, 'No', '2019-05-11 00:00:00', 4, '0000-00-00 00:00:00', 0, 0),
(1485, 'TUBE LIGHT', 1, 4, 'No', '2019-05-11 00:00:00', 4, '0000-00-00 00:00:00', 0, 0),
(1486, 'TUBE LIGHT  (1X36), 40 WATT', 1, 4, 'No', '2019-05-11 00:00:00', 4, '0000-00-00 00:00:00', 0, 0),
(1487, 'TUBE LIGHT (2X36), 40 WATT', 1, 4, 'No', '2019-05-11 00:00:00', 4, '0000-00-00 00:00:00', 0, 0),
(1488, 'TUBE LIGHT(1 X 36)', 1, 4, 'No', '2019-05-11 00:00:00', 4, '0000-00-00 00:00:00', 0, 0),
(1489, 'TUBE LIGHT(2 X 36)', 1, 4, 'No', '2019-05-11 00:00:00', 4, '0000-00-00 00:00:00', 0, 0),
(1490, 'Tube/ tyre vulcanizing machine', 1, 4, 'No', '2019-05-11 00:00:00', 4, '0000-00-00 00:00:00', 0, 0),
(1491, 'Tubed tyre of car, trucks & motorcycle', 1, 4, 'No', '2019-05-11 00:00:00', 4, '0000-00-00 00:00:00', 0, 0),
(1492, 'Tubeless tyre repair kit', 1, 4, 'No', '2019-05-11 00:00:00', 4, '0000-00-00 00:00:00', 0, 0),
(1493, 'Tubular Box Spanner (7 of 6 4.', 1, 4, 'No', '2019-05-11 00:00:00', 4, '0000-00-00 00:00:00', 0, 0),
(1494, 'tubular box spanner 7', 1, 7, 'No', '2019-05-11 00:00:00', 4, '0000-00-00 00:00:00', 0, 0),
(1495, 'Turbocharger ', 1, 4, 'No', '2019-05-11 00:00:00', 4, '0000-00-00 00:00:00', 0, 0),
(1496, 'TURN TABLE', 1, 4, 'No', '2019-05-11 00:00:00', 4, '0000-00-00 00:00:00', 0, 0),
(1497, 'TV receiver (B/W)', 1, 4, 'No', '2019-05-11 00:00:00', 4, '0000-00-00 00:00:00', 0, 0),
(1498, 'TV receiver (colored)', 1, 4, 'No', '2019-05-11 00:00:00', 4, '0000-00-00 00:00:00', 0, 0),
(1499, 'TV trainer kit (B/W & color)', 1, 4, 'No', '2019-05-11 00:00:00', 4, '0000-00-00 00:00:00', 0, 0),
(1500, 'TV tuner Card', 1, 4, 'No', '2019-05-11 00:00:00', 4, '0000-00-00 00:00:00', 0, 0),
(1501, 'TVRO Terminal With LNB and Receiver', 1, 4, 'No', '2019-05-11 00:00:00', 4, '0000-00-00 00:00:00', 0, 0),
(1502, 'Tweeezer 100mm', 1, 4, 'No', '2019-05-11 00:00:00', 4, '0000-00-00 00:00:00', 0, 0),
(1503, 'Tweezer''s', 1, 4, 'No', '2019-05-11 00:00:00', 4, '0000-00-00 00:00:00', 0, 0),
(1504, 'Tweezers- bend tip 150mm', 1, 4, 'No', '2019-05-11 00:00:00', 4, '0000-00-00 00:00:00', 0, 0),
(1505, 'Two post car lift ? capacity 4000 kg', 1, 4, 'No', '2019-05-11 00:00:00', 4, '0000-00-00 00:00:00', 0, 0),
(1506, 'Tyer Changer Machine', 1, 4, 'No', '2019-05-11 00:00:00', 4, '0000-00-00 00:00:00', 0, 0),
(1507, 'Tyre & split rim wheel assembly', 1, 4, 'No', '2019-05-11 00:00:00', 4, '0000-00-00 00:00:00', 0, 0),
(1508, 'Tyre pressure gauge with holding nipple', 1, 4, 'No', '2019-05-11 00:00:00', 4, '0000-00-00 00:00:00', 0, 0),
(1509, 'Ultrasonic Injection cleaning equipment', 1, 4, 'No', '2019-05-11 00:00:00', 4, '0000-00-00 00:00:00', 0, 0),
(1510, 'UN INSULATED COMBINATION  PLIER, 150MM', 1, 4, 'No', '2019-05-11 00:00:00', 4, '0000-00-00 00:00:00', 0, 0),
(1511, 'UN INSULATED COMBINATION PLIER, 250MM', 1, 4, 'No', '2019-05-11 00:00:00', 4, '0000-00-00 00:00:00', 0, 0),
(1512, 'UN INSULATED SCREW DRIVER THIN STEM,200MM', 1, 4, 'No', '2019-05-11 00:00:00', 4, '0000-00-00 00:00:00', 0, 0),
(1513, 'UN INSULATED SCREW DRIVER THIN STEM,70MM', 1, 4, 'No', '2019-05-11 00:00:00', 4, '0000-00-00 00:00:00', 0, 0),
(1514, 'UN INSULATED SCREW DRIVER,100MM', 1, 4, 'No', '2019-05-11 00:00:00', 4, '0000-00-00 00:00:00', 0, 0),
(1515, 'UN INSULATED SCREW DRIVER,150MM', 1, 4, 'No', '2019-05-11 00:00:00', 4, '0000-00-00 00:00:00', 0, 0),
(1516, 'UNINSULATED COMBINATION PLIER, 200MM', 1, 4, 'No', '2019-05-11 00:00:00', 4, '0000-00-00 00:00:00', 0, 0),
(1517, 'UninsulatedEnd cutting nipper  (120mm)', 1, 4, 'No', '2019-05-11 00:00:00', 4, '0000-00-00 00:00:00', 0, 0),
(1518, 'UNIVERSAL DAIL TEST INDICATOR - PLUNGER TYPE - RANGE 0-10 MM, GRADUATION , 0.01 MM & 0.001 MM', 1, 4, 'No', '2019-05-11 00:00:00', 4, '0000-00-00 00:00:00', 0, 0),
(1519, 'UNIVERSAL MOTOR', 1, 4, 'No', '2019-05-11 00:00:00', 4, '0000-00-00 00:00:00', 0, 0),
(1520, 'UNIVERSAL MOTOR , 1-PHASE,230V, AC&DC, 1 HP', 1, 4, 'No', '2019-05-11 00:00:00', 4, '0000-00-00 00:00:00', 0, 0),
(1521, 'Universal puller for removing pulleys, bearings', 1, 4, 'No', '2019-05-11 00:00:00', 4, '0000-00-00 00:00:00', 0, 0),
(1522, 'Universal scribing block 22 cm', 1, 4, 'No', '2019-05-11 00:00:00', 4, '0000-00-00 00:00:00', 0, 0),
(1523, 'Universal Weld measuring gauge ', 1, 4, 'No', '2019-05-11 00:00:00', 4, '0000-00-00 00:00:00', 0, 0),
(1524, 'UPS 625 VA On-Line Off- Line', 1, 4, 'No', '2019-05-11 00:00:00', 4, '0000-00-00 00:00:00', 0, 0),
(1525, 'UPS trainer (VPL)', 1, 4, 'No', '2019-05-11 00:00:00', 4, '0000-00-00 00:00:00', 0, 0),
(1526, 'UPS Trainer Kit', 1, 4, 'No', '2019-05-11 00:00:00', 4, '0000-00-00 00:00:00', 0, 0),
(1527, 'Used CPU', 1, 4, 'No', '2019-05-11 00:00:00', 4, '0000-00-00 00:00:00', 0, 0),
(1528, 'USED D.C  GENE SERIES SHUNT COMPOUND FOR OVER HAULING PRACTICE,D.C.  ', 1, 7, 'No', '2019-05-11 00:00:00', 4, '0000-00-00 00:00:00', 0, 0),
(1529, 'Used Monitor', 1, 4, 'No', '2019-05-11 00:00:00', 4, '0000-00-00 00:00:00', 0, 0),
(1530, 'utp Jack Panel (8/16/24 port) (D-Link)', 1, 4, 'No', '2019-05-11 00:00:00', 4, '0000-00-00 00:00:00', 0, 0),
(1531, 'V BLOCK - 75 X75 X50 MM WITH CLAMP (HARDENED & GROU4D', 1, 4, 'No', '2019-05-11 00:00:00', 4, '0000-00-00 00:00:00', 0, 0),
(1532, 'V? Block 75 x 38 mm pair with Clamps', 1, 4, 'No', '2019-05-11 00:00:00', 4, '0000-00-00 00:00:00', 0, 0),
(1533, 'Vaccum Cleaner', 1, 4, 'No', '2019-05-11 00:00:00', 4, '0000-00-00 00:00:00', 0, 0),
(1534, 'Vacuum assisted hydraulics brake assembly with vacuum booster', 1, 4, 'No', '2019-05-11 00:00:00', 4, '0000-00-00 00:00:00', 0, 0),
(1535, 'Vacuum gauge to read 0 to 760 mm of Hg.', 1, 4, 'No', '2019-05-11 00:00:00', 4, '0000-00-00 00:00:00', 0, 0),
(1536, 'valve base cutter', 1, 4, 'No', '2019-05-11 00:00:00', 4, '0000-00-00 00:00:00', 0, 0),
(1537, 'Valve Lifter', 1, 4, 'No', '2019-05-11 00:00:00', 4, '0000-00-00 00:00:00', 0, 0),
(1538, 'VALVE REFACER MACHINE', 1, 4, 'No', '2019-05-11 00:00:00', 4, '0000-00-00 00:00:00', 0, 0),
(1539, 'VALVE SEAT CUTTER', 1, 4, 'No', '2019-05-11 00:00:00', 4, '0000-00-00 00:00:00', 0, 0),
(1540, 'Valve spring compressor universal.', 1, 4, 'No', '2019-05-11 00:00:00', 4, '0000-00-00 00:00:00', 0, 0),
(1541, 'VARIABLE AUTO TRANSFORMER,1-PHASE, 0-260V', 1, 4, 'No', '2019-05-11 00:00:00', 4, '0000-00-00 00:00:00', 0, 0),
(1542, 'VARIOUS TYPES OF VALVES LIKE SAFFTY VALVE GATE VALEVE GLOBE VALVE , CHEAK VALVE , DIAPHRAGM 3''''/4'''' ', 1, 4, 'No', '2019-05-11 00:00:00', 4, '0000-00-00 00:00:00', 0, 0),
(1543, 'v-Block pair 7 cm &15cm with clamps', 1, 4, 'No', '2019-05-11 00:00:00', 4, '0000-00-00 00:00:00', 0, 0),
(1544, 'VCR, VCP, VCD, DVD', 1, 4, 'No', '2019-05-11 00:00:00', 4, '0000-00-00 00:00:00', 0, 0),
(1545, 'Venier height gauges 30cm', 1, 4, 'No', '2019-05-11 00:00:00', 4, '0000-00-00 00:00:00', 0, 0),
(1546, 'VENTURIMETER , ORIFICEMETER , ROTAMETER TEST RIG.', 1, 4, 'No', '2019-05-11 00:00:00', 4, '0000-00-00 00:00:00', 0, 0),
(1547, 'Vernier bevel protractor.', 1, 4, 'No', '2019-05-11 00:00:00', 4, '0000-00-00 00:00:00', 0, 0),
(1548, 'Vernier caliper 0-150mm .L.C.0.02mm.', 1, 4, 'No', '2019-05-11 00:00:00', 4, '0000-00-00 00:00:00', 0, 0),
(1549, 'Vernier caliper 15cm', 1, 4, 'No', '2019-05-11 00:00:00', 4, '0000-00-00 00:00:00', 0, 0),
(1550, 'VERNIER CALLIPER - 0-200 MM WITH LEASR COUNT 0.02 MM', 1, 4, 'No', '2019-05-11 00:00:00', 4, '0000-00-00 00:00:00', 0, 0),
(1551, 'VERNIER HEIGHT GAUGE -0-300 MM WITH LEAST COUNT -0.02 MM', 1, 4, 'No', '2019-05-11 00:00:00', 4, '0000-00-00 00:00:00', 0, 0),
(1552, 'Vice bench 12 cm jaws.', 1, 4, 'No', '2019-05-11 00:00:00', 4, '0000-00-00 00:00:00', 0, 0),
(1553, 'Vice grip pliers', 1, 4, 'No', '2019-05-11 00:00:00', 4, '0000-00-00 00:00:00', 0, 0),
(1554, 'vice leg 10 cm jaw.', 1, 4, 'No', '2019-05-11 00:00:00', 4, '0000-00-00 00:00:00', 0, 0),
(1555, 'Vidicon Speaker', 1, 4, 'No', '2019-05-11 00:00:00', 4, '0000-00-00 00:00:00', 0, 0),
(1556, 'VOLTAGE STABILISER , INPUT 150 V - 230 V OUTPUT 220V', 1, 4, 'No', '2019-05-11 00:00:00', 4, '0000-00-00 00:00:00', 0, 0),
(1557, 'VOLTAGE STABILISER INPUT 150 - 250 VOLT AC OUTPUT 220V A.C.', 1, 4, 'No', '2019-05-11 00:00:00', 4, '0000-00-00 00:00:00', 0, 0),
(1558, 'VOLTAGE STABILISER,11P 150-230V AC OUTPUT 220AC', 1, 4, 'No', '2019-05-11 00:00:00', 4, '0000-00-00 00:00:00', 0, 0),
(1559, 'VOLTMETER - (i) 0 TO 1 VOLT (DC) (ii) 0 TO 5 VOLT (DC) (iii) 0 TO 10 VOLT (DC)', 1, 4, 'No', '2019-05-11 00:00:00', 4, '0000-00-00 00:00:00', 0, 0),
(1560, 'Voltmeter mc-type (100-0-100mv)', 1, 4, 'No', '2019-05-11 00:00:00', 4, '0000-00-00 00:00:00', 0, 0),
(1561, 'Voltmeter mc-type 0-1000mv dc', 1, 4, 'No', '2019-05-11 00:00:00', 4, '0000-00-00 00:00:00', 0, 0),
(1562, 'Voltmeter mc-type 0-1000volt dc 9 (f)', 1, 4, 'No', '2019-05-11 00:00:00', 4, '0000-00-00 00:00:00', 0, 0),
(1563, 'Voltmeter mc-type 0-10mv dc ', 1, 4, 'No', '2019-05-11 00:00:00', 4, '0000-00-00 00:00:00', 0, 0),
(1564, 'Voltmeter mc-type 0-150volt dc ', 1, 4, 'No', '2019-05-11 00:00:00', 4, '0000-00-00 00:00:00', 0, 0),
(1565, 'Voltmeter mc-type 0-15volt dc ', 1, 4, 'No', '2019-05-11 00:00:00', 4, '0000-00-00 00:00:00', 0, 0),
(1566, 'Voltmeter mc-type 0-1volt dc ', 1, 4, 'No', '2019-05-11 00:00:00', 4, '0000-00-00 00:00:00', 0, 0),
(1567, 'Voltmeter mc-type 0-25 volt dc ', 1, 4, 'No', '2019-05-11 00:00:00', 4, '0000-00-00 00:00:00', 0, 0),
(1568, 'Voltmeter mc-type 0-500mv dc ', 1, 4, 'No', '2019-05-11 00:00:00', 4, '0000-00-00 00:00:00', 0, 0),
(1569, 'Voltmeter mc-type 0-500volt dc ', 1, 4, 'No', '2019-05-11 00:00:00', 4, '0000-00-00 00:00:00', 0, 0),
(1570, 'Voltmeter mc-type 0-5volt dc ', 1, 4, 'No', '2019-05-11 00:00:00', 4, '0000-00-00 00:00:00', 0, 0),
(1571, 'Voltmeter mi-type 0-1000v ac/dc', 1, 4, 'No', '2019-05-11 00:00:00', 4, '0000-00-00 00:00:00', 0, 0),
(1572, 'Voltmeter mi-type 0-10volt ac/dc ', 1, 4, 'No', '2019-05-11 00:00:00', 4, '0000-00-00 00:00:00', 0, 0),
(1573, 'Voltmeter mi-type 0-300volt ac/dc (1f)', 1, 4, 'No', '2019-05-11 00:00:00', 4, '0000-00-00 00:00:00', 0, 0),
(1574, 'Voltmeter mi-type 0-500volt ac/dc ', 1, 4, 'No', '2019-05-11 00:00:00', 4, '0000-00-00 00:00:00', 0, 0),
(1575, 'Voltmeter mi-type 0-50volt ac/dc ', 1, 4, 'No', '2019-05-11 00:00:00', 4, '0000-00-00 00:00:00', 0, 0),
(1576, 'VOLUMETRIC FLASK 100 ML', 1, 4, 'No', '2019-05-11 00:00:00', 4, '0000-00-00 00:00:00', 0, 0),
(1577, 'VOLUMETRIC FLASK 1000 ML', 1, 4, 'No', '2019-05-11 00:00:00', 4, '0000-00-00 00:00:00', 0, 0),
(1578, 'VOLUMETRIC FLASK 500 ML', 1, 4, 'No', '2019-05-11 00:00:00', 4, '0000-00-00 00:00:00', 0, 0),
(1579, 'Walkman Audio System', 1, 4, 'No', '2019-05-11 00:00:00', 4, '0000-00-00 00:00:00', 0, 0),
(1580, 'WASH BOTTLE', 1, 4, 'No', '2019-05-11 00:00:00', 4, '0000-00-00 00:00:00', 0, 0),
(1581, 'WASHING MACHINE', 1, 4, 'No', '2019-05-11 00:00:00', 4, '0000-00-00 00:00:00', 0, 0),
(1582, 'WATCH ', 1, 4, 'No', '2019-05-11 00:00:00', 4, '0000-00-00 00:00:00', 0, 0),
(1583, 'WATCH GLASS  - 3'''' DIA,', 1, 4, 'No', '2019-05-11 00:00:00', 4, '0000-00-00 00:00:00', 0, 0),
(1584, 'Watch maker 7 (precision screw driver 7)  7 of 6', 1, 4, 'No', '2019-05-11 00:00:00', 4, '0000-00-00 00:00:00', 0, 0),
(1585, 'Water pump for dismantling and assembling', 1, 4, 'No', '2019-05-11 00:00:00', 4, '0000-00-00 00:00:00', 0, 0),
(1586, 'Watt Meter (Digital)', 1, 4, 'No', '2019-05-11 00:00:00', 4, '0000-00-00 00:00:00', 0, 0),
(1587, 'wattmeter (analog + digital)', 1, 4, 'No', '2019-05-11 00:00:00', 4, '0000-00-00 00:00:00', 0, 0),
(1588, 'Web Authoring tool', 1, 4, 'No', '2019-05-11 00:00:00', 4, '0000-00-00 00:00:00', 0, 0),
(1589, 'Web Camera', 1, 4, 'No', '2019-05-11 00:00:00', 4, '0000-00-00 00:00:00', 0, 0),
(1590, 'Web Server', 1, 4, 'No', '2019-05-11 00:00:00', 4, '0000-00-00 00:00:00', 0, 0),
(1591, 'wein bridge', 1, 4, 'No', '2019-05-11 00:00:00', 4, '0000-00-00 00:00:00', 0, 0),
(1592, 'Welder cable to carry200amps. With flexible rubber cover', 1, 2, 'No', '2019-05-11 00:00:00', 4, '0000-00-00 00:00:00', 0, 0),
(1593, 'Welding hand  shield  fiber', 1, 4, 'No', '2019-05-11 00:00:00', 4, '0000-00-00 00:00:00', 0, 0),
(1594, 'Welding helmet   fiber', 1, 4, 'No', '2019-05-11 00:00:00', 4, '0000-00-00 00:00:00', 0, 0),
(1595, 'Welding helmet with coloured glass', 1, 4, 'No', '2019-05-11 00:00:00', 4, '0000-00-00 00:00:00', 0, 0),
(1596, 'WELDING MACHINE ', 1, 4, 'No', '2019-05-11 00:00:00', 4, '0000-00-00 00:00:00', 0, 0),
(1597, 'Welding torch tips of different sizes .', 1, 8, 'No', '2019-05-11 00:00:00', 4, '0000-00-00 00:00:00', 0, 0),
(1598, 'Welding torches 5to 10 4zzles.', 1, 8, 'No', '2019-05-11 00:00:00', 4, '0000-00-00 00:00:00', 0, 0),
(1599, 'Welding Transformer ( 150-300 Amps)', 1, 4, 'No', '2019-05-11 00:00:00', 4, '0000-00-00 00:00:00', 0, 0),
(1600, 'Welding Transformer (or)  Inverter based  welding machine with all accessories  (300A ,  OCV  60 ? 1', 1, 7, 'No', '2019-05-11 00:00:00', 4, '0000-00-00 00:00:00', 0, 0),
(1601, 'Welding Transformer with all accessories  ( 400A, OCV 60?100 V, 60% duty cycle)  ', 1, 7, 'No', '2019-05-11 00:00:00', 4, '0000-00-00 00:00:00', 0, 0),
(1602, 'Wet grinder', 1, 4, 'No', '2019-05-11 00:00:00', 4, '0000-00-00 00:00:00', 0, 0),
(1603, 'WHEAT  STONE BRIDGE WITH GALVA4METER AND BATTERY', 1, 4, 'No', '2019-05-11 00:00:00', 4, '0000-00-00 00:00:00', 0, 0),
(1604, 'WHEAT STONE  BRIDGE GELVA4 METER', 1, 4, 'No', '2019-05-11 00:00:00', 4, '0000-00-00 00:00:00', 0, 0),
(1605, 'WHEAT STONE BRIDGE', 1, 4, 'No', '2019-05-11 00:00:00', 4, '0000-00-00 00:00:00', 0, 0),
(1606, 'WHEEL ALIGNMENT MACHINE 2D', 1, 4, 'No', '2019-05-11 00:00:00', 4, '0000-00-00 00:00:00', 0, 0),
(1607, 'Wheel alignment Machine ?computerised 3D', 1, 4, 'No', '2019-05-11 00:00:00', 4, '0000-00-00 00:00:00', 0, 0),
(1608, 'Wheel balancing machine', 1, 4, 'No', '2019-05-11 00:00:00', 4, '0000-00-00 00:00:00', 0, 0),
(1609, 'Wheel cylinder', 1, 4, 'No', '2019-05-11 00:00:00', 4, '0000-00-00 00:00:00', 0, 0),
(1610, 'Wheel dresser (One for 4 units).', 1, 4, 'No', '2019-05-11 00:00:00', 4, '0000-00-00 00:00:00', 0, 0),
(1611, 'WHEEL SPANNER', 1, 4, 'No', '2019-05-11 00:00:00', 4, '0000-00-00 00:00:00', 0, 0),
(1612, 'White Board', 1, 4, 'No', '2019-05-11 00:00:00', 4, '0000-00-00 00:00:00', 0, 0),
(1613, 'WHITE BOARD FOR USING LCD PROJECTOR (OPTIONAL)', 1, 4, 'No', '2019-05-11 00:00:00', 4, '0000-00-00 00:00:00', 0, 0),
(1614, 'Wi?Fi Router ', 1, 4, 'No', '2019-05-11 00:00:00', 4, '0000-00-00 00:00:00', 0, 0),
(1615, 'wing compass 25.4 cm or 30 cm', 1, 4, 'No', '2019-05-11 00:00:00', 4, '0000-00-00 00:00:00', 0, 0),
(1616, 'Wire cutter and stripper', 1, 4, 'No', '2019-05-11 00:00:00', 4, '0000-00-00 00:00:00', 0, 0),
(1617, 'WIRE GAUGE - METRIC', 1, 4, 'No', '2019-05-11 00:00:00', 4, '0000-00-00 00:00:00', 0, 0),
(1618, 'Wire gauge , metric standard.', 1, 4, 'No', '2019-05-11 00:00:00', 4, '0000-00-00 00:00:00', 0, 0),
(1619, 'Wire gauge , metric standard.', 1, 4, 'No', '2019-05-11 00:00:00', 4, '0000-00-00 00:00:00', 0, 0),
(1620, 'wire gauge 7', 1, 4, 'No', '2019-05-11 00:00:00', 4, '0000-00-00 00:00:00', 0, 0),
(1621, 'wire less microphone 7 ', 1, 4, 'No', '2019-05-11 00:00:00', 4, '0000-00-00 00:00:00', 0, 0),
(1622, 'Wire stripper', 1, 4, 'No', '2019-05-11 00:00:00', 4, '0000-00-00 00:00:00', 0, 0),
(1623, 'WIRE STRIPPER  20CM', 1, 4, 'No', '2019-05-11 00:00:00', 4, '0000-00-00 00:00:00', 0, 0),
(1624, 'WIRE STRIPPER 20MM ', 1, 4, 'No', '2019-05-11 00:00:00', 4, '0000-00-00 00:00:00', 0, 0),
(1625, 'WIRE STRIPPER,25MM', 1, 4, 'No', '2019-05-11 00:00:00', 4, '0000-00-00 00:00:00', 0, 0),
(1626, 'wireless network adapter', 1, 4, 'No', '2019-05-11 00:00:00', 4, '0000-00-00 00:00:00', 0, 0),
(1627, 'wobbulator ', 1, 4, 'No', '2019-05-11 00:00:00', 4, '0000-00-00 00:00:00', 0, 0),
(1628, 'wobbulo scope ', 1, 4, 'No', '2019-05-11 00:00:00', 4, '0000-00-00 00:00:00', 0, 0),
(1629, 'Wooden Almirah', 1, 4, 'No', '2019-05-11 00:00:00', 4, '0000-00-00 00:00:00', 0, 0),
(1630, 'Wooden Almirah (208 cm ? 104cm ? 51cm)', 1, 4, 'No', '2019-05-11 00:00:00', 4, '0000-00-00 00:00:00', 0, 0),
(1631, 'WOODEN PLANNER', 1, 4, 'No', '2019-05-11 00:00:00', 4, '0000-00-00 00:00:00', 0, 0),
(1632, 'Work bench ', 1, 4, 'No', '2019-05-11 00:00:00', 4, '0000-00-00 00:00:00', 0, 0),
(1633, 'work bench (227.5 cm ? 77cm ? 76cm)', 1, 4, 'No', '2019-05-11 00:00:00', 4, '0000-00-00 00:00:00', 0, 0),
(1634, 'Work Bench (With Sunmica Table)', 1, 4, 'No', '2019-05-11 00:00:00', 4, '0000-00-00 00:00:00', 0, 0),
(1635, 'Work bench 250 x 120 x 60 cm with 4 vices 12cm Jaw  (8 BENCH VICE AVAIL. )', 1, 4, 'No', '2019-05-11 00:00:00', 4, '0000-00-00 00:00:00', 0, 0),
(1636, 'WORKING BENCH ', 1, 4, 'No', '2019-05-11 00:00:00', 4, '0000-00-00 00:00:00', 0, 0),
(1637, 'WORKING BENCH 2.5 M X 1.20 M X0.75 M', 1, 4, 'No', '2019-05-11 00:00:00', 4, '0000-00-00 00:00:00', 0, 0),
(1638, 'Working Model of power windows', 1, 4, 'No', '2019-05-11 00:00:00', 4, '0000-00-00 00:00:00', 0, 0),
(1639, 'YEZDI', 1, 4, 'No', '2019-05-11 00:00:00', 4, '0000-00-00 00:00:00', 0, 0),
(1640, 'Test', 1, 1, 'Yes', '2019-07-17 10:25:34', 4, '0000-00-00 00:00:00', 0, 0),
(1641, 'item 1', 1, 1, 'Yes', '2019-07-17 11:19:16', 4, '0000-00-00 00:00:00', 0, 0);

-- --------------------------------------------------------

--
-- Table structure for table `row_material_categories`
--

CREATE TABLE IF NOT EXISTS `row_material_categories` (
  `id` int(10) NOT NULL,
  `name` varchar(100) NOT NULL,
  `is_deleted` tinyint(4) NOT NULL
) ENGINE=InnoDB AUTO_INCREMENT=6 DEFAULT CHARSET=latin1;

--
-- Dumping data for table `row_material_categories`
--

INSERT INTO `row_material_categories` (`id`, `name`, `is_deleted`) VALUES
(1, 'Fixed Items', 0),
(2, 'Raw Materials reusable', 0),
(3, 'Scrap items', 0),
(5, 'Consumable', 0);

-- --------------------------------------------------------

--
-- Table structure for table `states`
--

CREATE TABLE IF NOT EXISTS `states` (
  `id` int(10) NOT NULL,
  `name` varchar(255) NOT NULL,
  `state_code` int(10) NOT NULL
) ENGINE=InnoDB AUTO_INCREMENT=76 DEFAULT CHARSET=latin1;

--
-- Dumping data for table `states`
--

INSERT INTO `states` (`id`, `name`, `state_code`) VALUES
(39, 'JAMMU AND KASHMIR', 1),
(40, 'HIMACHAL PRADESH', 2),
(41, 'PUNJAB', 3),
(42, 'CHANDIGARH', 4),
(43, 'UTTARAKHAND', 5),
(44, 'HARYANA', 6),
(45, 'DELHI', 7),
(46, 'RAJASTHAN', 8),
(47, 'UTTAR PRADESH', 9),
(48, 'BIHAR', 10),
(49, 'SIKKIM', 11),
(50, 'ARUNACHAL PRADESH', 12),
(51, 'NAGALAND', 13),
(52, 'MANIPUR', 14),
(53, 'MIZORAM', 15),
(54, 'TRIPURA', 16),
(55, 'MEGHLAYA', 17),
(56, 'ASSAM', 18),
(57, 'WEST BENGAL', 19),
(58, 'JHARKHAND', 20),
(59, 'ODISHA', 21),
(60, 'CHATTISGARH', 22),
(61, 'MADHYA PRADESH', 23),
(62, 'GUJARAT', 24),
(63, 'DAMAN AND DIU', 25),
(64, 'DADRA AND NAGAR HAVELI', 26),
(65, 'MAHARASHTRA', 27),
(66, 'ANDHRA PRADESH(BEFORE DIVISION)', 28),
(67, 'KARNATAKA', 29),
(68, 'GOA', 30),
(69, 'LAKSHWADEEP', 31),
(70, 'KERALA', 32),
(71, 'TAMIL NADU', 33),
(72, 'PUDUCHERRY', 34),
(73, 'ANDAMAN AND NICOBAR ISLANDS', 35),
(74, 'TELANGANA', 36),
(75, 'ANDHRA PRADESH (NEW)', 37);

-- --------------------------------------------------------

--
-- Table structure for table `stock_ledgers`
--

CREATE TABLE IF NOT EXISTS `stock_ledgers` (
  `id` int(20) NOT NULL,
  `row_material_id` int(20) NOT NULL,
  `transaction_date` date NOT NULL,
  `opening_balence` varchar(20) NOT NULL DEFAULT 'no',
  `good_receive_note_id` int(20) NOT NULL,
  `good_receive_note_row_id` int(20) NOT NULL,
  `department_id` int(20) NOT NULL,
  `employee_id` int(20) NOT NULL,
  `issue_slip_id` int(20) NOT NULL,
  `issue_slip_row_id` int(20) NOT NULL,
  `return_slip_id` int(20) NOT NULL,
  `return_slip_row_id` int(20) NOT NULL,
  `material_transfer_slip_id` int(20) NOT NULL,
  `material_transfer_slip_row_id` int(20) NOT NULL,
  `quantity` decimal(10,2) NOT NULL,
  `rate` decimal(10,2) DEFAULT NULL,
  `status` varchar(20) NOT NULL,
  `is_scrab` tinyint(2) NOT NULL,
  `disposed_status` tinyint(1) NOT NULL,
  `disposed_by` tinyint(4) NOT NULL,
  `created_on` timestamp NOT NULL DEFAULT CURRENT_TIMESTAMP ON UPDATE CURRENT_TIMESTAMP,
  `created_by` tinyint(4) NOT NULL,
  `disposed_on` timestamp NOT NULL DEFAULT '0000-00-00 00:00:00',
  `is_transfered` tinyint(1) NOT NULL,
  `is_used` tinyint(2) NOT NULL,
  `description` text NOT NULL
) ENGINE=InnoDB AUTO_INCREMENT=7 DEFAULT CHARSET=latin1;

--
-- Dumping data for table `stock_ledgers`
--

INSERT INTO `stock_ledgers` (`id`, `row_material_id`, `transaction_date`, `opening_balence`, `good_receive_note_id`, `good_receive_note_row_id`, `department_id`, `employee_id`, `issue_slip_id`, `issue_slip_row_id`, `return_slip_id`, `return_slip_row_id`, `material_transfer_slip_id`, `material_transfer_slip_row_id`, `quantity`, `rate`, `status`, `is_scrab`, `disposed_status`, `disposed_by`, `created_on`, `created_by`, `disposed_on`, `is_transfered`, `is_used`, `description`) VALUES
(2, 1, '2019-07-22', 'no', 1641, 1641, 1, 4, 0, 0, 0, 0, 0, 0, '1.00', NULL, 'In', 0, 0, 0, '2019-07-22 05:35:47', 4, '0000-00-00 00:00:00', 0, 0, ''),
(3, 2, '2019-07-22', 'no', 1642, 1642, 1, 4, 0, 0, 0, 0, 0, 0, '1.00', NULL, 'In', 0, 0, 0, '2019-07-22 05:44:39', 4, '0000-00-00 00:00:00', 0, 0, ''),
(4, 2, '2019-07-22', 'no', 1643, 1643, 1, 4, 0, 0, 0, 0, 0, 0, '13.00', NULL, 'In', 0, 0, 0, '2019-07-22 05:45:06', 4, '0000-00-00 00:00:00', 0, 0, ''),
(5, 4, '2019-07-22', 'no', 1644, 1644, 1, 4, 0, 0, 0, 0, 0, 0, '1.00', NULL, 'In', 0, 0, 0, '2019-07-22 06:09:27', 4, '0000-00-00 00:00:00', 0, 0, ''),
(6, 1, '2019-07-22', 'no', 0, 0, 1, 4, 0, 0, 0, 0, 0, 0, '1.00', NULL, 'Out', 0, 0, 0, '2019-07-22 07:19:45', 4, '0000-00-00 00:00:00', 0, 1, '11');

-- --------------------------------------------------------

--
-- Table structure for table `units`
--

CREATE TABLE IF NOT EXISTS `units` (
  `id` int(10) NOT NULL,
  `name` varchar(100) NOT NULL,
  `is_deleted` tinyint(4) NOT NULL
) ENGINE=InnoDB AUTO_INCREMENT=12 DEFAULT CHARSET=latin1;

--
-- Dumping data for table `units`
--

INSERT INTO `units` (`id`, `name`, `is_deleted`) VALUES
(1, 'KG', 0),
(2, 'METER', 0),
(4, 'NUMBER', 0),
(5, 'LITER', 0),
(6, 'SQ. METER', 0),
(7, 'SET', 0),
(8, 'PCS', 0),
(9, 'BOX', 0),
(10, 'PAIR', 0),
(11, 'KIT', 0);

-- --------------------------------------------------------

--
-- Table structure for table `user_rights`
--

CREATE TABLE IF NOT EXISTS `user_rights` (
  `id` int(11) NOT NULL,
  `employee_id` int(11) DEFAULT NULL,
  `role_id` int(11) DEFAULT NULL,
  `menu_ids` text
) ENGINE=InnoDB AUTO_INCREMENT=18 DEFAULT CHARSET=latin1;

--
-- Dumping data for table `user_rights`
--

INSERT INTO `user_rights` (`id`, `employee_id`, `role_id`, `menu_ids`) VALUES
(3, NULL, 5, '1,45,2,3,4,5,6,7,36,8,9,10,54,11,12,13,59,68,69,16,17,18,60,70,20,21,22,53,61,23,24,25,62,28,29,30,63,32,33,34,64,71,37,15,26,31,35,38,39,46,47,66,67,40,41,42,72,77,43,44,48,49,55,56,57,58,52,73,74,75'),
(7, 1, NULL, '1,45,11,12,13,59,68,69,23,24,25,62,37,15,26,31,35,38,39,43,52'),
(8, 7, NULL, '1,45,11,12,13,59,68,69,23,24,25,62,37,15,26,31,35,38,39,43,52'),
(9, NULL, 9, ''),
(10, NULL, 7, ''),
(11, NULL, 11, ''),
(12, NULL, 10, ''),
(13, NULL, 4, ''),
(14, 6, NULL, '1,45,11,12,13,59,16,17,18,60,23,25,43,44,73,74,75'),
(15, 4, NULL, '1,45,2,3,4,5,6,7,36,8,9,10,54,11,12,13,59,68,69,16,17,18,60,70,20,21,22,53,61,23,24,25,62,26,74,75,28,29,30,63,32,33,34,64,71,37,15,27,31,35,38,39,43,44,46,47,66,67,40,41,42,72,76,77,48,49,55,56,57,58,52'),
(16, 5, NULL, '1,11,12,13,59,23,25,28,30,32,33,34,64,37,15,52'),
(17, NULL, 6, '1,45,11,12,13,59,23,25,32,33,34,64,37,15,26,31,35,38,39');

-- --------------------------------------------------------

--
-- Table structure for table `vendors`
--

CREATE TABLE IF NOT EXISTS `vendors` (
  `id` int(20) NOT NULL,
  `name` varchar(100) NOT NULL,
  `address` text NOT NULL,
  `mobile` varchar(15) NOT NULL,
  `is_deleted` tinyint(4) NOT NULL
) ENGINE=InnoDB AUTO_INCREMENT=2 DEFAULT CHARSET=latin1;

--
-- Dumping data for table `vendors`
--

INSERT INTO `vendors` (`id`, `name`, `address`, `mobile`, `is_deleted`) VALUES
(1, 'Demo Vendor', 'Udaipur', '9876543210', 0);

--
-- Indexes for dumped tables
--

--
-- Indexes for table `companies`
--
ALTER TABLE `companies`
  ADD PRIMARY KEY (`id`);

--
-- Indexes for table `departments`
--
ALTER TABLE `departments`
  ADD PRIMARY KEY (`id`);

--
-- Indexes for table `employees`
--
ALTER TABLE `employees`
  ADD PRIMARY KEY (`id`);

--
-- Indexes for table `good_receive_notes`
--
ALTER TABLE `good_receive_notes`
  ADD PRIMARY KEY (`id`);

--
-- Indexes for table `good_receive_note_rows`
--
ALTER TABLE `good_receive_note_rows`
  ADD PRIMARY KEY (`id`);

--
-- Indexes for table `issue_slips`
--
ALTER TABLE `issue_slips`
  ADD PRIMARY KEY (`id`);

--
-- Indexes for table `issue_slip_rows`
--
ALTER TABLE `issue_slip_rows`
  ADD PRIMARY KEY (`id`);

--
-- Indexes for table `material_transfer_slips`
--
ALTER TABLE `material_transfer_slips`
  ADD PRIMARY KEY (`id`);

--
-- Indexes for table `material_transfer_slip_rows`
--
ALTER TABLE `material_transfer_slip_rows`
  ADD PRIMARY KEY (`id`);

--
-- Indexes for table `menus`
--
ALTER TABLE `menus`
  ADD PRIMARY KEY (`id`);

--
-- Indexes for table `purchase_orders`
--
ALTER TABLE `purchase_orders`
  ADD PRIMARY KEY (`id`);

--
-- Indexes for table `purchase_order_rows`
--
ALTER TABLE `purchase_order_rows`
  ADD PRIMARY KEY (`id`);

--
-- Indexes for table `request_slips`
--
ALTER TABLE `request_slips`
  ADD PRIMARY KEY (`id`);

--
-- Indexes for table `request_slip_rows`
--
ALTER TABLE `request_slip_rows`
  ADD PRIMARY KEY (`id`);

--
-- Indexes for table `requisition_slips`
--
ALTER TABLE `requisition_slips`
  ADD PRIMARY KEY (`id`);

--
-- Indexes for table `requisition_slip_rows`
--
ALTER TABLE `requisition_slip_rows`
  ADD PRIMARY KEY (`id`);

--
-- Indexes for table `return_slips`
--
ALTER TABLE `return_slips`
  ADD PRIMARY KEY (`id`);

--
-- Indexes for table `return_slip_rows`
--
ALTER TABLE `return_slip_rows`
  ADD PRIMARY KEY (`id`);

--
-- Indexes for table `roles`
--
ALTER TABLE `roles`
  ADD PRIMARY KEY (`id`);

--
-- Indexes for table `row_materials`
--
ALTER TABLE `row_materials`
  ADD PRIMARY KEY (`id`);

--
-- Indexes for table `row_material_categories`
--
ALTER TABLE `row_material_categories`
  ADD PRIMARY KEY (`id`);

--
-- Indexes for table `states`
--
ALTER TABLE `states`
  ADD PRIMARY KEY (`id`);

--
-- Indexes for table `stock_ledgers`
--
ALTER TABLE `stock_ledgers`
  ADD PRIMARY KEY (`id`);

--
-- Indexes for table `units`
--
ALTER TABLE `units`
  ADD PRIMARY KEY (`id`);

--
-- Indexes for table `user_rights`
--
ALTER TABLE `user_rights`
  ADD PRIMARY KEY (`id`);

--
-- Indexes for table `vendors`
--
ALTER TABLE `vendors`
  ADD PRIMARY KEY (`id`);

--
-- AUTO_INCREMENT for dumped tables
--

--
-- AUTO_INCREMENT for table `companies`
--
ALTER TABLE `companies`
  MODIFY `id` int(10) NOT NULL AUTO_INCREMENT,AUTO_INCREMENT=2;
--
-- AUTO_INCREMENT for table `departments`
--
ALTER TABLE `departments`
  MODIFY `id` int(10) NOT NULL AUTO_INCREMENT,AUTO_INCREMENT=18;
--
-- AUTO_INCREMENT for table `employees`
--
ALTER TABLE `employees`
  MODIFY `id` int(20) NOT NULL AUTO_INCREMENT,AUTO_INCREMENT=17;
--
-- AUTO_INCREMENT for table `good_receive_notes`
--
ALTER TABLE `good_receive_notes`
  MODIFY `id` int(20) NOT NULL AUTO_INCREMENT,AUTO_INCREMENT=1645;
--
-- AUTO_INCREMENT for table `good_receive_note_rows`
--
ALTER TABLE `good_receive_note_rows`
  MODIFY `id` int(20) NOT NULL AUTO_INCREMENT,AUTO_INCREMENT=1645;
--
-- AUTO_INCREMENT for table `issue_slips`
--
ALTER TABLE `issue_slips`
  MODIFY `id` int(20) NOT NULL AUTO_INCREMENT;
--
-- AUTO_INCREMENT for table `issue_slip_rows`
--
ALTER TABLE `issue_slip_rows`
  MODIFY `id` int(20) NOT NULL AUTO_INCREMENT;
--
-- AUTO_INCREMENT for table `material_transfer_slips`
--
ALTER TABLE `material_transfer_slips`
  MODIFY `id` int(20) NOT NULL AUTO_INCREMENT;
--
-- AUTO_INCREMENT for table `material_transfer_slip_rows`
--
ALTER TABLE `material_transfer_slip_rows`
  MODIFY `id` int(20) NOT NULL AUTO_INCREMENT;
--
-- AUTO_INCREMENT for table `menus`
--
ALTER TABLE `menus`
  MODIFY `id` int(11) NOT NULL AUTO_INCREMENT,AUTO_INCREMENT=79;
--
-- AUTO_INCREMENT for table `purchase_orders`
--
ALTER TABLE `purchase_orders`
  MODIFY `id` int(20) NOT NULL AUTO_INCREMENT,AUTO_INCREMENT=5;
--
-- AUTO_INCREMENT for table `purchase_order_rows`
--
ALTER TABLE `purchase_order_rows`
  MODIFY `id` int(20) NOT NULL AUTO_INCREMENT,AUTO_INCREMENT=5;
--
-- AUTO_INCREMENT for table `request_slips`
--
ALTER TABLE `request_slips`
  MODIFY `id` int(20) NOT NULL AUTO_INCREMENT,AUTO_INCREMENT=2;
--
-- AUTO_INCREMENT for table `request_slip_rows`
--
ALTER TABLE `request_slip_rows`
  MODIFY `id` int(20) NOT NULL AUTO_INCREMENT,AUTO_INCREMENT=2;
--
-- AUTO_INCREMENT for table `requisition_slips`
--
ALTER TABLE `requisition_slips`
  MODIFY `id` int(20) NOT NULL AUTO_INCREMENT,AUTO_INCREMENT=8;
--
-- AUTO_INCREMENT for table `requisition_slip_rows`
--
ALTER TABLE `requisition_slip_rows`
  MODIFY `id` int(20) NOT NULL AUTO_INCREMENT,AUTO_INCREMENT=17;
--
-- AUTO_INCREMENT for table `return_slips`
--
ALTER TABLE `return_slips`
  MODIFY `id` int(20) NOT NULL AUTO_INCREMENT;
--
-- AUTO_INCREMENT for table `return_slip_rows`
--
ALTER TABLE `return_slip_rows`
  MODIFY `id` int(20) NOT NULL AUTO_INCREMENT;
--
-- AUTO_INCREMENT for table `roles`
--
ALTER TABLE `roles`
  MODIFY `id` int(20) NOT NULL AUTO_INCREMENT,AUTO_INCREMENT=12;
--
-- AUTO_INCREMENT for table `row_materials`
--
ALTER TABLE `row_materials`
  MODIFY `id` int(20) NOT NULL AUTO_INCREMENT,AUTO_INCREMENT=1642;
--
-- AUTO_INCREMENT for table `row_material_categories`
--
ALTER TABLE `row_material_categories`
  MODIFY `id` int(10) NOT NULL AUTO_INCREMENT,AUTO_INCREMENT=6;
--
-- AUTO_INCREMENT for table `states`
--
ALTER TABLE `states`
  MODIFY `id` int(10) NOT NULL AUTO_INCREMENT,AUTO_INCREMENT=76;
--
-- AUTO_INCREMENT for table `stock_ledgers`
--
ALTER TABLE `stock_ledgers`
  MODIFY `id` int(20) NOT NULL AUTO_INCREMENT,AUTO_INCREMENT=7;
--
-- AUTO_INCREMENT for table `units`
--
ALTER TABLE `units`
  MODIFY `id` int(10) NOT NULL AUTO_INCREMENT,AUTO_INCREMENT=12;
--
-- AUTO_INCREMENT for table `user_rights`
--
ALTER TABLE `user_rights`
  MODIFY `id` int(11) NOT NULL AUTO_INCREMENT,AUTO_INCREMENT=18;
--
-- AUTO_INCREMENT for table `vendors`
--
ALTER TABLE `vendors`
  MODIFY `id` int(20) NOT NULL AUTO_INCREMENT,AUTO_INCREMENT=2;
/*!40101 SET CHARACTER_SET_CLIENT=@OLD_CHARACTER_SET_CLIENT */;
/*!40101 SET CHARACTER_SET_RESULTS=@OLD_CHARACTER_SET_RESULTS */;
/*!40101 SET COLLATION_CONNECTION=@OLD_COLLATION_CONNECTION */;
